Timestamp(ms),Current(uA),D0-D7
7312,18219.787,00000000
7313,17872.609,00000000
7314,15366.165,00000000
7315,13421.539,00000000
7316,12737.674,00000000
7317,12477.821,00000000
7318,12546.190,00000000
7319,13220.420,00000000
7320,12648.517,00000000
7321,12450.702,00000000
7322,12429.484,00000000
7323,12492.399,00000000
7324,12499.904,00000000
7325,12499.052,00000000
7326,12476.720,00000000
7327,12470.990,00000000
7328,12446.008,00000000
7329,12439.529,00000000
7330,12426.469,00000000
7331,12406.865,00000000
7332,12392.232,00000000
7333,12420.844,00000000
7334,12422.848,00000000
7335,12407.630,00000000
7336,12410.677,00000000
7337,12418.851,00000000
7338,12436.915,00000000
7339,12413.462,00000000
7340,12370.589,00000000
7341,12352.966,00000000
7342,12368.499,00000000
7343,12326.317,00000000
7344,12323.440,00000000
7345,12306.756,00000000
7346,12293.757,00000000
7347,12313.145,00000000
7348,12301.047,00000000
7349,12870.022,00000000
7350,12529.303,00000000
7351,12822.852,00000000
7352,12544.732,00000000
7353,12704.255,00000000
7354,12874.366,00000000
7355,12593.174,00000000
7356,12956.583,00000000
7357,12581.020,00000000
7358,12796.077,00000000
7359,12518.846,00000000
7360,12694.281,00000000
7361,12951.151,00000000
7362,12612.439,00000000
7363,12927.780,00000000
7364,12578.438,00000000
7365,12792.331,00000000
7366,12510.842,00000000
7367,12687.775,00000000
7368,13014.358,00000000
7369,12631.527,00000000
7370,13937.986,00000000
7371,14562.959,00000000
7372,15194.747,00000000
7373,15107.123,00000000
7374,16659.307,00000000
7375,22465.816,00000000
7376,24177.090,00000000
7377,19507.229,00000000
7378,18669.969,00000000
7379,23519.086,00000000
7380,24274.863,00000000
7381,19454.049,00000000
7382,18870.160,00000000
7383,23734.881,00000000
7384,24609.145,00000000
7385,19648.613,00000000
7386,18809.770,00000000
7387,23547.430,00000000
7388,24217.420,00000000
7389,19388.393,00000000
7390,18950.031,00000000
7391,23849.539,00000000
7392,24572.020,00000000
7393,19412.613,00000000
7394,18887.896,00000000
7395,23758.783,00000000
7396,24192.299,00000000
7397,19295.055,00000000
7398,18971.814,00000000
7399,23896.938,00000000
7400,24539.408,00000000
7401,19336.496,00000000
7402,18923.777,00000000
7403,23629.695,00000000
7404,24095.771,00000000
7405,19087.938,00000000
7406,18995.752,00000000
7407,23927.264,00000000
7408,24476.158,00000000
7409,19380.402,00000000
7410,18964.904,00000000
7411,23829.404,00000000
7412,24122.189,00000000
7413,19055.055,00000000
7414,19134.328,00000000
7415,23980.859,00000000
7416,24412.020,00000000
7417,19342.799,00000000
7418,19022.789,00000000
7419,23884.031,00000000
7420,24138.527,00000000
7421,19131.061,00000000
7422,19148.295,00000000
7423,24039.777,00000000
7424,24343.701,00000000
7425,19154.135,00000000
7426,19061.361,00000000
7427,23806.486,00000000
7428,24047.348,00000000
7429,19092.916,00000000
7430,19166.316,00000000
7431,24073.168,00000000
7432,24317.768,00000000
7433,18975.627,00000000
7434,19150.508,00000000
7435,23860.234,00000000
7436,24018.770,00000000
7437,18994.809,00000000
7438,19192.129,00000000
7439,24081.699,00000000
7440,24090.014,00000000
7441,19084.453,00000000
7442,19216.635,00000000
7443,24012.891,00000000
7444,24101.547,00000000
7445,18870.859,00000000
7446,19334.018,00000000
7447,24116.654,00000000
7448,24076.576,00000000
7449,19103.482,00000000
7450,19322.939,00000000
7451,24132.949,00000000
7452,24044.189,00000000
7453,18866.033,00000000
7454,19268.109,00000000
7455,24182.572,00000000
7456,24100.670,00000000
7457,18844.340,00000000
7458,19120.070,00000000
7459,24054.697,00000000
7460,23912.051,00000000
7461,18921.383,00000000
7462,19415.898,00000000
7463,24233.061,00000000
7464,24026.828,00000000
7465,18823.996,00000000
7466,19455.428,00000000
7467,24128.457,00000000
7468,23911.086,00000000
7469,18844.422,00000000
7470,19467.129,00000000
7471,24337.828,00000000
7472,23984.197,00000000
7473,18858.096,00000000
7474,19411.154,00000000
7475,24087.943,00000000
7476,23728.973,00000000
7477,18683.854,00000000
7478,19485.436,00000000
7479,24326.031,00000000
7480,23848.730,00000000
7481,18661.738,00000000
7482,19404.320,00000000
7483,24163.285,00000000
7484,23649.938,00000000
7485,18647.518,00000000
7486,19554.561,00000000
7487,24352.297,00000000
7488,23707.088,00000000
7489,18540.645,00000000
7490,19495.172,00000000
7491,24245.244,00000000
7492,23665.543,00000000
7493,18689.352,00000000
7494,19585.000,00000000
7495,24365.063,00000000
7496,23707.025,00000000
7497,18731.750,00000000
7498,19586.920,00000000
7499,24320.859,00000000
7500,23483.166,00000000
7501,18679.268,00000000
7502,19598.252,00000000
7503,24430.455,00000000
7504,23641.480,00000000
7505,18672.053,00000000
7506,19653.303,00000000
7507,24393.484,00000000
7508,23457.512,00000000
7509,18657.602,00000000
7510,19743.006,00000000
7511,24450.025,00000000
7512,23544.148,00000000
7513,18650.920,00000000
7514,19708.422,00000000
7515,24405.438,00000000
7516,23329.371,00000000
7517,18516.932,00000000
7518,19838.137,00000000
7519,24513.047,00000000
7520,23436.869,00000000
7521,18537.992,00000000
7522,19865.658,00000000
7523,24437.289,00000000
7524,23387.465,00000000
7525,18374.107,00000000
7526,19877.807,00000000
7527,24574.920,00000000
7528,23280.178,00000000
7529,18461.367,00000000
7530,19803.104,00000000
7531,24359.908,00000000
7532,23350.855,00000000
7533,18279.471,00000000
7534,19948.785,00000000
7535,24488.957,00000000
7536,23282.219,00000000
7537,18340.785,00000000
7538,19877.926,00000000
7539,24564.492,00000000
7540,23267.553,00000000
7541,18406.982,00000000
7542,19995.461,00000000
7543,24640.393,00000000
7544,23254.020,00000000
7545,18285.338,00000000
7546,20035.695,00000000
7547,24505.588,00000000
7548,23148.625,00000000
7549,18455.047,00000000
7550,20070.510,00000000
7551,24648.695,00000000
7552,23217.092,00000000
7553,18264.959,00000000
7554,20054.057,00000000
7555,24507.029,00000000
7556,22928.320,00000000
7557,18352.426,00000000
7558,20187.006,00000000
7559,24647.596,00000000
7560,23117.441,00000000
7561,18440.115,00000000
7562,20210.898,00000000
7563,24566.846,00000000
7564,23000.510,00000000
7565,18231.135,00000000
7566,20143.949,00000000
7567,24743.998,00000000
7568,22949.188,00000000
7569,18352.695,00000000
7570,20233.066,00000000
7571,24615.375,00000000
7572,22992.639,00000000
7573,18191.193,00000000
7574,20301.846,00000000
7575,24725.297,00000000
7576,23032.174,00000000
7577,18213.127,00000000
7578,20337.863,00000000
7579,24744.693,00000000
7580,22892.645,00000000
7581,18237.270,00000000
7582,20332.701,00000000
7583,24823.367,00000000
7584,22928.852,00000000
7585,18235.232,00000000
7586,20378.105,00000000
7587,24662.639,00000000
7588,22716.781,00000000
7589,18277.955,00000000
7590,20346.355,00000000
7591,24730.318,00000000
7592,22806.457,00000000
7593,18113.871,00000000
7594,20489.719,00000000
7595,24811.760,00000000
7596,22662.813,00000000
7597,18203.252,00000000
7598,20477.898,00000000
7599,24835.371,00000000
7600,22703.277,00000000
7601,18110.891,00000000
7602,20528.270,00000000
7603,24833.604,00000000
7604,22703.047,00000000
7605,18216.453,00000000
7606,20540.160,00000000
7607,24887.695,00000000
7608,22544.551,00000000
7609,18200.334,00000000
7610,20580.861,00000000
7611,24662.188,00000000
7612,22638.662,00000000
7613,18165.219,00000000
7614,20616.709,00000000
7615,24842.525,00000000
7616,22518.543,00000000
7617,18199.906,00000000
7618,20622.094,00000000
7619,24928.328,00000000
7620,22555.131,00000000
7621,18087.594,00000000
7622,20770.307,00000000
7623,24945.400,00000000
7624,22537.492,00000000
7625,18140.209,00000000
7626,20747.127,00000000
7627,24753.293,00000000
7628,22418.078,00000000
7629,18035.832,00000000
7630,20794.615,00000000
7631,24921.621,00000000
7632,22445.898,00000000
7633,18135.684,00000000
7634,20813.723,00000000
7635,24774.314,00000000
7636,22352.451,00000000
7637,17958.293,00000000
7638,20889.205,00000000
7639,24867.008,00000000
7640,22381.367,00000000
7641,18083.494,00000000
7642,20864.078,00000000
7643,24939.646,00000000
7644,22267.049,00000000
7645,18025.727,00000000
7646,20984.170,00000000
7647,24917.209,00000000
7648,22401.695,00000000
7649,18062.635,00000000
7650,20918.611,00000000
7651,24924.344,00000000
7652,22072.539,00000000
7653,18036.146,00000000
7654,20975.459,00000000
7655,24904.254,00000000
7656,22182.480,00000000
7657,17928.604,00000000
7658,21027.066,00000000
7659,24931.527,00000000
7660,22060.275,00000000
7661,18068.703,00000000
7662,21144.623,00000000
7663,25000.322,00000000
7664,22126.520,00000000
7665,17969.385,00000000
7666,21063.186,00000000
7667,24877.781,00000000
7668,21946.828,00000000
7669,18051.223,00000000
7670,21171.650,00000000
7671,24900.840,00000000
7672,21991.723,00000000
7673,17995.121,00000000
7674,21214.453,00000000
7675,24995.277,00000000
7676,22087.363,00000000
7677,18056.838,00000000
7678,21238.525,00000000
7679,24969.549,00000000
7680,21862.156,00000000
7681,18076.988,00000000
7682,21231.979,00000000
7683,24888.420,00000000
7684,21995.889,00000000
7685,17970.729,00000000
7686,21298.285,00000000
7687,24943.570,00000000
7688,21697.467,00000000
7689,17999.945,00000000
7690,21339.193,00000000
7691,25010.623,00000000
7692,21874.660,00000000
7693,17878.164,00000000
7694,21398.328,00000000
7695,25032.729,00000000
7696,21805.328,00000000
7697,18006.482,00000000
7698,21393.316,00000000
7699,24946.516,00000000
7700,21727.861,00000000
7701,18012.754,00000000
7702,21471.070,00000000
7703,25042.584,00000000
7704,21794.904,00000000
7705,17964.910,00000000
7706,21486.254,00000000
7707,24913.584,00000000
7708,21606.346,00000000
7709,18013.195,00000000
7710,21555.330,00000000
7711,24999.428,00000000
7712,21743.576,00000000
7713,17816.844,00000000
7714,21607.342,00000000
7715,25035.990,00000000
7716,21480.518,00000000
7717,18046.504,00000000
7718,21616.604,00000000
7719,24940.107,00000000
7720,21597.826,00000000
7721,18000.291,00000000
7722,21626.293,00000000
7723,24940.070,00000000
7724,21344.502,00000000
7725,17961.035,00000000
7726,21702.494,00000000
7727,25002.445,00000000
7728,21417.365,00000000
7729,18053.689,00000000
7730,21672.398,00000000
7731,24917.242,00000000
7732,21472.188,00000000
7733,18077.822,00000000
7734,21769.729,00000000
7735,24989.242,00000000
7736,21251.416,00000000
7737,18019.834,00000000
7738,21794.229,00000000
7739,24943.715,00000000
7740,21332.512,00000000
7741,18057.988,00000000
7742,21789.551,00000000
7743,25035.090,00000000
7744,21226.441,00000000
7745,17961.492,00000000
7746,21866.992,00000000
7747,24987.844,00000000
7748,21350.734,00000000
7749,18114.385,00000000
7750,21949.113,00000000
7751,24962.662,00000000
7752,21145.537,00000000
7753,17991.752,00000000
7754,21895.846,00000000
7755,24992.336,00000000
7756,21232.135,00000000
7757,18117.533,00000000
7758,21978.070,00000000
7759,24955.348,00000000
7760,21158.188,00000000
7761,18072.910,00000000
7762,22032.639,00000000
7763,24920.691,00000000
7764,21074.180,00000000
7765,18009.912,00000000
7766,22058.117,00000000
7767,24986.607,00000000
7768,21182.730,00000000
7769,18098.854,00000000
7770,22106.096,00000000
7771,24937.244,00000000
7772,21003.641,00000000
7773,18133.773,00000000
7774,22131.961,00000000
7775,24917.713,00000000
7776,21070.018,00000000
7777,18108.492,00000000
7778,22113.885,00000000
7779,24801.311,00000000
7780,20822.908,00000000
7781,18091.148,00000000
7782,22144.270,00000000
7783,25020.207,00000000
7784,21009.535,00000000
7785,18128.055,00000000
7786,22157.268,00000000
7787,24863.379,00000000
7788,20959.883,00000000
7789,18126.492,00000000
7790,22305.643,00000000
7791,24884.273,00000000
7792,20849.557,00000000
7793,18250.012,00000000
7794,22298.566,00000000
7795,24895.209,00000000
7796,20914.018,00000000
7797,18069.742,00000000
7798,22352.031,00000000
7799,24922.605,00000000
7800,20686.043,00000000
7801,18211.225,00000000
7802,22376.129,00000000
7803,24955.268,00000000
7804,20865.059,00000000
7805,18182.449,00000000
7806,22381.514,00000000
7807,24906.686,00000000
7808,20565.410,00000000
7809,18206.516,00000000
7810,22444.492,00000000
7811,24826.824,00000000
7812,20768.875,00000000
7813,18219.363,00000000
7814,22464.906,00000000
7815,24912.084,00000000
7816,20487.164,00000000
7817,18196.752,00000000
7818,22509.154,00000000
7819,24802.205,00000000
7820,20644.555,00000000
7821,18279.213,00000000
7822,22493.328,00000000
7823,24807.320,00000000
7824,20432.055,00000000
7825,18267.039,00000000
7826,22561.766,00000000
7827,24901.727,00000000
7828,20544.936,00000000
7829,18290.047,00000000
7830,22648.260,00000000
7831,24846.164,00000000
7832,20249.264,00000000
7833,18345.537,00000000
7834,22565.039,00000000
7835,24801.533,00000000
7836,20461.111,00000000
7837,18240.625,00000000
7838,22707.418,00000000
7839,24835.730,00000000
7840,20350.451,00000000
7841,18338.129,00000000
7842,22801.357,00000000
7843,24732.889,00000000
7844,20351.295,00000000
7845,18353.430,00000000
7846,22649.758,00000000
7847,24795.400,00000000
7848,20368.074,00000000
7849,18341.506,00000000
7850,22740.838,00000000
7851,24699.896,00000000
7852,20212.979,00000000
7853,18376.078,00000000
7854,22874.555,00000000
7855,24657.568,00000000
7856,20349.084,00000000
7857,18292.598,00000000
7858,22862.074,00000000
7859,24688.258,00000000
7860,20060.719,00000000
7861,18381.145,00000000
7862,22853.264,00000000
7863,24818.721,00000000
7864,20262.578,00000000
7865,18395.438,00000000
7866,22870.051,00000000
7867,24684.410,00000000
7868,20002.135,00000000
7869,18417.920,00000000
7870,22973.492,00000000
7871,24720.199,00000000
7872,20123.746,00000000
7873,18471.676,00000000
7874,23030.607,00000000
7875,24729.748,00000000
7876,19937.129,00000000
7877,18407.555,00000000
7878,23011.068,00000000
7879,24621.756,00000000
7880,20067.213,00000000
7881,18457.918,00000000
7882,23056.563,00000000
7883,24539.266,00000000
7884,19742.285,00000000
7885,18503.760,00000000
7886,23080.451,00000000
7887,24612.363,00000000
7888,19985.383,00000000
7889,18438.854,00000000
7890,23104.295,00000000
7891,24689.707,00000000
7892,19725.869,00000000
7893,18615.375,00000000
7894,23074.813,00000000
7895,24568.846,00000000
7896,19844.516,00000000
7897,18492.172,00000000
7898,23276.674,00000000
7899,24593.215,00000000
7900,19610.496,00000000
7901,18586.664,00000000
7902,23207.076,00000000
7903,24525.697,00000000
7904,19789.170,00000000
7905,18631.172,00000000
7906,23272.846,00000000
7907,24425.600,00000000
7908,19589.406,00000000
7909,18494.787,00000000
7910,23273.219,00000000
7911,24553.311,00000000
7912,19736.086,00000000
7913,18675.152,00000000
7914,23383.006,00000000
7915,24611.387,00000000
7916,19670.070,00000000
7917,18646.121,00000000
7918,23417.193,00000000
7919,24397.865,00000000
7920,19548.959,00000000
7921,18609.439,00000000
7922,23291.848,00000000
7923,24469.873,00000000
7924,19635.613,00000000
7925,18678.586,00000000
7926,23436.918,00000000
7927,24374.723,00000000
7928,19422.182,00000000
7929,18673.998,00000000
7930,23553.797,00000000
7931,24466.906,00000000
7932,19586.459,00000000
7933,18757.471,00000000
7934,23504.451,00000000
7935,24374.301,00000000
7936,19362.514,00000000
7937,18797.529,00000000
7938,23433.281,00000000
7939,24326.650,00000000
7940,19547.148,00000000
7941,18801.670,00000000
7942,23628.920,00000000
7943,24402.604,00000000
7944,19284.609,00000000
7945,18790.762,00000000
7946,23644.242,00000000
7947,24352.906,00000000
7948,19454.092,00000000
7949,18861.057,00000000
7950,23531.883,00000000
7951,24292.852,00000000
7952,19158.027,00000000
7953,18873.123,00000000
7954,23758.619,00000000
7955,24271.582,00000000
7956,19420.746,00000000
7957,18946.293,00000000
7958,23693.574,00000000
7959,24248.604,00000000
7960,19099.125,00000000
7961,18852.244,00000000
7962,23729.885,00000000
7963,24300.344,00000000
7964,19302.438,00000000
7965,18952.914,00000000
7966,23696.752,00000000
7967,24187.479,00000000
7968,19148.197,00000000
7969,18960.881,00000000
7970,23703.273,00000000
7971,24116.109,00000000
7972,19197.857,00000000
7973,18940.344,00000000
7974,23795.582,00000000
7975,24182.535,00000000
7976,19154.945,00000000
7977,18999.258,00000000
7978,23822.238,00000000
7979,24086.266,00000000
7980,19096.236,00000000
7981,19032.756,00000000
7982,23831.473,00000000
7983,24094.688,00000000
7984,18991.086,00000000
7985,19032.264,00000000
7986,23886.457,00000000
7987,24054.152,00000000
7988,19087.686,00000000
7989,19154.109,00000000
7990,23900.986,00000000
7991,24089.553,00000000
7992,19104.488,00000000
7993,19071.322,00000000
7994,23915.375,00000000
7995,24075.848,00000000
7996,18920.008,00000000
7997,19149.328,00000000
7998,24005.715,00000000
7999,24028.732,00000000
8000,18970.049,00000000
8001,19122.723,00000000
8002,24000.287,00000000
8003,23971.107,00000000
8004,18852.160,00000000
8005,19162.900,00000000
8006,23979.242,00000000
8007,23876.604,00000000
8008,19017.498,00000000
8009,19247.961,00000000
8010,23947.807,00000000
8011,23934.965,00000000
8012,18771.305,00000000
8013,19301.004,00000000
8014,24118.266,00000000
8015,23880.211,00000000
8016,18877.174,00000000
8017,19311.756,00000000
8018,24098.441,00000000
8019,23886.193,00000000
8020,18701.498,00000000
8021,19382.605,00000000
8022,24032.697,00000000
8023,23875.014,00000000
8024,18847.098,00000000
8025,19292.504,00000000
8026,24212.102,00000000
8027,23789.574,00000000
8028,18658.715,00000000
8029,19371.094,00000000
8030,24112.361,00000000
8031,23793.070,00000000
8032,18772.664,00000000
8033,19399.762,00000000
8034,24100.719,00000000
8035,23683.020,00000000
8036,18658.912,00000000
8037,19381.012,00000000
8038,24286.215,00000000
8039,23791.932,00000000
8040,18739.648,00000000
8041,19469.365,00000000
8042,24236.734,00000000
8043,23688.898,00000000
8044,18670.449,00000000
8045,19453.617,00000000
8046,24173.326,00000000
8047,23655.166,00000000
8048,18657.367,00000000
8049,19471.266,00000000
8050,24351.709,00000000
8051,23717.570,00000000
8052,18707.080,00000000
8053,19577.635,00000000
8054,24377.514,00000000
8055,23563.455,00000000
8056,18517.873,00000000
8057,19575.559,00000000
8058,24287.938,00000000
8059,23641.316,00000000
8060,18656.047,00000000
8061,19635.998,00000000
8062,24302.988,00000000
8063,23458.275,00000000
8064,18487.080,00000000
8065,19648.996,00000000
8066,24424.002,00000000
8067,23560.520,00000000
8068,18625.885,00000000
8069,19708.936,00000000
8070,24370.785,00000000
8071,23469.213,00000000
8072,18378.801,00000000
8073,19674.238,00000000
8074,24352.350,00000000
8075,23451.379,00000000
8076,18611.734,00000000
8077,19771.523,00000000
8078,24479.117,00000000
8079,23457.939,00000000
8080,18368.955,00000000
8081,19718.820,00000000
8082,24423.025,00000000
8083,23365.615,00000000
8084,18572.594,00000000
8085,19862.063,00000000
8086,24498.742,00000000
8087,23405.971,00000000
8088,18306.738,00000000
8089,19831.037,00000000
8090,24489.865,00000000
8091,23239.127,00000000
8092,18477.449,00000000
8093,19878.498,00000000
8094,24441.508,00000000
8095,23378.588,00000000
8096,18322.000,00000000
8097,19875.359,00000000
8098,24564.141,00000000
8099,23162.438,00000000
8100,18480.887,00000000
8101,19863.408,00000000
8102,24518.133,00000000
8103,23234.725,00000000
8104,18226.201,00000000
8105,20016.682,00000000
8106,24644.021,00000000
8107,23099.982,00000000
8108,18429.047,00000000
8109,20007.131,00000000
8110,24523.311,00000000
8111,23128.422,00000000
8112,18250.230,00000000
8113,20040.383,00000000
8114,24663.146,00000000
8115,23122.549,00000000
8116,18371.873,00000000
8117,20061.379,00000000
8118,24497.049,00000000
8119,23097.020,00000000
8120,18155.488,00000000
8121,20072.723,00000000
8122,24691.332,00000000
8123,22918.826,00000000
8124,18366.070,00000000
8125,20199.367,00000000
8126,24617.883,00000000
8127,23002.996,00000000
8128,18144.961,00000000
8129,20197.668,00000000
8130,24719.773,00000000
8131,22943.285,00000000
8132,18340.508,00000000
8133,20244.084,00000000
8134,24590.006,00000000
8135,22906.129,00000000
8136,18203.863,00000000
8137,20219.447,00000000
8138,24696.141,00000000
8139,22908.307,00000000
8140,18285.965,00000000
8141,20280.963,00000000
8142,24796.770,00000000
8143,22872.195,00000000
8144,18201.270,00000000
8145,20375.518,00000000
8146,24749.445,00000000
8147,22925.078,00000000
8148,18256.365,00000000
8149,20414.367,00000000
8150,24699.533,00000000
8151,22713.402,00000000
8152,18305.652,00000000
8153,20357.654,00000000
8154,24728.834,00000000
8155,22827.131,00000000
8156,18127.209,00000000
8157,20495.541,00000000
8158,24847.150,00000000
8159,22684.709,00000000
8160,18277.705,00000000
8161,20535.504,00000000
8162,24760.561,00000000
8163,22693.928,00000000
8164,18097.459,00000000
8165,20532.514,00000000
8166,24767.227,00000000
8167,22654.184,00000000
8168,18200.820,00000000
8169,20584.838,00000000
8170,24844.736,00000000
8171,22630.385,00000000
8172,18042.635,00000000
8173,20660.320,00000000
8174,24746.160,00000000
8175,22546.082,00000000
8176,18147.793,00000000
8177,20568.535,00000000
8178,24897.621,00000000
8179,22525.314,00000000
8180,18083.756,00000000
8181,20573.949,00000000
8182,24846.941,00000000
8183,22579.447,00000000
8184,18122.775,00000000
8185,20727.982,00000000
8186,24873.359,00000000
8187,22359.496,00000000
8188,18117.537,00000000
8189,20677.746,00000000
8190,24790.609,00000000
8191,22438.879,00000000
8192,18063.475,00000000
8193,20782.898,00000000
8194,24860.043,00000000
8195,22263.971,00000000
8196,18117.893,00000000
8197,20779.752,00000000
8198,24929.326,00000000
8199,22389.096,00000000
8200,17971.574,00000000
8201,20766.205,00000000
8202,24956.074,00000000
8203,22330.139,00000000
8204,18112.109,00000000
8205,20857.281,00000000
8206,24835.682,00000000
8207,22281.129,00000000
8208,17947.057,00000000
8209,20978.447,00000000
8210,24985.027,00000000
8211,22277.723,00000000
8212,18103.836,00000000
8213,20953.936,00000000
8214,24920.105,00000000
8215,22170.660,00000000
8216,17882.109,00000000
8217,21037.107,00000000
8218,24940.680,00000000
8219,22183.518,00000000
8220,18086.348,00000000
8221,20995.682,00000000
8222,24903.346,00000000
8223,22082.373,00000000
8224,17966.166,00000000
8225,21015.896,00000000
8226,24930.664,00000000
8227,22088.826,00000000
8228,18072.121,00000000
8229,21120.900,00000000
8230,24900.568,00000000
8231,22052.752,00000000
8232,17979.100,00000000
8233,21119.557,00000000
8234,25030.736,00000000
8235,22077.252,00000000
8236,18070.309,00000000
8237,21213.527,00000000
8238,24908.131,00000000
8239,22003.049,00000000
8240,17914.986,00000000
8241,21200.670,00000000
8242,24973.568,00000000
8243,21974.328,00000000
8244,18029.535,00000000
8245,21234.400,00000000
8246,24979.904,00000000
8247,21862.369,00000000
8248,17975.979,00000000
8249,21320.738,00000000
8250,24978.871,00000000
8251,21911.459,00000000
8252,17999.375,00000000
8253,21291.238,00000000
8254,24954.629,00000000
8255,21868.021,00000000
8256,17919.584,00000000
8257,21352.467,00000000
8258,24888.230,00000000
8259,21745.180,00000000
8260,17963.758,00000000
8261,21384.139,00000000
8262,24986.984,00000000
8263,21735.611,00000000
8264,17956.619,00000000
8265,21403.605,00000000
8266,24944.484,00000000
8267,21670.059,00000000
8268,17955.693,00000000
8269,21532.992,00000000
8270,25029.961,00000000
8271,21679.383,00000000
8272,18002.320,00000000
8273,21510.273,00000000
8274,24935.828,00000000
8275,21649.996,00000000
8276,17941.031,00000000
8277,21537.338,00000000
8278,24924.313,00000000
8279,21619.164,00000000
8280,17969.152,00000000
8281,21538.535,00000000
8282,25002.750,00000000
8283,21413.438,00000000
8284,17990.158,00000000
8285,21595.902,00000000
8286,24903.656,00000000
8287,21615.924,00000000
8288,17979.799,00000000
8289,21662.934,00000000
8290,25026.170,00000000
8291,21305.818,00000000
8292,17889.211,00000000
8293,21688.527,00000000
8294,24939.439,00000000
8295,21447.605,00000000
8296,18022.834,00000000
8297,21693.361,00000000
8298,24966.977,00000000
8299,21238.592,00000000
8300,17963.422,00000000
8301,21780.875,00000000
8302,24934.537,00000000
8303,21312.102,00000000
8304,17956.703,00000000
8305,21714.750,00000000
8306,24957.629,00000000
8307,21213.877,00000000
8308,17995.273,00000000
8309,21874.047,00000000
8310,24946.006,00000000
8311,21320.590,00000000
8312,18088.537,00000000
8313,21929.752,00000000
8314,24943.859,00000000
8315,21058.189,00000000
8316,18033.527,00000000
8317,21941.596,00000000
8318,24987.037,00000000
8319,21225.375,00000000
8320,18156.355,00000000
8321,21909.139,00000000
8322,24997.932,00000000
8323,20990.068,00000000
8324,18030.801,00000000
8325,22000.965,00000000
8326,24890.768,00000000
8327,21170.195,00000000
8328,18118.209,00000000
8329,21993.518,00000000
8330,24919.402,00000000
8331,20943.590,00000000
8332,18128.240,00000000
8333,22065.039,00000000
8334,24960.422,00000000
8335,21184.957,00000000
8336,18123.529,00000000
8337,22157.814,00000000
8338,24922.855,00000000
8339,20856.656,00000000
8340,18123.316,00000000
8341,22211.133,00000000
8342,25031.625,00000000
8343,21089.107,00000000
8344,18097.316,00000000
8345,22237.174,00000000
8346,24868.457,00000000
8347,20843.445,00000000
8348,18114.313,00000000
8349,22184.586,00000000
8350,24890.271,00000000
8351,20959.238,00000000
8352,18112.018,00000000
8353,22323.426,00000000
8354,24996.918,00000000
8355,20903.502,00000000
8356,18102.801,00000000
8357,22276.982,00000000
8358,24938.223,00000000
8359,20833.578,00000000
8360,18204.260,00000000
8361,22307.412,00000000
8362,24931.432,00000000
8363,17632.303,00000000
8364,14273.534,00000000
8365,13026.249,00000000
8366,12608.063,00000000
8367,12427.960,00000000
8368,12346.460,00000000
8369,12341.307,00000000
8370,12316.956,00000000
8371,12321.144,00000000
8372,12329.133,00000000
8373,12328.649,00000000
8374,12325.880,00000000
8375,12301.784,00000000
8376,12301.718,00000000
8377,12298.476,00000000
8378,12316.355,00000000
8379,12317.073,00000000
8380,12307.111,00000000
8381,12295.347,00000000
8382,12316.518,00000000
8383,12307.942,00000000
8384,12325.631,00000000
8385,12298.776,00000000
8386,12291.662,00000000
8387,12309.888,00000000
8388,12297.057,00000000
8389,12323.371,00000000
8390,12296.219,00000000
8391,12322.432,00000000
8392,12314.403,00000000
8393,12320.587,00000000
8394,12329.564,00000000
8395,12328.781,00000000
8396,12315.034,00000000
8397,12328.031,00000000
8398,12315.417,00000000
8399,12311.957,00000000
8400,12308.938,00000000
8401,12290.213,00000000
8402,12320.271,00000000
8403,12343.059,00000000
8404,12318.823,00000000
8405,12320.709,00000000
8406,12332.898,00000000
8407,12320.625,00000000
8408,12333.756,00000000
8409,12310.913,00000000
8410,12317.691,00000000
8411,12317.064,00000000
8412,12321.611,00000000
8413,12335.772,00000000
8414,12295.408,00000000
8415,12298.316,00000000
8416,12301.938,00000000
8417,12322.319,00000000
8418,12346.356,00000000
8419,12313.640,00000000
8420,12311.531,00000000
8421,12285.660,00000000
8422,12306.289,00000000
8423,12340.721,00000000
8424,12327.313,00000000
8425,12332.398,00000000
8426,12307.795,00000000
8427,12326.623,00000000
8428,12350.366,00000000
8429,12325.118,00000000
8430,12303.165,00000000
8431,12305.029,00000000
8432,12299.852,00000000
8433,12310.177,00000000
8434,12313.623,00000000
8435,12301.750,00000000
8436,12337.151,00000000
8437,12311.321,00000000
8438,12307.162,00000000
8439,12312.771,00000000
8440,12292.989,00000000
8441,12316.235,00000000
8442,12342.299,00000000
8443,12327.486,00000000
8444,12368.249,00000000
8445,12327.193,00000000
8446,12347.938,00000000
8447,12319.774,00000000
8448,12338.723,00000000
8449,12336.934,00000000
8450,12327.456,00000000
8451,12332.115,00000000
8452,12328.658,00000000
8453,12358.355,00000000
8454,12344.855,00000000
8455,12341.668,00000000
8456,12363.723,00000000
8457,12326.621,00000000
8458,12360.269,00000000
8459,12353.330,00000000
8460,12313.738,00000000
8461,12339.817,00000000
8462,12322.801,00000000
8463,12328.167,00000000
8464,12346.177,00000000
8465,12338.196,00000000
8466,12313.249,00000000
8467,12330.364,00000000
8468,12337.735,00000000
8469,12319.319,00000000
8470,12332.704,00000000
8471,12312.609,00000000
8472,12294.579,00000000
8473,12314.618,00000000
8474,12357.584,00000000
8475,12337.630,00000000
8476,12332.443,00000000
8477,12340.680,00000000
8478,12328.638,00000000
8479,12341.218,00000000
8480,12336.668,00000000
8481,12352.082,00000000
8482,12333.430,00000000
8483,12347.075,00000000
8484,12349.688,00000000
8485,12347.383,00000000
8486,12360.452,00000000
8487,12361.713,00000000
8488,12338.072,00000000
8489,12321.890,00000000
8490,12343.972,00000000
8491,12350.063,00000000
8492,12340.627,00000000
8493,12338.167,00000000
8494,12353.718,00000000
8495,12341.112,00000000
8496,12333.448,00000000
8497,12343.293,00000000
8498,12338.469,00000000
8499,12343.308,00000000
8500,12336.847,00000000
8501,12333.910,00000000
8502,12351.860,00000000
8503,12333.558,00000000
8504,12359.507,00000000
8505,12354.608,00000000
8506,12368.652,00000000
8507,12381.771,00000000
8508,12350.791,00000000
8509,12383.474,00000000
8510,12367.172,00000000
8511,12372.031,00000000
8512,12363.120,00000000
8513,12364.438,00000000
8514,12364.283,00000000
8515,12376.753,00000000
8516,12372.751,00000000
8517,12388.591,00000000
8518,12316.149,00000000
8519,12341.808,00000000
8520,12368.438,00000000
8521,12401.911,00000000
8522,12388.458,00000000
8523,12353.018,00000000
8524,12358.954,00000000
8525,12384.028,00000000
8526,12366.309,00000000
8527,12366.301,00000000
8528,12366.282,00000000
8529,12366.794,00000000
8530,12350.220,00000000
8531,12370.919,00000000
8532,12356.860,00000000
8533,12339.274,00000000
8534,12345.378,00000000
8535,12355.788,00000000
8536,12378.595,00000000
8537,12361.667,00000000
8538,12338.437,00000000
8539,12323.160,00000000
8540,12359.743,00000000
8541,12358.265,00000000
8542,12358.797,00000000
8543,12358.242,00000000
8544,12343.255,00000000
8545,12332.383,00000000
8546,12361.281,00000000
8547,12360.863,00000000
8548,12337.906,00000000
8549,12332.881,00000000
8550,12342.628,00000000
8551,12359.902,00000000
8552,12372.169,00000000
8553,12366.633,00000000
8554,12317.393,00000000
8555,12352.412,00000000
8556,12356.299,00000000
8557,12348.003,00000000
8558,12349.643,00000000
8559,12332.075,00000000
8560,12335.396,00000000
8561,12356.638,00000000
8562,12346.337,00000000
8563,12321.179,00000000
8564,12342.648,00000000
8565,12318.229,00000000
8566,12352.974,00000000
8567,12303.993,00000000
8568,12358.834,00000000
8569,12332.764,00000000
8570,12312.267,00000000
8571,12323.280,00000000
8572,12318.824,00000000
8573,12319.160,00000000
8574,12304.614,00000000
8575,12296.072,00000000
8576,12295.594,00000000
8577,12295.187,00000000
8578,12338.616,00000000
8579,12321.470,00000000
8580,12302.588,00000000
8581,12342.509,00000000
8582,12326.007,00000000
8583,12351.984,00000000
8584,12332.300,00000000
8585,12313.833,00000000
8586,12305.309,00000000
8587,12321.578,00000000
8588,12322.535,00000000
8589,12327.781,00000000
8590,12313.639,00000000
8591,12328.814,00000000
8592,12343.976,00000000
8593,12306.065,00000000
8594,12318.513,00000000
8595,12330.723,00000000
8596,12325.546,00000000
8597,12307.702,00000000
8598,12337.853,00000000
8599,12346.578,00000000
8600,12326.064,00000000
8601,12310.313,00000000
8602,12329.333,00000000
8603,12317.121,00000000
8604,12298.593,00000000
8605,12289.005,00000000
8606,12291.723,00000000
8607,12323.211,00000000
8608,12323.203,00000000
8609,12330.924,00000000
8610,12325.009,00000000
8611,12328.843,00000000
8612,12306.786,00000000
8613,12339.782,00000000
8614,12310.543,00000000
8615,12320.558,00000000
8616,12296.601,00000000
8617,12308.962,00000000
8618,12324.555,00000000
8619,12309.281,00000000
8620,12337.721,00000000
8621,12280.010,00000000
8622,12324.000,00000000
8623,12330.567,00000000
8624,12335.260,00000000
8625,12329.458,00000000
8626,12288.812,00000000
8627,12324.256,00000000
8628,12338.594,00000000
8629,12303.671,00000000
8630,12319.964,00000000
8631,12310.884,00000000
8632,12324.925,00000000
8633,12312.213,00000000
8634,12326.393,00000000
8635,12316.691,00000000
8636,12291.338,00000000
8637,12302.587,00000000
8638,12320.457,00000000
8639,12319.354,00000000
8640,12320.664,00000000
8641,12287.907,00000000
8642,12310.081,00000000
8643,12328.840,00000000
8644,12345.607,00000000
8645,12323.254,00000000
8646,12320.492,00000000
8647,12307.992,00000000
8648,12315.643,00000000
8649,12301.971,00000000
8650,12306.631,00000000
8651,12309.612,00000000
8652,12303.974,00000000
8653,12324.662,00000000
8654,12313.687,00000000
8655,12321.619,00000000
8656,12304.149,00000000
8657,12308.175,00000000
8658,12308.493,00000000
8659,12292.329,00000000
8660,12328.142,00000000
8661,12332.832,00000000
8662,12286.567,00000000
8663,12322.488,00000000
8664,12310.476,00000000
8665,12348.049,00000000
8666,12326.847,00000000
8667,12312.116,00000000
8668,12324.759,00000000
8669,12306.613,00000000
8670,12296.328,00000000
8671,12317.218,00000000
8672,12309.654,00000000
8673,12295.460,00000000
8674,12327.647,00000000
8675,12338.955,00000000
8676,12312.524,00000000
8677,12307.985,00000000
8678,12338.796,00000000
8679,12343.419,00000000
8680,12338.823,00000000
8681,12303.392,00000000
8682,12287.670,00000000
8683,12322.332,00000000
8684,12323.456,00000000
8685,12311.703,00000000
8686,12340.361,00000000
8687,12313.875,00000000
8688,12290.113,00000000
8689,12329.115,00000000
8690,12332.129,00000000
8691,12328.023,00000000
8692,12335.535,00000000
8693,12297.440,00000000
8694,12295.826,00000000
8695,12264.500,00000000
8696,12302.491,00000000
8697,12297.509,00000000
8698,12310.385,00000000
8699,12332.169,00000000
8700,12285.998,00000000
8701,12313.112,00000000
8702,12293.310,00000000
8703,12298.751,00000000
8704,12307.522,00000000
8705,12306.187,00000000
8706,12351.028,00000000
8707,12296.984,00000000
8708,12314.823,00000000
8709,12322.913,00000000
8710,12324.967,00000000
8711,12345.508,00000000
8712,12340.907,00000000
8713,12315.474,00000000
8714,12335.534,00000000
8715,12330.676,00000000
8716,12328.431,00000000
8717,12331.296,00000000
8718,12311.528,00000000
8719,12303.438,00000000
8720,12299.081,00000000
8721,12303.900,00000000
8722,12340.474,00000000
8723,12300.985,00000000
8724,12311.627,00000000
8725,12313.615,00000000
8726,12312.605,00000000
8727,12300.478,00000000
8728,12302.808,00000000
8729,12299.630,00000000
8730,12305.264,00000000
8731,12286.372,00000000
8732,12318.677,00000000
8733,12301.675,00000000
8734,12251.956,00000000
8735,12311.784,00000000
8736,12304.425,00000000
8737,12321.646,00000000
8738,12306.478,00000000
8739,12279.752,00000000
8740,12295.470,00000000
8741,12277.818,00000000
8742,12313.564,00000000
8743,12323.405,00000000
8744,12297.341,00000000
8745,12302.040,00000000
8746,12327.680,00000000
8747,12311.933,00000000
8748,12307.822,00000000
8749,12277.700,00000000
8750,12314.148,00000000
8751,12304.918,00000000
8752,12301.622,00000000
8753,12334.948,00000000
8754,12266.429,00000000
8755,12296.765,00000000
8756,12303.565,00000000
8757,12302.019,00000000
8758,12307.588,00000000
8759,12288.804,00000000
8760,12319.228,00000000
8761,12322.228,00000000
8762,12311.718,00000000
8763,12303.596,00000000
8764,12314.049,00000000
8765,12319.354,00000000
8766,12325.565,00000000
8767,12325.305,00000000
8768,12323.396,00000000
8769,12304.979,00000000
8770,12324.956,00000000
8771,12318.740,00000000
8772,12333.732,00000000
8773,12304.276,00000000
8774,12303.526,00000000
8775,12325.936,00000000
8776,12300.980,00000000
8777,12329.097,00000000
8778,12333.915,00000000
8779,12321.978,00000000
8780,12344.342,00000000
8781,12330.326,00000000
8782,12330.520,00000000
8783,12331.801,00000000
8784,12346.224,00000000
8785,12289.094,00000000
8786,12311.143,00000000
8787,12325.672,00000000
8788,12288.015,00000000
8789,12331.627,00000000
8790,12322.966,00000000
8791,12335.247,00000000
8792,12327.679,00000000
8793,12303.634,00000000
8794,12338.119,00000000
8795,12337.875,00000000
8796,12351.623,00000000
8797,12349.386,00000000
8798,12345.722,00000000
8799,12356.883,00000000
8800,12316.444,00000000
8801,12336.010,00000000
8802,12310.718,00000000
8803,12373.249,00000000
8804,12365.520,00000000
8805,12317.092,00000000
8806,12326.159,00000000
8807,12314.378,00000000
8808,12334.688,00000000
8809,12315.563,00000000
8810,12325.994,00000000
8811,12337.625,00000000
8812,12353.248,00000000
8813,12300.447,00000000
8814,12321.993,00000000
8815,12334.874,00000000
8816,12341.558,00000000
8817,12346.519,00000000
8818,12334.137,00000000
8819,12325.991,00000000
8820,12305.805,00000000
8821,12328.433,00000000
8822,12323.289,00000000
8823,12297.292,00000000
8824,12311.104,00000000
8825,12330.530,00000000
8826,12304.514,00000000
8827,12354.059,00000000
8828,12324.656,00000000
8829,12338.452,00000000
8830,12335.673,00000000
8831,12298.246,00000000
8832,12337.920,00000000
8833,12340.646,00000000
8834,12317.742,00000000
8835,12334.467,00000000
8836,12328.796,00000000
8837,12335.802,00000000
8838,12323.597,00000000
8839,12322.655,00000000
8840,12350.151,00000000
8841,12314.834,00000000
8842,12320.642,00000000
8843,12301.213,00000000
8844,12311.159,00000000
8845,12321.991,00000000
8846,12360.235,00000000
8847,12359.741,00000000
8848,12344.930,00000000
8849,12335.146,00000000
8850,12334.729,00000000
8851,12319.391,00000000
8852,12306.744,00000000
8853,12331.209,00000000
8854,12757.923,00000000
8855,12544.729,00000000
8856,12386.048,00000000
8857,12328.653,00000000
8858,12352.423,00000000
8859,12321.877,00000000
8860,12314.426,00000000
8861,12337.928,00000000
8862,12308.088,00000000
8863,12302.689,00000000
8864,12308.020,00000000
8865,12296.606,00000000
8866,12318.818,00000000
8867,12303.079,00000000
8868,12311.348,00000000
8869,12314.974,00000000
8870,12325.582,00000000
8871,12722.234,00000000
8872,12452.977,00000000
8873,12677.084,00000000
8874,12956.476,00000000
8875,12605.673,00000000
8876,12848.726,00000000
8877,12547.042,00000000
8878,12746.106,00000000
8879,12479.344,00000000
8880,12642.676,00000000
8881,12949.376,00000000
8882,12565.239,00000000
8883,12829.280,00000000
8884,12502.796,00000000
8885,12704.898,00000000
8886,12466.741,00000000
8887,12616.685,00000000
8888,12938.985,00000000
8889,12566.057,00000000
8890,13254.572,00000000
8891,14229.932,00000000
8892,14654.524,00000000
8893,14814.723,00000000
8894,16316.722,00000000
8895,21344.010,00000000
8896,19924.168,00000000
8897,18585.664,00000000
8898,23585.764,00000000
8899,22156.830,00000000
8900,18551.016,00000000
8901,23239.471,00000000
8902,23456.990,00000000
8903,18648.244,00000000
8904,22090.477,00000000
8905,23994.330,00000000
8906,19122.293,00000000
8907,21030.492,00000000
8908,24674.449,00000000
8909,20046.346,00000000
8910,19923.330,00000000
8911,24284.635,00000000
8912,21108.463,00000000
8913,18992.881,00000000
8914,24093.094,00000000
8915,22451.070,00000000
8916,18626.631,00000000
8917,23119.102,00000000
8918,23146.074,00000000
8919,18543.623,00000000
8920,22181.361,00000000
8921,24249.453,00000000
8922,19169.521,00000000
8923,20968.479,00000000
8924,24416.494,00000000
8925,19804.209,00000000
8926,19987.406,00000000
8927,24495.049,00000000
8928,21306.826,00000000
8929,19218.213,00000000
8930,23943.000,00000000
8931,22268.613,00000000
8932,18778.018,00000000
8933,23229.381,00000000
8934,23347.750,00000000
8935,18637.273,00000000
8936,22131.150,00000000
8937,24058.621,00000000
8938,19014.043,00000000
8939,21057.428,00000000
8940,24558.813,00000000
8941,19912.359,00000000
8942,19985.746,00000000
8943,24487.400,00000000
8944,21112.109,00000000
8945,19300.563,00000000
8946,24059.580,00000000
8947,22386.719,00000000
8948,18707.027,00000000
8949,23181.396,00000000
8950,23319.012,00000000
8951,18672.898,00000000
8952,22123.357,00000000
8953,24122.566,00000000
8954,19171.625,00000000
8955,21659.729,00000000
8956,24286.023,00000000
8957,19413.336,00000000
8958,20559.625,00000000
8959,24583.838,00000000
8960,20631.359,00000000
8961,19527.461,00000000
8962,24302.031,00000000
8963,21442.105,00000000
8964,18910.324,00000000
8965,23778.113,00000000
8966,22840.650,00000000
8967,18601.521,00000000
8968,22667.693,00000000
8969,23647.490,00000000
8970,18826.217,00000000
8971,21686.090,00000000
8972,24444.666,00000000
8973,19305.762,00000000
8974,20447.406,00000000
8975,24504.674,00000000
8976,20335.088,00000000
8977,19569.684,00000000
8978,24363.414,00000000
8979,21587.604,00000000
8980,18908.596,00000000
8981,23495.666,00000000
8982,22562.932,00000000
8983,18589.391,00000000
8984,22770.883,00000000
8985,23641.002,00000000
8986,18821.111,00000000
8987,21674.191,00000000
8988,24155.434,00000000
8989,19455.199,00000000
8990,20555.150,00000000
8991,24624.607,00000000
8992,20478.186,00000000
8993,19528.100,00000000
8994,24296.484,00000000
8995,21387.959,00000000
8996,18948.789,00000000
8997,23708.855,00000000
8998,22737.590,00000000
8999,18549.381,00000000
9000,22574.563,00000000
9001,23394.035,00000000
9002,18619.658,00000000
9003,21711.746,00000000
9004,24198.408,00000000
9005,19425.568,00000000
9006,20536.361,00000000
9007,24396.486,00000000
9008,20196.250,00000000
9009,19652.213,00000000
9010,24365.541,00000000
9011,21525.453,00000000
9012,18882.596,00000000
9013,23551.762,00000000
9014,22552.523,00000000
9015,18480.799,00000000
9016,22770.617,00000000
9017,23678.473,00000000
9018,18881.066,00000000
9019,22352.508,00000000
9020,24056.830,00000000
9021,18897.016,00000000
9022,21157.818,00000000
9023,24494.049,00000000
9024,19924.643,00000000
9025,20101.158,00000000
9026,24436.498,00000000
9027,20738.580,00000000
9028,19285.586,00000000
9029,24126.293,00000000
9030,22117.824,00000000
9031,18779.529,00000000
9032,23175.719,00000000
9033,23143.871,00000000
9034,18634.516,00000000
9035,22225.889,00000000
9036,23974.564,00000000
9037,19074.613,00000000
9038,21116.814,00000000
9039,24387.549,00000000
9040,19755.154,00000000
9041,20034.951,00000000
9042,24426.180,00000000
9043,20923.355,00000000
9044,19244.471,00000000
9045,24029.986,00000000
9046,21942.072,00000000
9047,18734.779,00000000
9048,23340.430,00000000
9049,23158.547,00000000
9050,18541.342,00000000
9051,22266.377,00000000
9052,23948.811,00000000
9053,18863.365,00000000
9054,21203.773,00000000
9055,24427.021,00000000
9056,19843.551,00000000
9057,20165.840,00000000
9058,24428.904,00000000
9059,20668.232,00000000
9060,19306.277,00000000
9061,24055.996,00000000
9062,22089.949,00000000
9063,18764.559,00000000
9064,23251.354,00000000
9065,23084.166,00000000
9066,18594.574,00000000
9067,22273.736,00000000
9068,23916.525,00000000
9069,19098.480,00000000
9070,21152.211,00000000
9071,24326.094,00000000
9072,19649.941,00000000
9073,20077.354,00000000
9074,24295.035,00000000
9075,20908.600,00000000
9076,19293.979,00000000
9077,24055.701,00000000
9078,21826.008,00000000
9079,18719.537,00000000
9080,23325.170,00000000
9081,23047.188,00000000
9082,18865.191,00000000
9083,22868.375,00000000
9084,23416.703,00000000
9085,18591.246,00000000
9086,21818.602,00000000
9087,24225.732,00000000
9088,19420.711,00000000
9089,20699.484,00000000
9090,24452.574,00000000
9091,20132.771,00000000
9092,19691.229,00000000
9093,24430.383,00000000
9094,21532.094,00000000
9095,19030.709,00000000
9096,23793.822,00000000
9097,22532.684,00000000
9098,18567.430,00000000
9099,22858.619,00000000
9100,23628.207,00000000
9101,18750.043,00000000
9102,21792.904,00000000
9103,24219.066,00000000
9104,19315.617,00000000
9105,20727.568,00000000
9106,24587.326,00000000
9107,20394.557,00000000
9108,19661.766,00000000
9109,24255.449,00000000
9110,21338.971,00000000
9111,18959.531,00000000
9112,23747.176,00000000
9113,22672.049,00000000
9114,18655.516,00000000
9115,22859.340,00000000
9116,23436.660,00000000
9117,18657.043,00000000
9118,21845.803,00000000
9119,24228.502,00000000
9120,19142.881,00000000
9121,20792.490,00000000
9122,24442.238,00000000
9123,20234.984,00000000
9124,19741.359,00000000
9125,24329.262,00000000
9126,21510.768,00000000
9127,19095.357,00000000
9128,23683.348,00000000
9129,22500.949,00000000
9130,18511.313,00000000
9131,22857.500,00000000
9132,23488.811,00000000
9133,18752.025,00000000
9134,21846.455,00000000
9135,24130.643,00000000
9136,19273.563,00000000
9137,20678.775,00000000
9138,24475.389,00000000
9139,20277.422,00000000
9140,19706.947,00000000
9141,24305.395,00000000
9142,21333.732,00000000
9143,19026.904,00000000
9144,23802.385,00000000
9145,22529.570,00000000
9146,19068.977,00000000
9147,23532.719,00000000
9148,23097.289,00000000
9149,18563.691,00000000
9150,22332.734,00000000
9151,23886.492,00000000
9152,18825.480,00000000
9153,21275.480,00000000
9154,24266.012,00000000
9155,19670.752,00000000
9156,20256.801,00000000
9157,24383.523,00000000
9158,20583.441,00000000
9159,19357.346,00000000
9160,23989.846,00000000
9161,21895.020,00000000
9162,18773.021,00000000
9163,23320.459,00000000
9164,22921.041,00000000
9165,18596.605,00000000
9166,22395.602,00000000
9167,23756.162,00000000
9168,18946.922,00000000
9169,21306.668,00000000
9170,24348.322,00000000
9171,19588.158,00000000
9172,20266.594,00000000
9173,24430.912,00000000
9174,20784.857,00000000
9175,19305.795,00000000
9176,24177.256,00000000
9177,21768.133,00000000
9178,18779.656,00000000
9179,23414.682,00000000
9180,22892.445,00000000
9181,18499.338,00000000
9182,22486.148,00000000
9183,23922.664,00000000
9184,18883.395,00000000
9185,21303.473,00000000
9186,24252.322,00000000
9187,19441.664,00000000
9188,20213.184,00000000
9189,24442.357,00000000
9190,20672.082,00000000
9191,19360.137,00000000
9192,23984.521,00000000
9193,21769.197,00000000
9194,18813.268,00000000
9195,23495.563,00000000
9196,22997.066,00000000
9197,18503.498,00000000
9198,22332.391,00000000
9199,23844.113,00000000
9200,18740.471,00000000
9201,21377.877,00000000
9202,24391.107,00000000
9203,19670.037,00000000
9204,20175.238,00000000
9205,24437.461,00000000
9206,20454.965,00000000
9207,19387.979,00000000
9208,24132.303,00000000
9209,21873.975,00000000
9210,19135.727,00000000
9211,23812.818,00000000
9212,22253.881,00000000
9213,18693.734,00000000
9214,22932.758,00000000
9215,23295.727,00000000
9216,18584.924,00000000
9217,21927.693,00000000
9218,24153.855,00000000
9219,19101.127,00000000
9220,20866.563,00000000
9221,24387.121,00000000
9222,20137.875,00000000
9223,19756.471,00000000
9224,24264.143,00000000
9225,21140.639,00000000
9226,19010.000,00000000
9227,23839.959,00000000
9228,22453.281,00000000
9229,18564.008,00000000
9230,22980.779,00000000
9231,23425.219,00000000
9232,18521.273,00000000
9233,21860.607,00000000
9234,24093.070,00000000
9235,19151.545,00000000
9236,20722.809,00000000
9237,24499.264,00000000
9238,20083.404,00000000
9239,19732.787,00000000
9240,24308.658,00000000
9241,21285.693,00000000
9242,19033.207,00000000
9243,23772.002,00000000
9244,22322.861,00000000
9245,18584.459,00000000
9246,22917.650,00000000
9247,23345.207,00000000
9248,18636.859,00000000
9249,21906.912,00000000
9250,24116.547,00000000
9251,19191.244,00000000
9252,20809.332,00000000
9253,24481.578,00000000
9254,19903.688,00000000
9255,19841.906,00000000
9256,24377.150,00000000
9257,21245.334,00000000
9258,19084.467,00000000
9259,23930.447,00000000
9260,22207.938,00000000
9261,18654.898,00000000
9262,23050.168,00000000
9263,23286.250,00000000
9264,18627.246,00000000
9265,21847.168,00000000
9266,24001.316,00000000
9267,19073.926,00000000
9268,20848.793,00000000
9269,24348.145,00000000
9270,20086.939,00000000
9271,19783.846,00000000
9272,24445.467,00000000
9273,21205.758,00000000
9274,19508.982,00000000
9275,24138.809,00000000
9276,21732.871,00000000
9277,18758.059,00000000
9278,23436.549,00000000
9279,22788.820,00000000
9280,18491.600,00000000
9281,22533.332,00000000
9282,23693.795,00000000
9283,18865.262,00000000
9284,21440.184,00000000
9285,24207.367,00000000
9286,19454.098,00000000
9287,20316.691,00000000
9288,24494.984,00000000
9289,20705.615,00000000
9290,19428.318,00000000
9291,24182.363,00000000
9292,21620.686,00000000
9293,18804.631,00000000
9294,23414.441,00000000
9295,22678.035,00000000
9296,18479.174,00000000
9297,22531.561,00000000
9298,23721.531,00000000
9299,18775.217,00000000
9300,21532.008,00000000
9301,24239.217,00000000
9302,19297.689,00000000
9303,20363.947,00000000
9304,24412.266,00000000
9305,20460.783,00000000
9306,19436.189,00000000
9307,24081.523,00000000
9308,21693.525,00000000
9309,18847.223,00000000
9310,23424.625,00000000
9311,22837.029,00000000
9312,18493.820,00000000
9313,22592.699,00000000
9314,23663.828,00000000
9315,18750.973,00000000
9316,21390.385,00000000
9317,24277.406,00000000
9318,19512.627,00000000
9319,20401.861,00000000
9320,24485.070,00000000
9321,20343.088,00000000
9322,19385.527,00000000
9323,24266.643,00000000
9324,21765.201,00000000
9325,18802.414,00000000
9326,23638.438,00000000
9327,22758.234,00000000
9328,18521.850,00000000
9329,22566.771,00000000
9330,23773.410,00000000
9331,18817.932,00000000
9332,21375.363,00000000
9333,24160.549,00000000
9334,19470.537,00000000
9335,20405.162,00000000
9336,24389.807,00000000
9337,20449.334,00000000
9338,20049.781,00000000
9339,24509.381,00000000
9340,21011.240,00000000
9341,19167.193,00000000
9342,23789.684,00000000
9343,22255.023,00000000
9344,18626.938,00000000
9345,23054.957,00000000
9346,23123.068,00000000
9347,18451.971,00000000
9348,22105.461,00000000
9349,24004.742,00000000
9350,18881.363,00000000
9351,20970.564,00000000
9352,24355.395,00000000
9353,19865.607,00000000
9354,19935.771,00000000
9355,24324.541,00000000
9356,21079.361,00000000
9357,19048.988,00000000
9358,23930.762,00000000
9359,22274.322,00000000
9360,18729.412,00000000
9361,23188.045,00000000
9362,23249.061,00000000
9363,18637.164,00000000
9364,22078.188,00000000
9365,24021.797,00000000
9366,19098.363,00000000
9367,20978.236,00000000
9368,24377.740,00000000
9369,19797.043,00000000
9370,19949.664,00000000
9371,24427.020,00000000
9372,21053.904,00000000
9373,19095.576,00000000
9374,23858.393,00000000
9375,22052.713,00000000
9376,18638.344,00000000
9377,23156.252,00000000
9378,23100.867,00000000
9379,18554.902,00000000
9380,22149.967,00000000
9381,24055.861,00000000
9382,18989.148,00000000
9383,21020.068,00000000
9384,24424.711,00000000
9385,19822.174,00000000
9386,19911.188,00000000
9387,24255.012,00000000
9388,20902.027,00000000
9389,19092.566,00000000
9390,23854.412,00000000
9391,22227.059,00000000
9392,18601.912,00000000
9393,23158.717,00000000
9394,23196.771,00000000
9395,18453.180,00000000
9396,22068.221,00000000
9397,24004.570,00000000
9398,18865.133,00000000
9399,21026.654,00000000
9400,24455.551,00000000
9401,19961.309,00000000
9402,20603.438,00000000
9403,24449.020,00000000
9404,20258.273,00000000
9405,19576.734,00000000
9406,24128.168,00000000
9407,21505.783,00000000
9408,18882.275,00000000
9409,23500.691,00000000
9410,22551.139,00000000
9411,18585.820,00000000
9412,22627.814,00000000
9413,23483.584,00000000
9414,18672.432,00000000
9415,21432.785,00000000
9416,24203.445,00000000
9417,19182.801,00000000
9418,20434.904,00000000
9419,24409.746,00000000
9420,20310.293,00000000
9421,19497.912,00000000
9422,24180.826,00000000
9423,21538.732,00000000
9424,18800.125,00000000
9425,23574.936,00000000
9426,22681.115,00000000
9427,18503.602,00000000
9428,22654.105,00000000
9429,23532.096,00000000
9430,18624.816,00000000
9431,21620.750,00000000
9432,24235.057,00000000
9433,19078.418,00000000
9434,20407.135,00000000
9435,24457.535,00000000
9436,20282.697,00000000
9437,19593.412,00000000
9438,24126.258,00000000
9439,21557.168,00000000
9440,18831.283,00000000
9441,23549.713,00000000
9442,22647.133,00000000
9443,18508.855,00000000
9444,22637.729,00000000
9445,23544.510,00000000
9446,18732.131,00000000
9447,21545.328,00000000
9448,24164.531,00000000
9449,19356.203,00000000
9450,20534.416,00000000
9451,24403.527,00000000
9452,20219.906,00000000
9453,19504.826,00000000
9454,24379.670,00000000
9455,21538.256,00000000
9456,18909.387,00000000
9457,23520.387,00000000
9458,22552.979,00000000
9459,18565.764,00000000
9460,22787.938,00000000
9461,23597.697,00000000
9462,18770.543,00000000
9463,21592.848,00000000
9464,24183.209,00000000
9465,19326.938,00000000
9466,21236.953,00000000
9467,24439.080,00000000
9468,19780.344,00000000
9469,20076.994,00000000
9470,24352.201,00000000
9471,20731.592,00000000
9472,19202.393,00000000
9473,24099.523,00000000
9474,22122.514,00000000
9475,18725.791,00000000
9476,23187.254,00000000
9477,23178.250,00000000
9478,18526.520,00000000
9479,22234.221,00000000
9480,23990.424,00000000
9481,18920.053,00000000
9482,21093.033,00000000
9483,24314.123,00000000
9484,19835.555,00000000
9485,20091.947,00000000
9486,24495.627,00000000
9487,21044.006,00000000
9488,19229.393,00000000
9489,24050.668,00000000
9490,22045.260,00000000
9491,18735.996,00000000
9492,23291.127,00000000
9493,23159.010,00000000
9494,18605.617,00000000
9495,22223.693,00000000
9496,23860.953,00000000
9497,19007.578,00000000
9498,21149.736,00000000
9499,24397.848,00000000
9500,19616.727,00000000
9501,20139.445,00000000
9502,24377.283,00000000
9503,20841.016,00000000
9504,19227.432,00000000
9505,23946.293,00000000
9506,21785.990,00000000
9507,18610.803,00000000
9508,23219.789,00000000
9509,22951.801,00000000
9510,18474.738,00000000
9511,22251.209,00000000
9512,23908.943,00000000
9513,18894.199,00000000
9514,21217.705,00000000
9515,24482.609,00000000
9516,19534.027,00000000
9517,20093.180,00000000
9518,24351.383,00000000
9519,20756.670,00000000
9520,19183.691,00000000
9521,24010.475,00000000
9522,21906.133,00000000
9523,18670.473,00000000
9524,23295.703,00000000
9525,23052.760,00000000
9526,18448.605,00000000
9527,22293.488,00000000
9528,23937.383,00000000
9529,18985.791,00000000
9530,21810.332,00000000
9531,24224.697,00000000
9532,19288.559,00000000
9533,20751.680,00000000
9534,24433.268,00000000
9535,20094.264,00000000
9536,19678.508,00000000
9537,24261.182,00000000
9538,21390.275,00000000
9539,18976.943,00000000
9540,23752.896,00000000
9541,22389.666,00000000
9542,18578.719,00000000
9543,22773.877,00000000
9544,23518.645,00000000
9545,18727.051,00000000
9546,21754.408,00000000
9547,24107.695,00000000
9548,19202.242,00000000
9549,20651.877,00000000
9550,24519.400,00000000
9551,20285.318,00000000
9552,19647.996,00000000
9553,24265.662,00000000
9554,21241.137,00000000
9555,18894.465,00000000
9556,23777.324,00000000
9557,22519.549,00000000
9558,18589.363,00000000
9559,22893.906,00000000
9560,23373.867,00000000
9561,18597.508,00000000
9562,21792.746,00000000
9563,24125.611,00000000
9564,19100.457,00000000
9565,20732.354,00000000
9566,24441.051,00000000
9567,20216.277,00000000
9568,19707.521,00000000
9569,24239.293,00000000
9570,21378.350,00000000
9571,18927.762,00000000
9572,23664.883,00000000
9573,22448.197,00000000
9574,18515.615,00000000
9575,22927.490,00000000
9576,23533.555,00000000
9577,18618.330,00000000
9578,21728.396,00000000
9579,24144.350,00000000
9580,19265.932,00000000
9581,20726.813,00000000
9582,24543.697,00000000
9583,20058.881,00000000
9584,19717.254,00000000
9585,24353.908,00000000
9586,21433.617,00000000
9587,19057.406,00000000
9588,23801.773,00000000
9589,22414.771,00000000
9590,18630.455,00000000
9591,22781.979,00000000
9592,23443.418,00000000
9593,18743.738,00000000
9594,22573.045,00000000
9595,23928.662,00000000
9596,18850.646,00000000
9597,21342.857,00000000
9598,24337.998,00000000
9599,19642.965,00000000
9600,20196.018,00000000
9601,24439.367,00000000
9602,20656.088,00000000
9603,19359.781,00000000
9604,23996.357,00000000
9605,21956.447,00000000
9606,18739.229,00000000
9607,23342.775,00000000
9608,22949.807,00000000
9609,18483.410,00000000
9610,22370.186,00000000
9611,23895.734,00000000
9612,18779.660,00000000
9613,21295.035,00000000
9614,24349.367,00000000
9615,19642.148,00000000
9616,20176.164,00000000
9617,24416.771,00000000
9618,20487.902,00000000
9619,19321.895,00000000
9620,24177.727,00000000
9621,21884.063,00000000
9622,18733.496,00000000
9623,23393.881,00000000
9624,22890.705,00000000
9625,18550.891,00000000
9626,22364.848,00000000
9627,23708.811,00000000
9628,18909.277,00000000
9629,21270.242,00000000
9630,24282.842,00000000
9631,19541.123,00000000
9632,20227.338,00000000
9633,24376.105,00000000
9634,20692.523,00000000
9635,19310.393,00000000
9636,24005.404,00000000
9637,21674.818,00000000
9638,18712.711,00000000
9639,23396.742,00000000
9640,22856.063,00000000
9641,18490.326,00000000
9642,22480.838,00000000
9643,23806.730,00000000
9644,18868.596,00000000
9645,21311.926,00000000
9646,24237.068,00000000
9647,19488.930,00000000
9648,20212.402,00000000
9649,24416.072,00000000
9650,20692.184,00000000
9651,19372.887,00000000
9652,24168.307,00000000
9653,21707.684,00000000
9654,18777.932,00000000
9655,23305.967,00000000
9656,22797.779,00000000
9657,18907.109,00000000
9658,23116.910,00000000
9659,23456.162,00000000
9660,18558.309,00000000
9661,21893.887,00000000
9662,24093.273,00000000
9663,19047.721,00000000
9664,20742.865,00000000
9665,24381.170,00000000
9666,20014.508,00000000
9667,19759.301,00000000
9668,24252.871,00000000
9669,21282.992,00000000
9670,19030.750,00000000
9671,23764.527,00000000
9672,22334.287,00000000
9673,18565.793,00000000
9674,22907.592,00000000
9675,23375.111,00000000
9676,18687.848,00000000
9677,21903.656,00000000
9678,24065.385,00000000
9679,19139.967,00000000
9680,20786.680,00000000
9681,24467.641,00000000
9682,20033.539,00000000
9683,19828.521,00000000
9684,24378.029,00000000
9685,21252.227,00000000
9686,19012.625,00000000
9687,23796.322,00000000
9688,22301.545,00000000
9689,18651.053,00000000
9690,23025.184,00000000
9691,23365.088,00000000
9692,18659.709,00000000
9693,21939.766,00000000
9694,24049.240,00000000
9695,19097.332,00000000
9696,20802.783,00000000
9697,24352.770,00000000
9698,20094.459,00000000
9699,19775.570,00000000
9700,24328.607,00000000
9701,21031.898,00000000
9702,19050.719,00000000
9703,23947.459,00000000
9704,22422.719,00000000
9705,18589.953,00000000
9706,22965.012,00000000
9707,23246.428,00000000
9708,18588.313,00000000
9709,21977.254,00000000
9710,24027.844,00000000
9711,18995.750,00000000
9712,20796.449,00000000
9713,24387.203,00000000
9714,20051.666,00000000
9715,19782.885,00000000
9716,24344.609,00000000
9717,21271.455,00000000
9718,19068.963,00000000
9719,23894.723,00000000
9720,22359.523,00000000
9721,18945.803,00000000
9722,23588.725,00000000
9723,22865.604,00000000
9724,18526.920,00000000
9725,22545.727,00000000
9726,23697.850,00000000
9727,18858.375,00000000
9728,21405.799,00000000
9729,24328.770,00000000
9730,19523.945,00000000
9731,20348.055,00000000
9732,24428.641,00000000
9733,20575.363,00000000
9734,19334.156,00000000
9735,24172.229,00000000
9736,21768.316,00000000
9737,18741.367,00000000
9738,23588.783,00000000
9739,22794.832,00000000
9740,18516.754,00000000
9741,22593.025,00000000
9742,23828.631,00000000
9743,18876.361,00000000
9744,21464.277,00000000
9745,24204.203,00000000
9746,19404.418,00000000
9747,20264.299,00000000
9748,24446.477,00000000
9749,20592.932,00000000
9750,19455.852,00000000
9751,24145.160,00000000
9752,21495.906,00000000
9753,18872.764,00000000
9754,23468.367,00000000
9755,22866.189,00000000
9756,18472.482,00000000
9757,22456.852,00000000
9758,23670.811,00000000
9759,18699.754,00000000
9760,21460.186,00000000
9761,24294.832,00000000
9762,19372.299,00000000
9763,20306.125,00000000
9764,24390.002,00000000
9765,20377.160,00000000
9766,19406.279,00000000
9767,24165.252,00000000
9768,21779.381,00000000
9769,18801.309,00000000
9770,23563.451,00000000
9771,22884.615,00000000
9772,18552.086,00000000
9773,22520.818,00000000
9774,23641.625,00000000
9775,18703.539,00000000
9776,21395.016,00000000
9777,24245.980,00000000
9778,19483.902,00000000
9779,20393.262,00000000
9780,24524.092,00000000
9781,20334.746,00000000
9782,19433.381,00000000
9783,24222.561,00000000
9784,21763.719,00000000
9785,19333.854,00000000
9786,24034.516,00000000
9787,22206.186,00000000
9788,18691.441,00000000
9789,23080.328,00000000
9790,23283.914,00000000
9791,18644.656,00000000
9792,22037.863,00000000
9793,23952.523,00000000
9794,19084.793,00000000
9795,20897.619,00000000
9796,24428.951,00000000
9797,19658.211,00000000
9798,19894.348,00000000
9799,24303.496,00000000
9800,20977.244,00000000
9801,19117.734,00000000
9802,23902.293,00000000
9803,22189.035,00000000
9804,18580.889,00000000
9805,23005.529,00000000
9806,23146.424,00000000
9807,18463.631,00000000
9808,22027.283,00000000
9809,24034.043,00000000
9810,18873.496,00000000
9811,20944.609,00000000
9812,24396.945,00000000
9813,19935.986,00000000
9814,19922.609,00000000
9815,24447.803,00000000
9816,21117.943,00000000
9817,19038.412,00000000
9818,23946.100,00000000
9819,22225.730,00000000
9820,18685.738,00000000
9821,23108.420,00000000
9822,23264.125,00000000
9823,18601.502,00000000
9824,22056.107,00000000
9825,24068.146,00000000
9826,19137.824,00000000
9827,20968.168,00000000
9828,24309.080,00000000
9829,19852.465,00000000
9830,19982.803,00000000
9831,24352.234,00000000
9832,21065.986,00000000
9833,19104.086,00000000
9834,24011.859,00000000
9835,22163.328,00000000
9836,18677.352,00000000
9837,23001.939,00000000
9838,23222.848,00000000
9839,18601.393,00000000
9840,22071.799,00000000
9841,23980.414,00000000
9842,19052.982,00000000
9843,20947.523,00000000
9844,24389.559,00000000
9845,19892.193,00000000
9846,19992.389,00000000
9847,24322.068,00000000
9848,21058.619,00000000
9849,19633.680,00000000
9850,24279.764,00000000
9851,21469.594,00000000
9852,18920.561,00000000
9853,23618.100,00000000
9854,22601.820,00000000
9855,18586.656,00000000
9856,22578.305,00000000
9857,23642.518,00000000
9858,18732.688,00000000
9859,21534.354,00000000
9860,24148.703,00000000
9861,19233.885,00000000
9862,20474.826,00000000
9863,24542.525,00000000
9864,20489.750,00000000
9865,19563.281,00000000
9866,24249.223,00000000
9867,21382.182,00000000
9868,18891.398,00000000
9869,23664.898,00000000
9870,22684.447,00000000
9871,18611.664,00000000
9872,22704.631,00000000
9873,23647.570,00000000
9874,18718.732,00000000
9875,21564.730,00000000
9876,24261.123,00000000
9877,19221.551,00000000
9878,20456.309,00000000
9879,24402.828,00000000
9880,20384.258,00000000
9881,19451.844,00000000
9882,24252.941,00000000
9883,21322.398,00000000
9884,15643.691,00000000
9885,13563.292,00000000
9886,12798.375,00000000
9887,12491.095,00000000
9888,12384.182,00000000
9889,12373.386,00000000
9890,12300.629,00000000
9891,12348.540,00000000
9892,12335.453,00000000
9893,12305.802,00000000
9894,12308.729,00000000
9895,12302.876,00000000
9896,12323.443,00000000
9897,12350.778,00000000
9898,12316.612,00000000
9899,12321.650,00000000
9900,12323.043,00000000
9901,12326.396,00000000
9902,12331.200,00000000
9903,12337.469,00000000
9904,12362.269,00000000
9905,12333.848,00000000
9906,12325.469,00000000
9907,12334.274,00000000
9908,12346.869,00000000
9909,12346.599,00000000
9910,12327.701,00000000
9911,12323.829,00000000
9912,12344.280,00000000
9913,12334.287,00000000
9914,12331.304,00000000
9915,12338.534,00000000
9916,12308.050,00000000
9917,12325.927,00000000
9918,12324.225,00000000
9919,12326.826,00000000
9920,12356.667,00000000
9921,12314.766,00000000
9922,12321.275,00000000
9923,12303.887,00000000
9924,12352.243,00000000
9925,12337.399,00000000
9926,12315.283,00000000
9927,12336.787,00000000
9928,12329.667,00000000
9929,12342.765,00000000
9930,12349.978,00000000
9931,12329.216,00000000
9932,12338.793,00000000
9933,12346.024,00000000
9934,12324.894,00000000
9935,12353.656,00000000
9936,12330.180,00000000
9937,12327.953,00000000
9938,12342.620,00000000
9939,12330.924,00000000
9940,12319.845,00000000
9941,12349.045,00000000
9942,12329.978,00000000
9943,12359.694,00000000
9944,12327.118,00000000
9945,12337.671,00000000
9946,12317.296,00000000
9947,12293.256,00000000
9948,12330.098,00000000
9949,12328.626,00000000
9950,12298.925,00000000
9951,12349.816,00000000
9952,12303.871,00000000
9953,12325.209,00000000
9954,12321.286,00000000
9955,12334.948,00000000
9956,12340.057,00000000
9957,12334.662,00000000
9958,12335.653,00000000
9959,12325.849,00000000
9960,12332.772,00000000
9961,12334.857,00000000
9962,12320.154,00000000
9963,12352.641,00000000
9964,12346.596,00000000
9965,12329.661,00000000
9966,12332.192,00000000
9967,12356.745,00000000
9968,12334.263,00000000
9969,12328.046,00000000
9970,12320.733,00000000
9971,12321.974,00000000
9972,12325.442,00000000
9973,12321.666,00000000
9974,12329.592,00000000
9975,12337.746,00000000
9976,12315.987,00000000
9977,12293.155,00000000
9978,12337.880,00000000
9979,12346.999,00000000
9980,12327.871,00000000
9981,12335.747,00000000
9982,12340.480,00000000
9983,12333.365,00000000
9984,12345.933,00000000
9985,12333.325,00000000
9986,12333.215,00000000
9987,12326.629,00000000
9988,12327.392,00000000
9989,12362.579,00000000
9990,12343.734,00000000
9991,12355.265,00000000
9992,12357.864,00000000
9993,12339.543,00000000
9994,12351.365,00000000
9995,12343.585,00000000
9996,12355.504,00000000
9997,12352.023,00000000
9998,12371.066,00000000
9999,12331.668,00000000
10000,12356.601,00000000
10001,12368.291,00000000
10002,12356.173,00000000
10003,12334.096,00000000
10004,12360.172,00000000
10005,12352.811,00000000
10006,12356.658,00000000
10007,12351.071,00000000
10008,12367.074,00000000
10009,12366.838,00000000
10010,12365.541,00000000
10011,12387.402,00000000
10012,12361.456,00000000
10013,12366.586,00000000
10014,12391.469,00000000
10015,12376.301,00000000
10016,12355.422,00000000
10017,12373.611,00000000
10018,12352.033,00000000
10019,12388.183,00000000
10020,12375.233,00000000
10021,12375.236,00000000
10022,12380.833,00000000
10023,12378.787,00000000
10024,12385.700,00000000
10025,12367.236,00000000
10026,12372.531,00000000
10027,12376.259,00000000
10028,12381.899,00000000
10029,12394.376,00000000
10030,12385.340,00000000
10031,12379.789,00000000
10032,12383.248,00000000
10033,12382.942,00000000
10034,12363.034,00000000
10035,12383.655,00000000
10036,12379.299,00000000
10037,12384.384,00000000
10038,12381.631,00000000
10039,12364.211,00000000
10040,12385.879,00000000
10041,12415.102,00000000
10042,12394.124,00000000
10043,12399.711,00000000
10044,12376.933,00000000
10045,12396.492,00000000
10046,12406.710,00000000
10047,12421.965,00000000
10048,12409.691,00000000
10049,12392.939,00000000
10050,12365.025,00000000
10051,12371.502,00000000
10052,12379.541,00000000
10053,12347.206,00000000
10054,12370.369,00000000
10055,12379.438,00000000
10056,12361.599,00000000
10057,12377.772,00000000
10058,12379.910,00000000
10059,12350.935,00000000
10060,12380.890,00000000
10061,12365.741,00000000
10062,12379.361,00000000
10063,12346.110,00000000
10064,12350.621,00000000
10065,12365.880,00000000
10066,12359.800,00000000
10067,12366.136,00000000
10068,12376.387,00000000
10069,12350.086,00000000
10070,12372.535,00000000
10071,12376.960,00000000
10072,12386.420,00000000
10073,12375.911,00000000
10074,12375.671,00000000
10075,12375.468,00000000
10076,12378.011,00000000
10077,12389.760,00000000
10078,12378.413,00000000
10079,12361.844,00000000
10080,12399.100,00000000
10081,12393.018,00000000
10082,12372.039,00000000
10083,12408.697,00000000
10084,12368.120,00000000
10085,12353.500,00000000
10086,12367.406,00000000
10087,12346.312,00000000
10088,12344.426,00000000
10089,12345.432,00000000
10090,12341.197,00000000
10091,12386.670,00000000
10092,12325.246,00000000
10093,12363.476,00000000
10094,12354.359,00000000
10095,12339.375,00000000
10096,12353.278,00000000
10097,12357.090,00000000
10098,12353.251,00000000
10099,12360.187,00000000
10100,12335.196,00000000
10101,12350.745,00000000
10102,12346.734,00000000
10103,12362.632,00000000
10104,12336.411,00000000
10105,12356.563,00000000
10106,12357.492,00000000
10107,12374.952,00000000
10108,12350.818,00000000
10109,12354.328,00000000
10110,12365.531,00000000
10111,12350.046,00000000
10112,12365.642,00000000
10113,12355.592,00000000
10114,12361.216,00000000
10115,12352.891,00000000
10116,12345.081,00000000
10117,12324.259,00000000
10118,12337.146,00000000
10119,12333.997,00000000
10120,12331.737,00000000
10121,12389.806,00000000
10122,12347.997,00000000
10123,12330.752,00000000
10124,12330.050,00000000
10125,12340.676,00000000
10126,12327.625,00000000
10127,12353.718,00000000
10128,12344.575,00000000
10129,12360.733,00000000
10130,12313.095,00000000
10131,12312.438,00000000
10132,12336.591,00000000
10133,12340.384,00000000
10134,12351.186,00000000
10135,12358.399,00000000
10136,12369.364,00000000
10137,12382.627,00000000
10138,12365.255,00000000
10139,12346.704,00000000
10140,12369.223,00000000
10141,12352.327,00000000
10142,12357.714,00000000
10143,12374.851,00000000
10144,12364.507,00000000
10145,12364.326,00000000
10146,12316.145,00000000
10147,12356.746,00000000
10148,12359.252,00000000
10149,12378.436,00000000
10150,12351.288,00000000
10151,12370.839,00000000
10152,12377.218,00000000
10153,12362.043,00000000
10154,12366.519,00000000
10155,12357.300,00000000
10156,12344.504,00000000
10157,12358.901,00000000
10158,12374.659,00000000
10159,12366.986,00000000
10160,12368.420,00000000
10161,12366.718,00000000
10162,12352.294,00000000
10163,12358.876,00000000
10164,12356.225,00000000
10165,12346.904,00000000
10166,12329.627,00000000
10167,12334.806,00000000
10168,12342.175,00000000
10169,12326.560,00000000
10170,12317.470,00000000
10171,12326.099,00000000
10172,12336.105,00000000
10173,12334.291,00000000
10174,12346.003,00000000
10175,12327.699,00000000
10176,12334.909,00000000
10177,12351.220,00000000
10178,12338.438,00000000
10179,12315.697,00000000
10180,12340.936,00000000
10181,12323.564,00000000
10182,12303.398,00000000
10183,12348.027,00000000
10184,12331.879,00000000
10185,12319.623,00000000
10186,12338.359,00000000
10187,12328.084,00000000
10188,12342.454,00000000
10189,12327.828,00000000
10190,12329.015,00000000
10191,12323.460,00000000
10192,12289.664,00000000
10193,12316.117,00000000
10194,12330.428,00000000
10195,12343.683,00000000
10196,12314.178,00000000
10197,12301.340,00000000
10198,12286.133,00000000
10199,12319.554,00000000
10200,12322.805,00000000
10201,12334.067,00000000
10202,12305.413,00000000
10203,12308.954,00000000
10204,12312.017,00000000
10205,12295.824,00000000
10206,12324.338,00000000
10207,12317.493,00000000
10208,12309.844,00000000
10209,12320.596,00000000
10210,12310.837,00000000
10211,12320.226,00000000
10212,12294.956,00000000
10213,12296.074,00000000
10214,12340.418,00000000
10215,12324.131,00000000
10216,12332.265,00000000
10217,12293.178,00000000
10218,12307.992,00000000
10219,12340.073,00000000
10220,12335.538,00000000
10221,12326.153,00000000
10222,12310.922,00000000
10223,12311.121,00000000
10224,12309.232,00000000
10225,12326.993,00000000
10226,12309.313,00000000
10227,12332.717,00000000
10228,12305.998,00000000
10229,12336.941,00000000
10230,12347.964,00000000
10231,12336.297,00000000
10232,12333.450,00000000
10233,12302.476,00000000
10234,12314.441,00000000
10235,12321.560,00000000
10236,12334.687,00000000
10237,12345.538,00000000
10238,12321.479,00000000
10239,12328.566,00000000
10240,12317.951,00000000
10241,12326.408,00000000
10242,12321.390,00000000
10243,12324.594,00000000
10244,12323.046,00000000
10245,12349.023,00000000
10246,12342.614,00000000
10247,12337.683,00000000
10248,12343.138,00000000
10249,12298.614,00000000
10250,12322.980,00000000
10251,12327.493,00000000
10252,12316.659,00000000
10253,12311.216,00000000
10254,12322.975,00000000
10255,12315.643,00000000
10256,12324.582,00000000
10257,12326.569,00000000
10258,12330.848,00000000
10259,12300.879,00000000
10260,12344.504,00000000
10261,12347.637,00000000
10262,12327.126,00000000
10263,12314.553,00000000
10264,12317.733,00000000
10265,12324.589,00000000
10266,12341.507,00000000
10267,12330.334,00000000
10268,12319.666,00000000
10269,12303.712,00000000
10270,12329.655,00000000
10271,12329.160,00000000
10272,12303.104,00000000
10273,12334.611,00000000
10274,12303.608,00000000
10275,12306.023,00000000
10276,12324.589,00000000
10277,12326.031,00000000
10278,12333.016,00000000
10279,12324.884,00000000
10280,12321.858,00000000
10281,12313.864,00000000
10282,12317.311,00000000
10283,12329.275,00000000
10284,12347.813,00000000
10285,12322.606,00000000
10286,12318.116,00000000
10287,12305.180,00000000
10288,12324.006,00000000
10289,12329.424,00000000
10290,12324.398,00000000
10291,12354.423,00000000
10292,12355.249,00000000
10293,12327.218,00000000
10294,12336.014,00000000
10295,12324.568,00000000
10296,12340.237,00000000
10297,12313.630,00000000
10298,12325.422,00000000
10299,12319.332,00000000
10300,12320.752,00000000
10301,12330.138,00000000
10302,12361.275,00000000
10303,12351.437,00000000
10304,12338.735,00000000
10305,12319.572,00000000
10306,12327.984,00000000
10307,12311.052,00000000
10308,12343.969,00000000
10309,12331.976,00000000
10310,12301.228,00000000
10311,12322.966,00000000
10312,12329.568,00000000
10313,12324.223,00000000
10314,12316.252,00000000
10315,12301.140,00000000
10316,12308.691,00000000
10317,12307.247,00000000
10318,12319.408,00000000
10319,12315.621,00000000
10320,12301.578,00000000
10321,12308.448,00000000
10322,12345.394,00000000
10323,12310.361,00000000
10324,12343.075,00000000
10325,12340.431,00000000
10326,12308.585,00000000
10327,12350.689,00000000
10328,12325.333,00000000
10329,12339.772,00000000
10330,12320.601,00000000
10331,12338.347,00000000
10332,12332.225,00000000
10333,12330.649,00000000
10334,12317.504,00000000
10335,12314.752,00000000
10336,12295.696,00000000
10337,12341.601,00000000
10338,12322.088,00000000
10339,12366.352,00000000
10340,12329.806,00000000
10341,12310.930,00000000
10342,12336.939,00000000
10343,12319.119,00000000
10344,12335.287,00000000
10345,12324.962,00000000
10346,12309.342,00000000
10347,12336.113,00000000
10348,12319.724,00000000
10349,12301.217,00000000
10350,12315.417,00000000
10351,12281.558,00000000
10352,12319.538,00000000
10353,12316.877,00000000
10354,12331.617,00000000
10355,12329.503,00000000
10356,12295.100,00000000
10357,12317.049,00000000
10358,12331.043,00000000
10359,12333.591,00000000
10360,12336.013,00000000
10361,12299.979,00000000
10362,12311.110,00000000
10363,12300.463,00000000
10364,12324.741,00000000
10365,12296.526,00000000
10366,12304.953,00000000
10367,12311.191,00000000
10368,12311.246,00000000
10369,12320.543,00000000
10370,12303.470,00000000
10371,12315.232,00000000
10372,12329.156,00000000
10373,12325.205,00000000
10374,12312.234,00000000
10375,12314.088,00000000
10376,12318.655,00000000
10377,12326.917,00000000
10378,12340.627,00000000
10379,12326.203,00000000
10380,12305.474,00000000
10381,12285.570,00000000
10382,12285.186,00000000
10383,12281.706,00000000
10384,12279.193,00000000
10385,12255.873,00000000
10386,12290.543,00000000
10387,12255.255,00000000
10388,12275.574,00000000
10389,12255.049,00000000
10390,12800.325,00000000
10391,12499.396,00000000
10392,12732.522,00000000
10393,12462.939,00000000
10394,12668.652,00000000
10395,12689.536,00000000
10396,12540.118,00000000
10397,12851.985,00000000
10398,12489.359,00000000
10399,12760.522,00000000
10400,12481.297,00000000
10401,12693.181,00000000
10402,12919.382,00000000
10403,12541.847,00000000
10404,12851.734,00000000
10405,12470.007,00000000
10406,12715.774,00000000
10407,12448.733,00000000
10408,12581.698,00000000
10409,12954.714,00000000
10410,12526.565,00000000
10411,13627.534,00000000
10412,14391.484,00000000
10413,14680.985,00000000
10414,15788.065,00000000
10415,17807.184,00000000
10416,17307.697,00000000
10417,22927.033,00000000
10418,19269.521,00000000
10419,22060.754,00000000
10420,22581.939,00000000
10421,19661.055,00000000
10422,23843.953,00000000
10423,19491.855,00000000
10424,22563.824,00000000
10425,21943.904,00000000
10426,19988.844,00000000
10427,23771.676,00000000
10428,19182.355,00000000
10429,23038.543,00000000
10430,21595.904,00000000
10431,20377.357,00000000
10432,23630.445,00000000
10433,19135.650,00000000
10434,23305.400,00000000
10435,21155.742,00000000
10436,20783.248,00000000
10437,23451.785,00000000
10438,19208.471,00000000
10439,23596.889,00000000
10440,20615.244,00000000
10441,21305.887,00000000
10442,23126.139,00000000
10443,19309.354,00000000
10444,23930.717,00000000
10445,20037.734,00000000
10446,21788.939,00000000
10447,22721.670,00000000
10448,19550.736,00000000
10449,23919.748,00000000
10450,19647.418,00000000
10451,22212.709,00000000
10452,22240.252,00000000
10453,19806.648,00000000
10454,23976.166,00000000
10455,19484.961,00000000
10456,22801.373,00000000
10457,21794.533,00000000
10458,20166.352,00000000
10459,23904.389,00000000
10460,19157.303,00000000
10461,23136.063,00000000
10462,21281.219,00000000
10463,20627.945,00000000
10464,23701.348,00000000
10465,19140.398,00000000
10466,23490.570,00000000
10467,20654.920,00000000
10468,21070.234,00000000
10469,23433.668,00000000
10470,19219.502,00000000
10471,23659.418,00000000
10472,20059.539,00000000
10473,21620.260,00000000
10474,23024.139,00000000
10475,19654.125,00000000
10476,23904.092,00000000
10477,19715.789,00000000
10478,22197.971,00000000
10479,22220.754,00000000
10480,19705.086,00000000
10481,23803.402,00000000
10482,19341.418,00000000
10483,22675.799,00000000
10484,21891.113,00000000
10485,20132.131,00000000
10486,23812.076,00000000
10487,19268.148,00000000
10488,23178.742,00000000
10489,21442.363,00000000
10490,20528.738,00000000
10491,23548.881,00000000
10492,19060.637,00000000
10493,23350.686,00000000
10494,20880.844,00000000
10495,20953.920,00000000
10496,23236.055,00000000
10497,19224.910,00000000
10498,23736.906,00000000
10499,20355.045,00000000
10500,21456.793,00000000
10501,23041.621,00000000
10502,19378.840,00000000
10503,23946.889,00000000
10504,19736.039,00000000
10505,21856.352,00000000
10506,22498.979,00000000
10507,19546.176,00000000
10508,23882.174,00000000
10509,19623.604,00000000
10510,22470.725,00000000
10511,22113.539,00000000
10512,19881.807,00000000
10513,23760.031,00000000
10514,19383.680,00000000
10515,22739.418,00000000
10516,21462.980,00000000
10517,20231.758,00000000
10518,23685.508,00000000
10519,19121.654,00000000
10520,23102.783,00000000
10521,20850.078,00000000
10522,20680.162,00000000
10523,23472.506,00000000
10524,19199.596,00000000
10525,23574.393,00000000
10526,20427.736,00000000
10527,21199.340,00000000
10528,23200.789,00000000
10529,19230.766,00000000
10530,23614.736,00000000
10531,20032.727,00000000
10532,21617.137,00000000
10533,22819.729,00000000
10534,19465.438,00000000
10535,23743.234,00000000
10536,19726.770,00000000
10537,22126.457,00000000
10538,22426.133,00000000
10539,19969.855,00000000
10540,23853.441,00000000
10541,19400.408,00000000
10542,22791.793,00000000
10543,21653.689,00000000
10544,20224.068,00000000
10545,23687.480,00000000
10546,19128.361,00000000
10547,23282.129,00000000
10548,21325.713,00000000
10549,20697.775,00000000
10550,23402.375,00000000
10551,19144.428,00000000
10552,23538.799,00000000
10553,20504.779,00000000
10554,21085.566,00000000
10555,23266.404,00000000
10556,19205.061,00000000
10557,23772.426,00000000
10558,20064.170,00000000
10559,21645.785,00000000
10560,22804.346,00000000
10561,19458.211,00000000
10562,23791.518,00000000
10563,19726.238,00000000
10564,22045.760,00000000
10565,22436.049,00000000
10566,19660.666,00000000
10567,23783.061,00000000
10568,19418.182,00000000
10569,22507.201,00000000
10570,21820.139,00000000
10571,20013.584,00000000
10572,23768.836,00000000
10573,19200.369,00000000
10574,22813.525,00000000
10575,21393.855,00000000
10576,20355.945,00000000
10577,23485.029,00000000
10578,18988.709,00000000
10579,23253.066,00000000
10580,20631.629,00000000
10581,20834.279,00000000
10582,23340.135,00000000
10583,19200.807,00000000
10584,23498.604,00000000
10585,20169.191,00000000
10586,21336.795,00000000
10587,23044.832,00000000
10588,19271.521,00000000
10589,23760.074,00000000
10590,19921.139,00000000
10591,21890.275,00000000
10592,22739.939,00000000
10593,19564.057,00000000
10594,23922.707,00000000
10595,19629.744,00000000
10596,22332.801,00000000
10597,22208.293,00000000
10598,19782.311,00000000
10599,23882.506,00000000
10600,19385.084,00000000
10601,22691.193,00000000
10602,21703.264,00000000
10603,20465.143,00000000
10604,23606.219,00000000
10605,18875.725,00000000
10606,23301.105,00000000
10607,21061.410,00000000
10608,20748.508,00000000
10609,23388.963,00000000
10610,19172.217,00000000
10611,23556.908,00000000
10612,20277.979,00000000
10613,21298.057,00000000
10614,23062.699,00000000
10615,19324.023,00000000
10616,23700.941,00000000
10617,19928.486,00000000
10618,21720.186,00000000
10619,22697.186,00000000
10620,19431.893,00000000
10621,23814.705,00000000
10622,19589.070,00000000
10623,22230.490,00000000
10624,22187.182,00000000
10625,19715.561,00000000
10626,23881.574,00000000
10627,19415.826,00000000
10628,22653.463,00000000
10629,21799.885,00000000
10630,20062.703,00000000
10631,23806.564,00000000
10632,19122.994,00000000
10633,23084.576,00000000
10634,21275.689,00000000
10635,20587.242,00000000
10636,23469.533,00000000
10637,19114.691,00000000
10638,23323.240,00000000
10639,20462.447,00000000
10640,21024.336,00000000
10641,23307.740,00000000
10642,19230.736,00000000
10643,23628.713,00000000
10644,20242.488,00000000
10645,21482.783,00000000
10646,22925.004,00000000
10647,19359.574,00000000
10648,23849.121,00000000
10649,19815.619,00000000
10650,22057.572,00000000
10651,22512.143,00000000
10652,19651.699,00000000
10653,23796.215,00000000
10654,19497.912,00000000
10655,22423.953,00000000
10656,22063.928,00000000
10657,19951.641,00000000
10658,23707.971,00000000
10659,19272.889,00000000
10660,22856.311,00000000
10661,21570.139,00000000
10662,20336.609,00000000
10663,23621.615,00000000
10664,19147.439,00000000
10665,23265.123,00000000
10666,20830.510,00000000
10667,21046.514,00000000
10668,23292.385,00000000
10669,19220.896,00000000
10670,23540.441,00000000
10671,20175.699,00000000
10672,21414.529,00000000
10673,22927.773,00000000
10674,19352.143,00000000
10675,23756.326,00000000
10676,19805.838,00000000
10677,21899.484,00000000
10678,22426.057,00000000
10679,19555.994,00000000
10680,23757.166,00000000
10681,19479.121,00000000
10682,22335.863,00000000
10683,22000.424,00000000
10684,19892.648,00000000
10685,23814.234,00000000
10686,19253.043,00000000
10687,22784.965,00000000
10688,21522.457,00000000
10689,20268.771,00000000
10690,23620.799,00000000
10691,19057.406,00000000
10692,23209.330,00000000
10693,21073.297,00000000
10694,20688.424,00000000
10695,23396.816,00000000
10696,19174.990,00000000
10697,23542.979,00000000
10698,20575.164,00000000
10699,21193.189,00000000
10700,23034.596,00000000
10701,19262.654,00000000
10702,23585.131,00000000
10703,19854.078,00000000
10704,21609.361,00000000
10705,22600.984,00000000
10706,19446.373,00000000
10707,23726.068,00000000
10708,19561.244,00000000
10709,22149.695,00000000
10710,22177.348,00000000
10711,19677.049,00000000
10712,23911.541,00000000
10713,19318.568,00000000
10714,22535.082,00000000
10715,21708.754,00000000
10716,20044.945,00000000
10717,23659.832,00000000
10718,19033.393,00000000
10719,22971.723,00000000
10720,21145.656,00000000
10721,20495.131,00000000
10722,23538.250,00000000
10723,19096.678,00000000
10724,23260.768,00000000
10725,20861.291,00000000
10726,20909.156,00000000
10727,23278.242,00000000
10728,19128.768,00000000
10729,23573.197,00000000
10730,20284.193,00000000
10731,21716.051,00000000
10732,22879.270,00000000
10733,19431.316,00000000
10734,23851.316,00000000
10735,19604.760,00000000
10736,22110.309,00000000
10737,22360.842,00000000
10738,19641.500,00000000
10739,23862.281,00000000
10740,19375.805,00000000
10741,22577.172,00000000
10742,21731.357,00000000
10743,20046.498,00000000
10744,23738.115,00000000
10745,19200.066,00000000
10746,22914.600,00000000
10747,21148.229,00000000
10748,20424.730,00000000
10749,23523.529,00000000
10750,19125.586,00000000
10751,23243.156,00000000
10752,20889.584,00000000
10753,20932.641,00000000
10754,23285.896,00000000
10755,19202.615,00000000
10756,23506.627,00000000
10757,20381.441,00000000
10758,21355.043,00000000
10759,22746.242,00000000
10760,19321.090,00000000
10761,23845.066,00000000
10762,19702.027,00000000
10763,21915.543,00000000
10764,22522.930,00000000
10765,19514.643,00000000
10766,23887.307,00000000
10767,19473.488,00000000
10768,22322.400,00000000
10769,21985.676,00000000
10770,19822.805,00000000
10771,23793.697,00000000
10772,19201.004,00000000
10773,22814.563,00000000
10774,21549.648,00000000
10775,20257.064,00000000
10776,23650.908,00000000
10777,19149.051,00000000
10778,23170.793,00000000
10779,21094.338,00000000
10780,20629.801,00000000
10781,23558.668,00000000
10782,19114.006,00000000
10783,23535.230,00000000
10784,20689.369,00000000
10785,21109.447,00000000
10786,23115.746,00000000
10787,19332.803,00000000
10788,23632.285,00000000
10789,20193.254,00000000
10790,21514.521,00000000
10791,22810.836,00000000
10792,19370.686,00000000
10793,23749.150,00000000
10794,19789.734,00000000
10795,22351.785,00000000
10796,22187.082,00000000
10797,19825.768,00000000
10798,23781.979,00000000
10799,19293.580,00000000
10800,22724.131,00000000
10801,21524.709,00000000
10802,20119.340,00000000
10803,23736.600,00000000
10804,19162.680,00000000
10805,23119.896,00000000
10806,21022.391,00000000
10807,20606.875,00000000
10808,23617.377,00000000
10809,19156.189,00000000
10810,23515.541,00000000
10811,20661.525,00000000
10812,21111.563,00000000
10813,23161.211,00000000
10814,19309.510,00000000
10815,23584.668,00000000
10816,20188.830,00000000
10817,21501.740,00000000
10818,22911.637,00000000
10819,19297.758,00000000
10820,23788.197,00000000
10821,19806.961,00000000
10822,22043.246,00000000
10823,22485.061,00000000
10824,19565.492,00000000
10825,23838.330,00000000
10826,19510.287,00000000
10827,22426.494,00000000
10828,21994.916,00000000
10829,19962.893,00000000
10830,23836.346,00000000
10831,19332.916,00000000
10832,23004.713,00000000
10833,21356.717,00000000
10834,20357.455,00000000
10835,23662.809,00000000
10836,19181.986,00000000
10837,23334.443,00000000
10838,20849.809,00000000
10839,20822.020,00000000
10840,23346.219,00000000
10841,19124.072,00000000
10842,23626.818,00000000
10843,20465.600,00000000
10844,21306.494,00000000
10845,23123.338,00000000
10846,19194.104,00000000
10847,23778.861,00000000
10848,20015.035,00000000
10849,21735.494,00000000
10850,22687.725,00000000
10851,19519.744,00000000
10852,23834.313,00000000
10853,19645.834,00000000
10854,22253.064,00000000
10855,22289.057,00000000
10856,19790.180,00000000
10857,23837.352,00000000
10858,19415.781,00000000
10859,22994.625,00000000
10860,21589.846,00000000
10861,20338.021,00000000
10862,23756.627,00000000
10863,19116.541,00000000
10864,23315.824,00000000
10865,21191.900,00000000
10866,20701.049,00000000
10867,23415.793,00000000
10868,19157.137,00000000
10869,23591.908,00000000
10870,20304.594,00000000
10871,21264.051,00000000
10872,23156.164,00000000
10873,19211.357,00000000
10874,23810.957,00000000
10875,20058.166,00000000
10876,21730.551,00000000
10877,22740.586,00000000
10878,19483.313,00000000
10879,23893.412,00000000
10880,19679.725,00000000
10881,22272.254,00000000
10882,22252.166,00000000
10883,19754.863,00000000
10884,23916.305,00000000
10885,19423.521,00000000
10886,22862.887,00000000
10887,21780.563,00000000
10888,20056.281,00000000
10889,23817.695,00000000
10890,19183.885,00000000
10891,23131.969,00000000
10892,21381.025,00000000
10893,20496.398,00000000
10894,23439.516,00000000
10895,19073.852,00000000
10896,23254.850,00000000
10897,20507.467,00000000
10898,20977.689,00000000
10899,23335.459,00000000
10900,19201.873,00000000
10901,23667.281,00000000
10902,20221.744,00000000
10903,21425.273,00000000
10904,23020.023,00000000
10905,19376.496,00000000
10906,23758.600,00000000
10907,19923.543,00000000
10908,21972.854,00000000
10909,22508.283,00000000
10910,19541.955,00000000
10911,23910.625,00000000
10912,19561.322,00000000
10913,22333.229,00000000
10914,22105.809,00000000
10915,19835.467,00000000
10916,23769.785,00000000
10917,19378.752,00000000
10918,22718.441,00000000
10919,21567.154,00000000
10920,20247.113,00000000
10921,23661.670,00000000
10922,19252.566,00000000
10923,23419.426,00000000
10924,20594.551,00000000
10925,20955.924,00000000
10926,23209.832,00000000
10927,19109.938,00000000
10928,23553.623,00000000
10929,20278.895,00000000
10930,21359.639,00000000
10931,22967.979,00000000
10932,19295.459,00000000
10933,23613.074,00000000
10934,19876.891,00000000
10935,21807.131,00000000
10936,22560.838,00000000
10937,19468.521,00000000
10938,23789.521,00000000
10939,19588.803,00000000
10940,22398.383,00000000
10941,22106.906,00000000
10942,19793.521,00000000
10943,23802.475,00000000
10944,19334.020,00000000
10945,22715.531,00000000
10946,21686.797,00000000
10947,20242.164,00000000
10948,23625.078,00000000
10949,19138.297,00000000
10950,23154.410,00000000
10951,21228.494,00000000
10952,20666.400,00000000
10953,23358.230,00000000
10954,19194.416,00000000
10955,23407.023,00000000
10956,20436.387,00000000
10957,21128.641,00000000
10958,23229.799,00000000
10959,19247.592,00000000
10960,23740.967,00000000
10961,20087.820,00000000
10962,21559.057,00000000
10963,22816.412,00000000
10964,19447.061,00000000
10965,23799.162,00000000
10966,19758.855,00000000
10967,22097.588,00000000
10968,22434.287,00000000
10969,19741.135,00000000
10970,23903.086,00000000
10971,19463.359,00000000
10972,22593.588,00000000
10973,21926.809,00000000
10974,19965.770,00000000
10975,23619.268,00000000
10976,19196.660,00000000
10977,22986.848,00000000
10978,21387.693,00000000
10979,20427.889,00000000
10980,23660.311,00000000
10981,19114.631,00000000
10982,23337.744,00000000
10983,20770.781,00000000
10984,20846.154,00000000
10985,23325.406,00000000
10986,19338.957,00000000
10987,23692.646,00000000
10988,20171.738,00000000
10989,21589.076,00000000
10990,22851.531,00000000
10991,19424.377,00000000
10992,23830.355,00000000
10993,19795.711,00000000
10994,22080.895,00000000
10995,22457.008,00000000
10996,19672.930,00000000
10997,23844.883,00000000
10998,19506.549,00000000
10999,22586.641,00000000
11000,21995.285,00000000
11001,20039.014,00000000
11002,23818.240,00000000
11003,19292.430,00000000
11004,22953.857,00000000
11005,21442.117,00000000
11006,20414.014,00000000
11007,23616.252,00000000
11008,19105.898,00000000
11009,23290.869,00000000
11010,20703.832,00000000
11011,20852.746,00000000
11012,23412.305,00000000
11013,19194.781,00000000
11014,23609.639,00000000
11015,20386.189,00000000
11016,21293.779,00000000
11017,23035.902,00000000
11018,19204.590,00000000
11019,23839.689,00000000
11020,20018.660,00000000
11021,21854.273,00000000
11022,22700.561,00000000
11023,19503.064,00000000
11024,23809.340,00000000
11025,19553.609,00000000
11026,22242.111,00000000
11027,22108.852,00000000
11028,19781.852,00000000
11029,23799.811,00000000
11030,19363.479,00000000
11031,22697.629,00000000
11032,21651.324,00000000
11033,20147.023,00000000
11034,23695.115,00000000
11035,19160.209,00000000
11036,23177.850,00000000
11037,21059.107,00000000
11038,20606.404,00000000
11039,23534.238,00000000
11040,19112.990,00000000
11041,23411.990,00000000
11042,20673.939,00000000
11043,21048.277,00000000
11044,23186.303,00000000
11045,19209.016,00000000
11046,23687.820,00000000
11047,20140.193,00000000
11048,21547.361,00000000
11049,22778.141,00000000
11050,19609.824,00000000
11051,23816.861,00000000
11052,19574.758,00000000
11053,22110.777,00000000
11054,22090.652,00000000
11055,19733.209,00000000
11056,23830.693,00000000
11057,19263.426,00000000
11058,22720.445,00000000
11059,21566.490,00000000
11060,20185.545,00000000
11061,23656.285,00000000
11062,19166.246,00000000
11063,23053.619,00000000
11064,21156.768,00000000
11065,20591.861,00000000
11066,23669.900,00000000
11067,19091.881,00000000
11068,23417.662,00000000
11069,20693.152,00000000
11070,20942.945,00000000
11071,23184.141,00000000
11072,19227.398,00000000
11073,23608.531,00000000
11074,20271.414,00000000
11075,21453.973,00000000
11076,22842.941,00000000
11077,19332.695,00000000
11078,23852.504,00000000
11079,19753.982,00000000
11080,22008.543,00000000
11081,22461.295,00000000
11082,19563.625,00000000
11083,23861.832,00000000
11084,19341.695,00000000
11085,22522.426,00000000
11086,21868.041,00000000
11087,20101.811,00000000
11088,23881.988,00000000
11089,19132.494,00000000
11090,22759.061,00000000
11091,21407.719,00000000
11092,20229.445,00000000
11093,23672.359,00000000
11094,19079.943,00000000
11095,23274.121,00000000
11096,21082.010,00000000
11097,20723.580,00000000
11098,23472.850,00000000
11099,19148.939,00000000
11100,23611.439,00000000
11101,20527.174,00000000
11102,21229.604,00000000
11103,23125.598,00000000
11104,19319.100,00000000
11105,23744.631,00000000
11106,19869.242,00000000
11107,21680.768,00000000
11108,22633.363,00000000
11109,19393.174,00000000
11110,23787.902,00000000
11111,19653.627,00000000
11112,22178.365,00000000
11113,22161.832,00000000
11114,20005.365,00000000
11115,23853.324,00000000
11116,19120.301,00000000
11117,22768.477,00000000
11118,21526.064,00000000
11119,20244.197,00000000
11120,23653.871,00000000
11121,18988.521,00000000
11122,23195.289,00000000
11123,21096.914,00000000
11124,20654.369,00000000
11125,23532.225,00000000
11126,19181.904,00000000
11127,23555.012,00000000
11128,20293.881,00000000
11129,21152.854,00000000
11130,23129.406,00000000
11131,19206.281,00000000
11132,23686.188,00000000
11133,20001.213,00000000
11134,21627.400,00000000
11135,22746.330,00000000
11136,19409.771,00000000
11137,23856.975,00000000
11138,19687.176,00000000
11139,22178.166,00000000
11140,22305.881,00000000
11141,19754.600,00000000
11142,23904.047,00000000
11143,19424.477,00000000
11144,22682.150,00000000
11145,21911.148,00000000
11146,20089.561,00000000
11147,23800.746,00000000
11148,19254.621,00000000
11149,23036.883,00000000
11150,21385.336,00000000
11151,20423.719,00000000
11152,23556.158,00000000
11153,19140.121,00000000
11154,23433.064,00000000
11155,20693.674,00000000
11156,20936.352,00000000
11157,23354.695,00000000
11158,19216.965,00000000
11159,23677.000,00000000
11160,20222.998,00000000
11161,21361.039,00000000
11162,22998.605,00000000
11163,19346.025,00000000
11164,23792.607,00000000
11165,19893.859,00000000
11166,21968.771,00000000
11167,22584.572,00000000
11168,19510.455,00000000
11169,23699.182,00000000
11170,19539.537,00000000
11171,22359.180,00000000
11172,22109.156,00000000
11173,19803.924,00000000
11174,23741.305,00000000
11175,19377.258,00000000
11176,22825.779,00000000
11177,21580.303,00000000
11178,20489.797,00000000
11179,23571.213,00000000
11180,19067.863,00000000
11181,23339.111,00000000
11182,20650.109,00000000
11183,20845.746,00000000
11184,23293.564,00000000
11185,19175.453,00000000
11186,23507.281,00000000
11187,20180.998,00000000
11188,21320.064,00000000
11189,23034.121,00000000
11190,19376.436,00000000
11191,23754.699,00000000
11192,19842.184,00000000
11193,21815.922,00000000
11194,22478.408,00000000
11195,19546.861,00000000
11196,23711.232,00000000
11197,19556.131,00000000
11198,22274.033,00000000
11199,22046.969,00000000
11200,19859.484,00000000
11201,23798.803,00000000
11202,19237.613,00000000
11203,22859.852,00000000
11204,21624.283,00000000
11205,20203.184,00000000
11206,23615.354,00000000
11207,19041.609,00000000
11208,23060.830,00000000
11209,21133.334,00000000
11210,20647.256,00000000
11211,23470.010,00000000
11212,19205.336,00000000
11213,23388.900,00000000
11214,20556.102,00000000
11215,21052.104,00000000
11216,23260.623,00000000
11217,19211.234,00000000
11218,23792.807,00000000
11219,20035.332,00000000
11220,21629.932,00000000
11221,22787.859,00000000
11222,19433.984,00000000
11223,23906.518,00000000
11224,19701.070,00000000
11225,22078.055,00000000
11226,22353.193,00000000
11227,19669.887,00000000
11228,23870.262,00000000
11229,19457.635,00000000
11230,22578.109,00000000
11231,21837.404,00000000
11232,19996.590,00000000
11233,23835.764,00000000
11234,19176.543,00000000
11235,22868.098,00000000
11236,21447.535,00000000
11237,20334.875,00000000
11238,23506.182,00000000
11239,19020.965,00000000
11240,23219.486,00000000
11241,20745.045,00000000
11242,21082.906,00000000
11243,23197.215,00000000
11244,19190.471,00000000
11245,23692.303,00000000
11246,20012.867,00000000
11247,21554.428,00000000
11248,22759.180,00000000
11249,19399.996,00000000
11250,23824.064,00000000
11251,19684.543,00000000
11252,21992.943,00000000
11253,22372.320,00000000
11254,19723.041,00000000
11255,23918.709,00000000
11256,19481.469,00000000
11257,22470.406,00000000
11258,21946.631,00000000
11259,19989.678,00000000
11260,23808.830,00000000
11261,19240.484,00000000
11262,22957.510,00000000
11263,21502.543,00000000
11264,20402.063,00000000
11265,23581.563,00000000
11266,19088.574,00000000
11267,23318.916,00000000
11268,20688.889,00000000
11269,20800.402,00000000
11270,23433.117,00000000
11271,19142.314,00000000
11272,23475.535,00000000
11273,20415.119,00000000
11274,21277.316,00000000
11275,22996.422,00000000
11276,19216.100,00000000
11277,23763.689,00000000
11278,19954.145,00000000
11279,21770.994,00000000
11280,22707.225,00000000
11281,19517.760,00000000
11282,23779.439,00000000
11283,19531.561,00000000
11284,22200.938,00000000
11285,22250.008,00000000
11286,19789.484,00000000
11287,23845.826,00000000
11288,19300.285,00000000
11289,22695.600,00000000
11290,21590.193,00000000
11291,20133.035,00000000
11292,23671.678,00000000
11293,19179.676,00000000
11294,23022.746,00000000
11295,21068.398,00000000
11296,20530.936,00000000
11297,23420.811,00000000
11298,19028.084,00000000
11299,23329.225,00000000
11300,20671.424,00000000
11301,21013.883,00000000
11302,23140.105,00000000
11303,19268.557,00000000
11304,23588.895,00000000
11305,20232.307,00000000
11306,21857.461,00000000
11307,22709.908,00000000
11308,19491.809,00000000
11309,23812.666,00000000
11310,19552.420,00000000
11311,22224.402,00000000
11312,22160.207,00000000
11313,19820.881,00000000
11314,23701.404,00000000
11315,19187.441,00000000
11316,22600.254,00000000
11317,21603.467,00000000
11318,20117.604,00000000
11319,23629.844,00000000
11320,19020.805,00000000
11321,22990.166,00000000
11322,21182.820,00000000
11323,20553.555,00000000
11324,23585.742,00000000
11325,19118.502,00000000
11326,23414.727,00000000
11327,20926.131,00000000
11328,20943.939,00000000
11329,23234.916,00000000
11330,19152.201,00000000
11331,23645.145,00000000
11332,20112.969,00000000
11333,21446.721,00000000
11334,22776.920,00000000
11335,19337.771,00000000
11336,23827.092,00000000
11337,19645.004,00000000
11338,21913.379,00000000
11339,22326.846,00000000
11340,19585.143,00000000
11341,23909.129,00000000
11342,19380.023,00000000
11343,22476.066,00000000
11344,21960.379,00000000
11345,19934.490,00000000
11346,23830.410,00000000
11347,19158.174,00000000
11348,22672.539,00000000
11349,21440.174,00000000
11350,20306.068,00000000
11351,23588.648,00000000
11352,18998.957,00000000
11353,23114.496,00000000
11354,21056.135,00000000
11355,20713.992,00000000
11356,23460.924,00000000
11357,19212.400,00000000
11358,23407.270,00000000
11359,20381.584,00000000
11360,21165.852,00000000
11361,23060.238,00000000
11362,19214.197,00000000
11363,23726.383,00000000
11364,19940.428,00000000
11365,21672.109,00000000
11366,22784.004,00000000
11367,19442.922,00000000
11368,23872.395,00000000
11369,19685.676,00000000
11370,22476.957,00000000
11371,21999.994,00000000
11372,19935.127,00000000
11373,23804.273,00000000
11374,19254.658,00000000
11375,22778.854,00000000
11376,21513.059,00000000
11377,20235.250,00000000
11378,23642.242,00000000
11379,19096.000,00000000
11380,23195.367,00000000
11381,20849.943,00000000
11382,20782.734,00000000
11383,23415.939,00000000
11384,19123.984,00000000
11385,23379.920,00000000
11386,20462.531,00000000
11387,21149.785,00000000
11388,23069.729,00000000
11389,19232.365,00000000
11390,23713.135,00000000
11391,20141.682,00000000
11392,21686.484,00000000
11393,22719.047,00000000
11394,19371.031,00000000
11395,23662.789,00000000
11396,19617.111,00000000
11397,22068.492,00000000
11398,22268.867,00000000
11399,19694.760,00000000
11400,23719.414,00000000
11401,19365.633,00000000
11402,22460.127,00000000
11403,21756.996,00000000
11404,16521.010,00000000
11405,13894.479,00000000
11406,12883.296,00000000
11407,12536.575,00000000
11408,12379.512,00000000
11409,12308.107,00000000
11410,12334.628,00000000
11411,12307.126,00000000
11412,12320.094,00000000
11413,12327.320,00000000
11414,12311.726,00000000
11415,12301.847,00000000
11416,12297.981,00000000
11417,12294.916,00000000
11418,12329.511,00000000
11419,12327.299,00000000
11420,12339.000,00000000
11421,12316.066,00000000
11422,12302.709,00000000
11423,12299.565,00000000
11424,12336.845,00000000
11425,12330.017,00000000
11426,12326.628,00000000
11427,12335.606,00000000
11428,12319.330,00000000
11429,12333.030,00000000
11430,12299.509,00000000
11431,12322.575,00000000
11432,12338.500,00000000
11433,12334.414,00000000
11434,12319.756,00000000
11435,12326.936,00000000
11436,12306.788,00000000
11437,12303.501,00000000
11438,12317.845,00000000
11439,12305.847,00000000
11440,12306.168,00000000
11441,12326.979,00000000
11442,12327.423,00000000
11443,12341.135,00000000
11444,12311.635,00000000
11445,12315.665,00000000
11446,12317.055,00000000
11447,12263.551,00000000
11448,12334.379,00000000
11449,12337.202,00000000
11450,12325.733,00000000
11451,12323.257,00000000
11452,12316.105,00000000
11453,12333.937,00000000
11454,12315.596,00000000
11455,12331.203,00000000
11456,12325.558,00000000
11457,12319.226,00000000
11458,12317.475,00000000
11459,12313.517,00000000
11460,12306.489,00000000
11461,12313.529,00000000
11462,12321.307,00000000
11463,12323.571,00000000
11464,12318.622,00000000
11465,12318.751,00000000
11466,12333.999,00000000
11467,12320.196,00000000
11468,12303.251,00000000
11469,12325.002,00000000
11470,12309.868,00000000
11471,12295.758,00000000
11472,12311.544,00000000
11473,12320.514,00000000
11474,12352.159,00000000
11475,12364.333,00000000
11476,12344.484,00000000
11477,12332.292,00000000
11478,12327.019,00000000
11479,12318.736,00000000
11480,12309.841,00000000
11481,12339.765,00000000
11482,12336.920,00000000
11483,12310.408,00000000
11484,12318.974,00000000
11485,12308.982,00000000
11486,12326.276,00000000
11487,12331.418,00000000
11488,12361.782,00000000
11489,12332.002,00000000
11490,12346.151,00000000
11491,12320.786,00000000
11492,12316.996,00000000
11493,12300.908,00000000
11494,12350.909,00000000
11495,12339.499,00000000
11496,12326.945,00000000
11497,12318.413,00000000
11498,12313.633,00000000
11499,12340.919,00000000
11500,12317.907,00000000
11501,12346.157,00000000
11502,12345.156,00000000
11503,12315.613,00000000
11504,12331.505,00000000
11505,12343.284,00000000
11506,12416.249,00000000
11507,12332.165,00000000
11508,12310.906,00000000
11509,12344.270,00000000
11510,12318.051,00000000
11511,12330.698,00000000
11512,12337.449,00000000
11513,12321.167,00000000
11514,12346.934,00000000
11515,12337.741,00000000
11516,12333.276,00000000
11517,12335.828,00000000
11518,12318.537,00000000
11519,12320.861,00000000
11520,12339.921,00000000
11521,12343.402,00000000
11522,12340.273,00000000
11523,12354.776,00000000
11524,12346.314,00000000
11525,12355.636,00000000
11526,12323.653,00000000
11527,12343.271,00000000
11528,12356.324,00000000
11529,12339.611,00000000
11530,12360.546,00000000
11531,12324.334,00000000
11532,12330.119,00000000
11533,12335.183,00000000
11534,12358.336,00000000
11535,12357.097,00000000
11536,12393.387,00000000
11537,12356.372,00000000
11538,12358.651,00000000
11539,12336.566,00000000
11540,12341.467,00000000
11541,12343.802,00000000
11542,12342.316,00000000
11543,12362.050,00000000
11544,12354.398,00000000
11545,12356.396,00000000
11546,12371.926,00000000
11547,12360.885,00000000
11548,12364.749,00000000
11549,12341.995,00000000
11550,12352.879,00000000
11551,12371.124,00000000
11552,12395.563,00000000
11553,12363.103,00000000
11554,12352.291,00000000
11555,12342.769,00000000
11556,12349.542,00000000
11557,12355.730,00000000
11558,12377.426,00000000
11559,12364.799,00000000
11560,12365.181,00000000
11561,12380.484,00000000
11562,12368.533,00000000
11563,12379.748,00000000
11564,12384.430,00000000
11565,12349.978,00000000
11566,12404.404,00000000
11567,12399.955,00000000
11568,12364.440,00000000
11569,12393.293,00000000
11570,12367.609,00000000
11571,12403.932,00000000
11572,12383.389,00000000
11573,12360.285,00000000
11574,12352.664,00000000
11575,12364.541,00000000
11576,12382.258,00000000
11577,12353.906,00000000
11578,12343.228,00000000
11579,12372.678,00000000
11580,12352.788,00000000
11581,12364.481,00000000
11582,12402.054,00000000
11583,12373.631,00000000
11584,12364.072,00000000
11585,12337.887,00000000
11586,12364.134,00000000
11587,12339.244,00000000
11588,12324.862,00000000
11589,12354.343,00000000
11590,12323.073,00000000
11591,12330.969,00000000
11592,12351.609,00000000
11593,12345.066,00000000
11594,12353.625,00000000
11595,12350.134,00000000
11596,12350.439,00000000
11597,12364.604,00000000
11598,12367.361,00000000
11599,12333.274,00000000
11600,12335.122,00000000
11601,12339.152,00000000
11602,12343.461,00000000
11603,12362.965,00000000
11604,12328.680,00000000
11605,12350.623,00000000
11606,12319.836,00000000
11607,12316.943,00000000
11608,12328.739,00000000
11609,12310.891,00000000
11610,12335.523,00000000
11611,12319.770,00000000
11612,12318.708,00000000
11613,12337.148,00000000
11614,12332.971,00000000
11615,12344.659,00000000
11616,12299.313,00000000
11617,12361.088,00000000
11618,12335.859,00000000
11619,12338.820,00000000
11620,12309.876,00000000
11621,12334.104,00000000
11622,12331.899,00000000
11623,12330.422,00000000
11624,12353.069,00000000
11625,12350.803,00000000
11626,12332.047,00000000
11627,12345.328,00000000
11628,12323.980,00000000
11629,12332.467,00000000
11630,12353.482,00000000
11631,12321.497,00000000
11632,12332.383,00000000
11633,12336.701,00000000
11634,12322.493,00000000
11635,12346.387,00000000
11636,12307.889,00000000
11637,12307.267,00000000
11638,12347.242,00000000
11639,12331.097,00000000
11640,12337.096,00000000
11641,12312.463,00000000
11642,12322.810,00000000
11643,12357.574,00000000
11644,12333.563,00000000
11645,12355.805,00000000
11646,12312.258,00000000
11647,12321.748,00000000
11648,12332.120,00000000
11649,12341.877,00000000
11650,12335.475,00000000
11651,12327.976,00000000
11652,12331.301,00000000
11653,12342.863,00000000
11654,12323.670,00000000
11655,12318.232,00000000
11656,12314.960,00000000
11657,12328.687,00000000
11658,12315.264,00000000
11659,12361.822,00000000
11660,12343.828,00000000
11661,12332.729,00000000
11662,12290.673,00000000
11663,12330.779,00000000
11664,12334.198,00000000
11665,12314.307,00000000
11666,12339.793,00000000
11667,12328.839,00000000
11668,12339.429,00000000
11669,12336.190,00000000
11670,12345.325,00000000
11671,12347.755,00000000
11672,12336.366,00000000
11673,12335.655,00000000
11674,12335.131,00000000
11675,12346.760,00000000
11676,12352.915,00000000
11677,12347.255,00000000
11678,12357.917,00000000
11679,12354.607,00000000
11680,12330.895,00000000
11681,12339.871,00000000
11682,12309.454,00000000
11683,12353.821,00000000
11684,12380.022,00000000
11685,12356.028,00000000
11686,12368.871,00000000
11687,12323.711,00000000
11688,12326.335,00000000
11689,12329.006,00000000
11690,12331.739,00000000
11691,12335.176,00000000
11692,12310.116,00000000
11693,12305.972,00000000
11694,12335.119,00000000
11695,12316.868,00000000
11696,12344.028,00000000
11697,12319.452,00000000
11698,12336.505,00000000
11699,12312.537,00000000
11700,12323.348,00000000
11701,12313.549,00000000
11702,12295.243,00000000
11703,12312.987,00000000
11704,12344.103,00000000
11705,12354.170,00000000
11706,12335.742,00000000
11707,12319.693,00000000
11708,12308.613,00000000
11709,12317.798,00000000
11710,12324.353,00000000
11711,12327.824,00000000
11712,12307.945,00000000
11713,12324.313,00000000
11714,12322.987,00000000
11715,12317.826,00000000
11716,12304.040,00000000
11717,12307.345,00000000
11718,12321.028,00000000
11719,12303.378,00000000
11720,12350.664,00000000
11721,12347.616,00000000
11722,12318.107,00000000
11723,12305.856,00000000
11724,12348.281,00000000
11725,12328.673,00000000
11726,12322.950,00000000
11727,12331.539,00000000
11728,12294.108,00000000
11729,12317.284,00000000
11730,12330.470,00000000
11731,12327.168,00000000
11732,12331.885,00000000
11733,12306.488,00000000
11734,12318.070,00000000
11735,12323.185,00000000
11736,12326.319,00000000
11737,12331.965,00000000
11738,12337.532,00000000
11739,12307.243,00000000
11740,12331.573,00000000
11741,12323.037,00000000
11742,12321.706,00000000
11743,12312.212,00000000
11744,12300.459,00000000
11745,12327.442,00000000
11746,12301.512,00000000
11747,12326.108,00000000
11748,12316.401,00000000
11749,12320.875,00000000
11750,12310.179,00000000
11751,12303.948,00000000
11752,12316.882,00000000
11753,12330.068,00000000
11754,12313.471,00000000
11755,12347.707,00000000
11756,12327.378,00000000
11757,12312.628,00000000
11758,12322.734,00000000
11759,12319.446,00000000
11760,12322.267,00000000
11761,12331.313,00000000
11762,12358.615,00000000
11763,12338.266,00000000
11764,12303.372,00000000
11765,12321.313,00000000
11766,12327.229,00000000
11767,12304.412,00000000
11768,12332.088,00000000
11769,12293.588,00000000
11770,12312.052,00000000
11771,12349.181,00000000
11772,12320.413,00000000
11773,12329.125,00000000
11774,12300.686,00000000
11775,12293.275,00000000
11776,12315.774,00000000
11777,12310.768,00000000
11778,12299.923,00000000
11779,12311.606,00000000
11780,12315.895,00000000
11781,12307.442,00000000
11782,12301.574,00000000
11783,12340.937,00000000
11784,12322.668,00000000
11785,12326.205,00000000
11786,12319.835,00000000
11787,12300.571,00000000
11788,12325.395,00000000
11789,12311.725,00000000
11790,12308.057,00000000
11791,12317.925,00000000
11792,12316.915,00000000
11793,12324.741,00000000
11794,12324.243,00000000
11795,12318.869,00000000
11796,12315.097,00000000
11797,12286.465,00000000
11798,12313.611,00000000
11799,12328.563,00000000
11800,12287.848,00000000
11801,12298.564,00000000
11802,12302.697,00000000
11803,12295.433,00000000
11804,12310.748,00000000
11805,12311.693,00000000
11806,12301.715,00000000
11807,12334.339,00000000
11808,12334.792,00000000
11809,12310.710,00000000
11810,12288.909,00000000
11811,12313.621,00000000
11812,12304.217,00000000
11813,12309.721,00000000
11814,12320.391,00000000
11815,12302.469,00000000
11816,12313.150,00000000
11817,12300.688,00000000
11818,12291.139,00000000
11819,12294.912,00000000
11820,12286.589,00000000
11821,12290.333,00000000
11822,12305.385,00000000
11823,12287.413,00000000
11824,12337.599,00000000
11825,12302.410,00000000
11826,12305.394,00000000
11827,12308.758,00000000
11828,12327.636,00000000
11829,12322.036,00000000
11830,12330.896,00000000
11831,12313.320,00000000
11832,12322.159,00000000
11833,12316.620,00000000
11834,12318.146,00000000
11835,12306.770,00000000
11836,12288.696,00000000
11837,12294.670,00000000
11838,12348.269,00000000
11839,12313.765,00000000
11840,12308.199,00000000
11841,12297.669,00000000
11842,12757.597,00000000
11843,12491.619,00000000
11844,12382.118,00000000
11845,12341.150,00000000
11846,12331.344,00000000
11847,12316.044,00000000
11848,12300.448,00000000
11849,12299.661,00000000
11850,12292.262,00000000
11851,12311.636,00000000
11852,12312.952,00000000
11853,12330.737,00000000
11854,12312.558,00000000
11855,12322.820,00000000
11856,12298.020,00000000
11857,12286.614,00000000
11858,12326.160,00000000
11859,12311.636,00000000
11860,12314.134,00000000
11861,12348.556,00000000
11862,12316.283,00000000
11863,12329.619,00000000
11864,12323.503,00000000
11865,12339.270,00000000
11866,12316.157,00000000
11867,12304.646,00000000
11868,12326.391,00000000
11869,12315.601,00000000
11870,12302.488,00000000
11871,12308.909,00000000
11872,12319.538,00000000
11873,12319.854,00000000
11874,12339.928,00000000
11875,12307.660,00000000
11876,12319.936,00000000
11877,12319.713,00000000
11878,12335.063,00000000
11879,12366.094,00000000
11880,12309.383,00000000
11881,12331.254,00000000
11882,12325.885,00000000
11883,12328.583,00000000
11884,12316.286,00000000
11885,12318.796,00000000
11886,12340.716,00000000
11887,12322.380,00000000
11888,12309.063,00000000
11889,12311.053,00000000
11890,12321.564,00000000
11891,12305.003,00000000
11892,12310.624,00000000
11893,12315.402,00000000
11894,12329.615,00000000
11895,12310.813,00000000
11896,12316.240,00000000
11897,12295.641,00000000
11898,12308.441,00000000
11899,12327.188,00000000
11900,12312.081,00000000
11901,12291.771,00000000
11902,12290.268,00000000
11903,12268.733,00000000
11904,12303.515,00000000
11905,12285.902,00000000
11906,12273.468,00000000
11907,12293.368,00000000
11908,12273.792,00000000
11909,12289.585,00000000
11910,12305.991,00000000
11911,12302.521,00000000
11912,12779.965,00000000
11913,12472.984,00000000
11914,12736.172,00000000
11915,12469.671,00000000
11916,12638.152,00000000
11917,12770.201,00000000
11918,12516.988,00000000
11919,12861.864,00000000
11920,12504.347,00000000
11921,12721.323,00000000
11922,12461.315,00000000
11923,12601.469,00000000
11924,12944.055,00000000
11925,12544.551,00000000
11926,12807.190,00000000
11927,12489.807,00000000
11928,12692.149,00000000
11929,12453.489,00000000
11930,12594.345,00000000
11931,12922.347,00000000
11932,14104.724,00000000
11933,14609.395,00000000
11934,15128.659,00000000
11935,16213.434,00000000
11936,17073.803,00000000
11937,21486.301,00000000
11938,19620.279,00000000
11939,21477.174,00000000
11940,22442.416,00000000
11941,19799.697,00000000
11942,22726.793,00000000
11943,21382.195,00000000
11944,20500.158,00000000
11945,23127.035,00000000
11946,20376.961,00000000
11947,21755.395,00000000
11948,22593.631,00000000
11949,19846.658,00000000
11950,22784.770,00000000
11951,21388.873,00000000
11952,20353.539,00000000
11953,23190.752,00000000
11954,20319.223,00000000
11955,21673.590,00000000
11956,22596.531,00000000
11957,19911.705,00000000
11958,22571.500,00000000
11959,21465.498,00000000
11960,20575.887,00000000
11961,23145.096,00000000
11962,20381.775,00000000
11963,21800.566,00000000
11964,22500.441,00000000
11965,19907.945,00000000
11966,22909.867,00000000
11967,21420.432,00000000
11968,20437.121,00000000
11969,23162.535,00000000
11970,20311.059,00000000
11971,21670.457,00000000
11972,22668.684,00000000
11973,19988.002,00000000
11974,22841.281,00000000
11975,21521.152,00000000
11976,20557.580,00000000
11977,23101.229,00000000
11978,20406.424,00000000
11979,21849.803,00000000
11980,22727.729,00000000
11981,19966.906,00000000
11982,22810.709,00000000
11983,21442.992,00000000
11984,20501.527,00000000
11985,23161.172,00000000
11986,20417.324,00000000
11987,21655.416,00000000
11988,22702.326,00000000
11989,20019.307,00000000
11990,22840.316,00000000
11991,21476.682,00000000
11992,20570.924,00000000
11993,23087.521,00000000
11994,20453.047,00000000
11995,21714.336,00000000
11996,23264.641,00000000
11997,20152.920,00000000
11998,22205.768,00000000
11999,22064.943,00000000
12000,20093.949,00000000
12001,23177.119,00000000
12002,20889.008,00000000
12003,21014.621,00000000
12004,23003.395,00000000
12005,20051.639,00000000
12006,22309.898,00000000
12007,22061.137,00000000
12008,19945.467,00000000
12009,23074.072,00000000
12010,20895.838,00000000
12011,21036.834,00000000
12012,22944.154,00000000
12013,20040.621,00000000
12014,22173.732,00000000
12015,22044.693,00000000
12016,20085.527,00000000
12017,23102.258,00000000
12018,20875.654,00000000
12019,21041.693,00000000
12020,22979.273,00000000
12021,20103.348,00000000
12022,22273.994,00000000
12023,22091.631,00000000
12024,19966.986,00000000
12025,22870.236,00000000
12026,20878.391,00000000
12027,20748.125,00000000
12028,23068.346,00000000
12029,20161.461,00000000
12030,22140.223,00000000
12031,22060.492,00000000
12032,20036.111,00000000
12033,22996.799,00000000
12034,20866.666,00000000
12035,20846.166,00000000
12036,22907.641,00000000
12037,20021.230,00000000
12038,22152.109,00000000
12039,22141.873,00000000
12040,19845.760,00000000
12041,22970.502,00000000
12042,20877.467,00000000
12043,20783.971,00000000
12044,22929.006,00000000
12045,20038.012,00000000
12046,22220.967,00000000
12047,22053.346,00000000
12048,19968.656,00000000
12049,23011.756,00000000
12050,20898.740,00000000
12051,20773.066,00000000
12052,22964.146,00000000
12053,20037.314,00000000
12054,22080.160,00000000
12055,22078.750,00000000
12056,19980.266,00000000
12057,22944.586,00000000
12058,20963.984,00000000
12059,20939.773,00000000
12060,23357.150,00000000
12061,20483.275,00000000
12062,21637.531,00000000
12063,22646.553,00000000
12064,19896.076,00000000
12065,22697.543,00000000
12066,21507.008,00000000
12067,20362.301,00000000
12068,23149.756,00000000
12069,20404.414,00000000
12070,21506.578,00000000
12071,22513.715,00000000
12072,19830.543,00000000
12073,22722.307,00000000
12074,21503.287,00000000
12075,20362.703,00000000
12076,23038.193,00000000
12077,20494.145,00000000
12078,21404.219,00000000
12079,22713.350,00000000
12080,19935.016,00000000
12081,22531.906,00000000
12082,21442.996,00000000
12083,20341.445,00000000
12084,23017.555,00000000
12085,20483.906,00000000
12086,21429.307,00000000
12087,22591.834,00000000
12088,19850.563,00000000
12089,22442.596,00000000
12090,21529.258,00000000
12091,20402.244,00000000
12092,23070.781,00000000
12093,20506.869,00000000
12094,21484.020,00000000
12095,22649.273,00000000
12096,19801.361,00000000
12097,22609.160,00000000
12098,21573.299,00000000
12099,20415.080,00000000
12100,23040.846,00000000
12101,20461.188,00000000
12102,21472.713,00000000
12103,22755.529,00000000
12104,19816.504,00000000
12105,22589.252,00000000
12106,21571.307,00000000
12107,20291.170,00000000
12108,23056.092,00000000
12109,20425.639,00000000
12110,21596.695,00000000
12111,22666.904,00000000
12112,19850.416,00000000
12113,22662.510,00000000
12114,21652.199,00000000
12115,20191.473,00000000
12116,23126.045,00000000
12117,20453.119,00000000
12118,21480.082,00000000
12119,22627.342,00000000
12120,19869.510,00000000
12121,22668.334,00000000
12122,21694.736,00000000
12123,20549.965,00000000
12124,23173.303,00000000
12125,20952.949,00000000
12126,20747.676,00000000
12127,23052.877,00000000
12128,20080.904,00000000
12129,22098.699,00000000
12130,22211.875,00000000
12131,19926.715,00000000
12132,22940.186,00000000
12133,20937.457,00000000
12134,20652.629,00000000
12135,22963.133,00000000
12136,20042.252,00000000
12137,22061.139,00000000
12138,22149.941,00000000
12139,19784.689,00000000
12140,23025.357,00000000
12141,21021.625,00000000
12142,20706.555,00000000
12143,23035.670,00000000
12144,20136.301,00000000
12145,22153.346,00000000
12146,22298.449,00000000
12147,19872.717,00000000
12148,22899.355,00000000
12149,21045.063,00000000
12150,20636.090,00000000
12151,23034.375,00000000
12152,20133.494,00000000
12153,22088.635,00000000
12154,22153.711,00000000
12155,19925.830,00000000
12156,22924.594,00000000
12157,21047.914,00000000
12158,20722.559,00000000
12159,23089.119,00000000
12160,20129.195,00000000
12161,22128.236,00000000
12162,22275.020,00000000
12163,19894.156,00000000
12164,22833.168,00000000
12165,21012.844,00000000
12166,20647.629,00000000
12167,23094.746,00000000
12168,20195.221,00000000
12169,21985.414,00000000
12170,22197.691,00000000
12171,19908.557,00000000
12172,22843.170,00000000
12173,21115.820,00000000
12174,20821.143,00000000
12175,23033.479,00000000
12176,20142.246,00000000
12177,21859.225,00000000
12178,22229.346,00000000
12179,19888.383,00000000
12180,22835.600,00000000
12181,21084.961,00000000
12182,20735.355,00000000
12183,22928.652,00000000
12184,20105.166,00000000
12185,21841.889,00000000
12186,22282.033,00000000
12187,20269.820,00000000
12188,22580.186,00000000
12189,21648.695,00000000
12190,20198.873,00000000
12191,23121.553,00000000
12192,20480.607,00000000
12193,21258.023,00000000
12194,22635.990,00000000
12195,19878.330,00000000
12196,22427.637,00000000
12197,21669.502,00000000
12198,20190.006,00000000
12199,23064.902,00000000
12200,20518.104,00000000
12201,21229.201,00000000
12202,22805.494,00000000
12203,19944.877,00000000
12204,22391.115,00000000
12205,21671.123,00000000
12206,20219.713,00000000
12207,23054.188,00000000
12208,20499.424,00000000
12209,21268.771,00000000
12210,22732.475,00000000
12211,19965.248,00000000
12212,22429.670,00000000
12213,21682.084,00000000
12214,20160.916,00000000
12215,23030.244,00000000
12216,20483.975,00000000
12217,21298.271,00000000
12218,22694.834,00000000
12219,19848.602,00000000
12220,22402.742,00000000
12221,21769.648,00000000
12222,20198.672,00000000
12223,22957.256,00000000
12224,20573.299,00000000
12225,21260.307,00000000
12226,22734.051,00000000
12227,19886.029,00000000
12228,22412.889,00000000
12229,21747.234,00000000
12230,20045.541,00000000
12231,22953.510,00000000
12232,20555.289,00000000
12233,21307.051,00000000
12234,22782.928,00000000
12235,19855.617,00000000
12236,22443.410,00000000
12237,21820.154,00000000
12238,20106.051,00000000
12239,23017.719,00000000
12240,20669.969,00000000
12241,21343.600,00000000
12242,22790.689,00000000
12243,19823.008,00000000
12244,22445.926,00000000
12245,21782.998,00000000
12246,20093.436,00000000
12247,23080.660,00000000
12248,20629.697,00000000
12249,21281.885,00000000
12250,22816.137,00000000
12251,20551.828,00000000
12252,22113.912,00000000
12253,22318.451,00000000
12254,19864.602,00000000
12255,22830.637,00000000
12256,21168.721,00000000
12257,20381.771,00000000
12258,23055.686,00000000
12259,20208.109,00000000
12260,21926.926,00000000
12261,22253.766,00000000
12262,19779.199,00000000
12263,22839.566,00000000
12264,21171.262,00000000
12265,20471.660,00000000
12266,23035.881,00000000
12267,20274.244,00000000
12268,21927.973,00000000
12269,22290.264,00000000
12270,19752.660,00000000
12271,22858.557,00000000
12272,21157.201,00000000
12273,20553.697,00000000
12274,22979.717,00000000
12275,20117.725,00000000
12276,21927.123,00000000
12277,22407.449,00000000
12278,19848.455,00000000
12279,22732.160,00000000
12280,21209.576,00000000
12281,20585.371,00000000
12282,23060.633,00000000
12283,20134.684,00000000
12284,21869.303,00000000
12285,22342.119,00000000
12286,19820.803,00000000
12287,22766.619,00000000
12288,21206.686,00000000
12289,20640.023,00000000
12290,23115.594,00000000
12291,20240.539,00000000
12292,21662.783,00000000
12293,22416.207,00000000
12294,19912.939,00000000
12295,22762.629,00000000
12296,21220.080,00000000
12297,20630.414,00000000
12298,23141.102,00000000
12299,20016.994,00000000
12300,21734.225,00000000
12301,22326.893,00000000
12302,19860.600,00000000
12303,22812.297,00000000
12304,21278.791,00000000
12305,20526.195,00000000
12306,23050.914,00000000
12307,20245.920,00000000
12308,21807.678,00000000
12309,22486.248,00000000
12310,19837.701,00000000
12311,22780.748,00000000
12312,21240.141,00000000
12313,20378.836,00000000
12314,23109.723,00000000
12315,21022.168,00000000
12316,21369.076,00000000
12317,22874.570,00000000
12318,19970.670,00000000
12319,22213.715,00000000
12320,21914.533,00000000
12321,19975.111,00000000
12322,22924.490,00000000
12323,20686.199,00000000
12324,21304.852,00000000
12325,22859.143,00000000
12326,19992.145,00000000
12327,22370.141,00000000
12328,21868.146,00000000
12329,20027.244,00000000
12330,22988.510,00000000
12331,20784.508,00000000
12332,20920.424,00000000
12333,22822.559,00000000
12334,19950.619,00000000
12335,22277.174,00000000
12336,21862.031,00000000
12337,19943.396,00000000
12338,23019.502,00000000
12339,20758.521,00000000
12340,20957.318,00000000
12341,22851.387,00000000
12342,19926.680,00000000
12343,22464.891,00000000
12344,21960.992,00000000
12345,20042.879,00000000
12346,23110.572,00000000
12347,20795.459,00000000
12348,20967.691,00000000
12349,22976.693,00000000
12350,19932.781,00000000
12351,22401.246,00000000
12352,21967.098,00000000
12353,20052.393,00000000
12354,22994.268,00000000
12355,20768.518,00000000
12356,20991.645,00000000
12357,22949.213,00000000
12358,19974.455,00000000
12359,22302.053,00000000
12360,21874.100,00000000
12361,20097.510,00000000
12362,23001.234,00000000
12363,20795.301,00000000
12364,20949.738,00000000
12365,22950.203,00000000
12366,19934.328,00000000
12367,22139.115,00000000
12368,21876.486,00000000
12369,20114.605,00000000
12370,23098.221,00000000
12371,20818.094,00000000
12372,21078.428,00000000
12373,22838.320,00000000
12374,19968.090,00000000
12375,22202.768,00000000
12376,21867.063,00000000
12377,20080.479,00000000
12378,23006.469,00000000
12379,21682.666,00000000
12380,20657.875,00000000
12381,23137.191,00000000
12382,20376.959,00000000
12383,21578.158,00000000
12384,22410.689,00000000
12385,19835.123,00000000
12386,22614.811,00000000
12387,21468.795,00000000
12388,20516.506,00000000
12389,23120.604,00000000
12390,20297.672,00000000
12391,21652.918,00000000
12392,22563.027,00000000
12393,19947.014,00000000
12394,22725.178,00000000
12395,21466.889,00000000
12396,20421.738,00000000
12397,23046.988,00000000
12398,20339.324,00000000
12399,21654.182,00000000
12400,22623.439,00000000
12401,19955.742,00000000
12402,22732.373,00000000
12403,21406.652,00000000
12404,20189.619,00000000
12405,23035.689,00000000
12406,20288.012,00000000
12407,21674.479,00000000
12408,22523.691,00000000
12409,19863.227,00000000
12410,22774.291,00000000
12411,21448.045,00000000
12412,20309.721,00000000
12413,23170.973,00000000
12414,20341.010,00000000
12415,21694.832,00000000
12416,22532.008,00000000
12417,19858.088,00000000
12418,22708.307,00000000
12419,21377.654,00000000
12420,20391.410,00000000
12421,23152.484,00000000
12422,20395.338,00000000
12423,21659.244,00000000
12424,22600.287,00000000
12425,19853.736,00000000
12426,22754.525,00000000
12427,21389.818,00000000
12428,20471.307,00000000
12429,23033.299,00000000
12430,20410.367,00000000
12431,21505.404,00000000
12432,22665.738,00000000
12433,19826.021,00000000
12434,22591.535,00000000
12435,21362.875,00000000
12436,20437.129,00000000
12437,23090.873,00000000
12438,20364.518,00000000
12439,21475.840,00000000
12440,22565.623,00000000
12441,19833.486,00000000
12442,22700.266,00000000
12443,22420.383,00000000
12444,20150.387,00000000
12445,23000.885,00000000
12446,20899.268,00000000
12447,20934.832,00000000
12448,22887.441,00000000
12449,20081.721,00000000
12450,22080.643,00000000
12451,22054.781,00000000
12452,20047.844,00000000
12453,22995.697,00000000
12454,20922.803,00000000
12455,20947.229,00000000
12456,22916.123,00000000
12457,19974.299,00000000
12458,22003.686,00000000
12459,22053.082,00000000
12460,19973.951,00000000
12461,23057.322,00000000
12462,20896.199,00000000
12463,20966.740,00000000
12464,22880.637,00000000
12465,20034.791,00000000
12466,21998.195,00000000
12467,22125.203,00000000
12468,19998.291,00000000
12469,22927.896,00000000
12470,20893.506,00000000
12471,20846.070,00000000
12472,22943.367,00000000
12473,20110.303,00000000
12474,22153.979,00000000
12475,22116.908,00000000
12476,19925.422,00000000
12477,22892.150,00000000
12478,20956.023,00000000
12479,20758.912,00000000
12480,22925.844,00000000
12481,20071.109,00000000
12482,22126.242,00000000
12483,22051.424,00000000
12484,19795.527,00000000
12485,22996.316,00000000
12486,20979.852,00000000
12487,20766.184,00000000
12488,22992.613,00000000
12489,20105.689,00000000
12490,22230.625,00000000
12491,22051.191,00000000
12492,19878.480,00000000
12493,22828.754,00000000
12494,20990.488,00000000
12495,20779.406,00000000
12496,22991.686,00000000
12497,20131.674,00000000
12498,22144.840,00000000
12499,22118.430,00000000
12500,20072.311,00000000
12501,22929.781,00000000
12502,20990.150,00000000
12503,20809.316,00000000
12504,22927.590,00000000
12505,20029.518,00000000
12506,21990.934,00000000
12507,22968.113,00000000
12508,20072.988,00000000
12509,22598.082,00000000
12510,21562.947,00000000
12511,20328.943,00000000
12512,23071.195,00000000
12513,20413.020,00000000
12514,21327.568,00000000
12515,22654.344,00000000
12516,19893.684,00000000
12517,22461.809,00000000
12518,21600.900,00000000
12519,20377.885,00000000
12520,23005.818,00000000
12521,20530.176,00000000
12522,21498.846,00000000
12523,22699.607,00000000
12524,19799.145,00000000
12525,22562.295,00000000
12526,21603.877,00000000
12527,20219.951,00000000
12528,23073.379,00000000
12529,20548.330,00000000
12530,21442.053,00000000
12531,22658.098,00000000
12532,19804.965,00000000
12533,22634.324,00000000
12534,21660.404,00000000
12535,20276.371,00000000
12536,23086.574,00000000
12537,20527.521,00000000
12538,21447.734,00000000
12539,22779.955,00000000
12540,19845.893,00000000
12541,22547.854,00000000
12542,21569.484,00000000
12543,20146.344,00000000
12544,23109.902,00000000
12545,20549.713,00000000
12546,21393.701,00000000
12547,22587.980,00000000
12548,19845.867,00000000
12549,22651.416,00000000
12550,21615.738,00000000
12551,20258.309,00000000
12552,23135.326,00000000
12553,20488.732,00000000
12554,21318.854,00000000
12555,22591.230,00000000
12556,19871.451,00000000
12557,22502.574,00000000
12558,21607.336,00000000
12559,20338.809,00000000
12560,23056.920,00000000
12561,20496.576,00000000
12562,21383.422,00000000
12563,22718.318,00000000
12564,19947.316,00000000
12565,22412.404,00000000
12566,21562.924,00000000
12567,20247.494,00000000
12568,22993.283,00000000
12569,20464.004,00000000
12570,21380.775,00000000
12571,23290.285,00000000
12572,20185.736,00000000
12573,22019.613,00000000
12574,22192.104,00000000
12575,19915.447,00000000
12576,22905.244,00000000
12577,21110.148,00000000
12578,20790.934,00000000
12579,22999.264,00000000
12580,20116.941,00000000
12581,21780.111,00000000
12582,22334.512,00000000
12583,19943.227,00000000
12584,22899.713,00000000
12585,21094.240,00000000
12586,20718.834,00000000
12587,22901.875,00000000
12588,20144.193,00000000
12589,21847.818,00000000
12590,22202.674,00000000
12591,19909.955,00000000
12592,22914.035,00000000
12593,21093.945,00000000
12594,20638.758,00000000
12595,22940.400,00000000
12596,20102.170,00000000
12597,21996.875,00000000
12598,22253.988,00000000
12599,19788.711,00000000
12600,22850.086,00000000
12601,21106.758,00000000
12602,20539.945,00000000
12603,23048.980,00000000
12604,20068.605,00000000
12605,21953.934,00000000
12606,22285.621,00000000
12607,19767.338,00000000
12608,22933.527,00000000
12609,21075.033,00000000
12610,20629.143,00000000
12611,23081.674,00000000
12612,20161.563,00000000
12613,22023.674,00000000
12614,22300.297,00000000
12615,19877.461,00000000
12616,22850.004,00000000
12617,21093.592,00000000
12618,20660.328,00000000
12619,22994.039,00000000
12620,20164.510,00000000
12621,21947.299,00000000
12622,22246.410,00000000
12623,19847.432,00000000
12624,22837.988,00000000
12625,21113.738,00000000
12626,20764.291,00000000
12627,23172.238,00000000
12628,20190.514,00000000
12629,21694.104,00000000
12630,22352.813,00000000
12631,19874.363,00000000
12632,22828.658,00000000
12633,21117.719,00000000
12634,20782.867,00000000
12635,23290.965,00000000
12636,20662.180,00000000
12637,21196.033,00000000
12638,22807.596,00000000
12639,19964.707,00000000
12640,22330.699,00000000
12641,21767.666,00000000
12642,20192.293,00000000
12643,23086.523,00000000
12644,20562.590,00000000
12645,21280.363,00000000
12646,22776.348,00000000
12647,19987.729,00000000
12648,22397.627,00000000
12649,21883.051,00000000
12650,20083.705,00000000
12651,22997.629,00000000
12652,20657.375,00000000
12653,21289.406,00000000
12654,22750.832,00000000
12655,19889.217,00000000
12656,22460.201,00000000
12657,21778.881,00000000
12658,20057.373,00000000
12659,23062.598,00000000
12660,20617.705,00000000
12661,21352.115,00000000
12662,22823.291,00000000
12663,19899.957,00000000
12664,22436.572,00000000
12665,21757.951,00000000
12666,20000.703,00000000
12667,23131.059,00000000
12668,20699.729,00000000
12669,21314.861,00000000
12670,22756.836,00000000
12671,19872.049,00000000
12672,22461.549,00000000
12673,21808.584,00000000
12674,20148.793,00000000
12675,23101.344,00000000
12676,20686.982,00000000
12677,21066.473,00000000
12678,22815.760,00000000
12679,19889.092,00000000
12680,22528.813,00000000
12681,21823.148,00000000
12682,20112.164,00000000
12683,23043.965,00000000
12684,20663.828,00000000
12685,21115.602,00000000
12686,22918.598,00000000
12687,19946.936,00000000
12688,22372.770,00000000
12689,21735.938,00000000
12690,20167.281,00000000
12691,23133.051,00000000
12692,20722.660,00000000
12693,21149.035,00000000
12694,22826.963,00000000
12695,19970.303,00000000
12696,22282.217,00000000
12697,21822.666,00000000
12698,20272.260,00000000
12699,22851.268,00000000
12700,21308.928,00000000
12701,20603.895,00000000
12702,23125.654,00000000
12703,20232.914,00000000
12704,21625.201,00000000
12705,22430.467,00000000
12706,19812.611,00000000
12707,22706.689,00000000
12708,21241.795,00000000
12709,20586.953,00000000
12710,23054.158,00000000
12711,20206.260,00000000
12712,21728.221,00000000
12713,22458.742,00000000
12714,19922.859,00000000
12715,22842.330,00000000
12716,21292.025,00000000
12717,20586.852,00000000
12718,23060.434,00000000
12719,20242.264,00000000
12720,21707.328,00000000
12721,22481.078,00000000
12722,19904.941,00000000
12723,22833.736,00000000
12724,21303.455,00000000
12725,20383.715,00000000
12726,23083.189,00000000
12727,20276.693,00000000
12728,21783.789,00000000
12729,22378.900,00000000
12730,19853.043,00000000
12731,22866.809,00000000
12732,21345.971,00000000
12733,20407.914,00000000
12734,23021.463,00000000
12735,20237.883,00000000
12736,21819.521,00000000
12737,22436.756,00000000
12738,19796.301,00000000
12739,22729.664,00000000
12740,21318.658,00000000
12741,20468.422,00000000
12742,23079.855,00000000
12743,20288.334,00000000
12744,21803.463,00000000
12745,22461.535,00000000
12746,19717.318,00000000
12747,22792.359,00000000
12748,21298.988,00000000
12749,20474.947,00000000
12750,23023.125,00000000
12751,20361.734,00000000
12752,21650.375,00000000
12753,22465.783,00000000
12754,19779.287,00000000
12755,22771.381,00000000
12756,21359.518,00000000
12757,20556.746,00000000
12758,23084.756,00000000
12759,20285.914,00000000
12760,21579.410,00000000
12761,22449.012,00000000
12762,20396.994,00000000
12763,22414.492,00000000
12764,22002.057,00000000
12765,20102.953,00000000
12766,22999.021,00000000
12767,20769.639,00000000
12768,21014.260,00000000
12769,22955.742,00000000
12770,19975.613,00000000
12771,22333.133,00000000
12772,21907.789,00000000
12773,19987.279,00000000
12774,22974.441,00000000
12775,20799.439,00000000
12776,21016.484,00000000
12777,22983.123,00000000
12778,19979.238,00000000
12779,22083.934,00000000
12780,21942.025,00000000
12781,20030.793,00000000
12782,23067.941,00000000
12783,20845.369,00000000
12784,21083.301,00000000
12785,22893.240,00000000
12786,19994.889,00000000
12787,22156.934,00000000
12788,21903.875,00000000
12789,19981.723,00000000
12790,23031.117,00000000
12791,20864.133,00000000
12792,20913.480,00000000
12793,22775.402,00000000
12794,19994.285,00000000
12795,22256.105,00000000
12796,22056.547,00000000
12797,19910.910,00000000
12798,23013.727,00000000
12799,20859.387,00000000
12800,20824.121,00000000
12801,22897.441,00000000
12802,20044.043,00000000
12803,22298.490,00000000
12804,21962.275,00000000
12805,19954.182,00000000
12806,22974.750,00000000
12807,20813.563,00000000
12808,20859.391,00000000
12809,22903.662,00000000
12810,20041.537,00000000
12811,22360.680,00000000
12812,22052.656,00000000
12813,20037.006,00000000
12814,23075.160,00000000
12815,20823.420,00000000
12816,20923.469,00000000
12817,23001.844,00000000
12818,20039.111,00000000
12819,22144.135,00000000
12820,21992.416,00000000
12821,20075.514,00000000
12822,23084.930,00000000
12823,20859.754,00000000
12824,21028.990,00000000
12825,22963.254,00000000
12826,20834.578,00000000
12827,21714.965,00000000
12828,22560.525,00000000
12829,19789.520,00000000
12830,22677.986,00000000
12831,21432.053,00000000
12832,20424.578,00000000
12833,23008.160,00000000
12834,20385.838,00000000
12835,21431.336,00000000
12836,22563.660,00000000
12837,19850.291,00000000
12838,22672.271,00000000
12839,21441.361,00000000
12840,20447.189,00000000
12841,23076.986,00000000
12842,20442.285,00000000
12843,21512.955,00000000
12844,22543.518,00000000
12845,19807.246,00000000
12846,22553.227,00000000
12847,21536.813,00000000
12848,20475.689,00000000
12849,23159.705,00000000
12850,20415.721,00000000
12851,21598.188,00000000
12852,22632.988,00000000
12853,19875.207,00000000
12854,22682.543,00000000
12855,21500.336,00000000
12856,20219.309,00000000
12857,23049.635,00000000
12858,20305.537,00000000
12859,21580.115,00000000
12860,22466.836,00000000
12861,19847.607,00000000
12862,22657.221,00000000
12863,21489.859,00000000
12864,20231.520,00000000
12865,23009.102,00000000
12866,20284.154,00000000
12867,21651.869,00000000
12868,22517.648,00000000
12869,19814.012,00000000
12870,22647.736,00000000
12871,21483.824,00000000
12872,20394.895,00000000
12873,23040.975,00000000
12874,20424.650,00000000
12875,21557.770,00000000
12876,22593.900,00000000
12877,19804.139,00000000
12878,22711.291,00000000
12879,21473.852,00000000
12880,20396.480,00000000
12881,23046.193,00000000
12882,20491.732,00000000
12883,21441.354,00000000
12884,22681.174,00000000
12885,19813.434,00000000
12886,22558.018,00000000
12887,21514.426,00000000
12888,20394.266,00000000
12889,23095.576,00000000
12890,21287.865,00000000
12891,21049.814,00000000
12892,23015.889,00000000
12893,20040.387,00000000
12894,21942.961,00000000
12895,22184.229,00000000
12896,19990.791,00000000
12897,22948.617,00000000
12898,20920.639,00000000
12899,20997.324,00000000
12900,22989.873,00000000
12901,19946.611,00000000
12902,22073.869,00000000
12903,22116.879,00000000
12904,19889.369,00000000
12905,23028.357,00000000
12906,20915.320,00000000
12907,20933.236,00000000
12908,22988.465,00000000
12909,20001.223,00000000
12910,22026.293,00000000
12911,22104.900,00000000
12912,19866.654,00000000
12913,23031.676,00000000
12914,20966.484,00000000
12915,20617.182,00000000
12916,23019.311,00000000
12917,20098.770,00000000
12918,22166.426,00000000
12919,22180.354,00000000
12920,19829.629,00000000
12921,22888.477,00000000
12922,20924.871,00000000
12923,20781.459,00000000
12924,22950.416,00000000
12925,17234.914,00000000
12926,14121.593,00000000
12927,13002.360,00000000
12928,12571.501,00000000
12929,12395.564,00000000
12930,12363.044,00000000
12931,12334.645,00000000
12932,12302.594,00000000
12933,12339.080,00000000
12934,12308.955,00000000
12935,12314.905,00000000
12936,12305.455,00000000
12937,12306.819,00000000
12938,12312.592,00000000
12939,12306.527,00000000
12940,12311.222,00000000
12941,12241.046,00000000
12942,12309.522,00000000
12943,12325.416,00000000
12944,12330.302,00000000
12945,12316.146,00000000
12946,12317.743,00000000
12947,12320.430,00000000
12948,12321.580,00000000
12949,12318.520,00000000
12950,12333.879,00000000
12951,12324.587,00000000
12952,12321.742,00000000
12953,12331.217,00000000
12954,12349.479,00000000
12955,12338.346,00000000
12956,12327.500,00000000
12957,12278.445,00000000
12958,12326.977,00000000
12959,12333.192,00000000
12960,12319.092,00000000
12961,12296.910,00000000
12962,12296.077,00000000
12963,12295.388,00000000
12964,12307.623,00000000
12965,12316.616,00000000
12966,12322.671,00000000
12967,12318.875,00000000
12968,12315.287,00000000
12969,12324.333,00000000
12970,12328.723,00000000
12971,12306.150,00000000
12972,12330.245,00000000
12973,12304.097,00000000
12974,12323.611,00000000
12975,12312.228,00000000
12976,12327.906,00000000
12977,12329.114,00000000
12978,12346.803,00000000
12979,12349.809,00000000
12980,12305.348,00000000
12981,12343.621,00000000
12982,12321.197,00000000
12983,12303.228,00000000
12984,12311.751,00000000
12985,12321.460,00000000
12986,12325.408,00000000
12987,12315.104,00000000
12988,12309.439,00000000
12989,12329.791,00000000
12990,12323.060,00000000
12991,12319.817,00000000
12992,12298.185,00000000
12993,12299.906,00000000
12994,12315.623,00000000
12995,12308.285,00000000
12996,12318.001,00000000
12997,12324.691,00000000
12998,12315.169,00000000
12999,12343.850,00000000
13000,12321.574,00000000
13001,12338.227,00000000
13002,12339.873,00000000
13003,12307.704,00000000
13004,12336.281,00000000
13005,12337.613,00000000
13006,12328.647,00000000
13007,12317.739,00000000
13008,12298.638,00000000
13009,12321.879,00000000
13010,12326.346,00000000
13011,12336.277,00000000
13012,12355.436,00000000
13013,12310.750,00000000
13014,12335.063,00000000
13015,12339.318,00000000
13016,12318.261,00000000
13017,12342.334,00000000
13018,12329.414,00000000
13019,12315.896,00000000
13020,12331.634,00000000
13021,12350.859,00000000
13022,12328.499,00000000
13023,12327.257,00000000
13024,12339.775,00000000
13025,12342.917,00000000
13026,12339.179,00000000
13027,12338.093,00000000
13028,12351.965,00000000
13029,12332.524,00000000
13030,12335.180,00000000
13031,12336.603,00000000
13032,12340.985,00000000
13033,12328.976,00000000
13034,12343.329,00000000
13035,12362.716,00000000
13036,12358.054,00000000
13037,12350.011,00000000
13038,12359.948,00000000
13039,12314.033,00000000
13040,12356.058,00000000
13041,12368.022,00000000
13042,12360.979,00000000
13043,12369.688,00000000
13044,12350.340,00000000
13045,12330.082,00000000
13046,12366.688,00000000
13047,12339.564,00000000
13048,12357.488,00000000
13049,12351.774,00000000
13050,12344.001,00000000
13051,12347.955,00000000
13052,12358.083,00000000
13053,12384.870,00000000
13054,12360.777,00000000
13055,12374.097,00000000
13056,12365.033,00000000
13057,12367.804,00000000
13058,12389.470,00000000
13059,12380.398,00000000
13060,12349.808,00000000
13061,12346.492,00000000
13062,12353.182,00000000
13063,12355.320,00000000
13064,12361.681,00000000
13065,12362.669,00000000
13066,12383.395,00000000
13067,12389.923,00000000
13068,12363.434,00000000
13069,12374.982,00000000
13070,12377.031,00000000
13071,12371.124,00000000
13072,12389.921,00000000
13073,12364.188,00000000
13074,12360.399,00000000
13075,12362.529,00000000
13076,12371.239,00000000
13077,12395.546,00000000
13078,12334.036,00000000
13079,12349.766,00000000
13080,12373.419,00000000
13081,12366.024,00000000
13082,12347.070,00000000
13083,12366.238,00000000
13084,12351.825,00000000
13085,12367.340,00000000
13086,12368.499,00000000
13087,12376.336,00000000
13088,12368.829,00000000
13089,12407.886,00000000
13090,12355.938,00000000
13091,12363.646,00000000
13092,12372.417,00000000
13093,12369.479,00000000
13094,12371.493,00000000
13095,12334.893,00000000
13096,12362.946,00000000
13097,12342.878,00000000
13098,12360.130,00000000
13099,12333.966,00000000
13100,12359.404,00000000
13101,12345.512,00000000
13102,12378.938,00000000
13103,12363.655,00000000
13104,12379.055,00000000
13105,12382.250,00000000
13106,12362.859,00000000
13107,12347.204,00000000
13108,12344.321,00000000
13109,12371.060,00000000
13110,12356.697,00000000
13111,12322.563,00000000
13112,12371.947,00000000
13113,12378.570,00000000
13114,12391.105,00000000
13115,12383.897,00000000
13116,12341.419,00000000
13117,12363.164,00000000
13118,12375.808,00000000
13119,12377.381,00000000
13120,12384.339,00000000
13121,12372.052,00000000
13122,12373.776,00000000
13123,12384.175,00000000
13124,12399.788,00000000
13125,12356.235,00000000
13126,12353.108,00000000
13127,12369.919,00000000
13128,12362.129,00000000
13129,12364.829,00000000
13130,12348.049,00000000
13131,12346.740,00000000
13132,12348.248,00000000
13133,12377.199,00000000
13134,12337.679,00000000
13135,12364.519,00000000
13136,12356.106,00000000
13137,12307.590,00000000
13138,12369.494,00000000
13139,12355.897,00000000
13140,12365.290,00000000
13141,12337.211,00000000
13142,12351.420,00000000
13143,12352.216,00000000
13144,12345.740,00000000
13145,12351.972,00000000
13146,12353.339,00000000
13147,12348.919,00000000
13148,12361.542,00000000
13149,12358.232,00000000
13150,12329.164,00000000
13151,12350.674,00000000
13152,12342.140,00000000
13153,12337.933,00000000
13154,12343.758,00000000
13155,12362.297,00000000
13156,12367.234,00000000
13157,12340.016,00000000
13158,12385.021,00000000
13159,12363.868,00000000
13160,12351.429,00000000
13161,12343.261,00000000
13162,12352.104,00000000
13163,12374.790,00000000
13164,12369.121,00000000
13165,12361.955,00000000
13166,12396.317,00000000
13167,12365.725,00000000
13168,12372.733,00000000
13169,12386.576,00000000
13170,12366.260,00000000
13171,12368.284,00000000
13172,12320.469,00000000
13173,12347.774,00000000
13174,12360.174,00000000
13175,12349.905,00000000
13176,12374.718,00000000
13177,12344.216,00000000
13178,12356.424,00000000
13179,12357.177,00000000
13180,12336.107,00000000
13181,12375.746,00000000
13182,12361.778,00000000
13183,12368.438,00000000
13184,12362.538,00000000
13185,12359.435,00000000
13186,12353.524,00000000
13187,12368.546,00000000
13188,12364.251,00000000
13189,12403.965,00000000
13190,12354.528,00000000
13191,12370.255,00000000
13192,12353.919,00000000
13193,12354.180,00000000
13194,12359.469,00000000
13195,12361.268,00000000
13196,12349.884,00000000
13197,12361.911,00000000
13198,12360.719,00000000
13199,12350.218,00000000
13200,12346.824,00000000
13201,12377.968,00000000
13202,12377.981,00000000
13203,12346.067,00000000
13204,12378.533,00000000
13205,12361.917,00000000
13206,12364.669,00000000
13207,12361.967,00000000
13208,12360.360,00000000
13209,12360.903,00000000
13210,12359.634,00000000
13211,12324.745,00000000
13212,12332.143,00000000
13213,12313.832,00000000
13214,12344.918,00000000
13215,12361.650,00000000
13216,12329.020,00000000
13217,12319.752,00000000
13218,12317.795,00000000
13219,12321.886,00000000
13220,12326.318,00000000
13221,12327.535,00000000
13222,12334.058,00000000
13223,12320.053,00000000
13224,12311.577,00000000
13225,12338.474,00000000
13226,12338.162,00000000
13227,12301.614,00000000
13228,12328.100,00000000
13229,12331.478,00000000
13230,12325.704,00000000
13231,12325.338,00000000
13232,12333.448,00000000
13233,12345.642,00000000
13234,12327.086,00000000
13235,12310.727,00000000
13236,12317.732,00000000
13237,12334.236,00000000
13238,12334.672,00000000
13239,12335.176,00000000
13240,12349.745,00000000
13241,12341.204,00000000
13242,12325.904,00000000
13243,12332.826,00000000
13244,12328.731,00000000
13245,12360.508,00000000
13246,12345.507,00000000
13247,12357.610,00000000
13248,12347.892,00000000
13249,12313.399,00000000
13250,12308.164,00000000
13251,12335.347,00000000
13252,12303.960,00000000
13253,12331.899,00000000
13254,12310.723,00000000
13255,12324.264,00000000
13256,12311.000,00000000
13257,12343.028,00000000
13258,12326.666,00000000
13259,12308.386,00000000
13260,12344.181,00000000
13261,12355.448,00000000
13262,12339.256,00000000
13263,12307.052,00000000
13264,12300.518,00000000
13265,12305.200,00000000
13266,12327.214,00000000
13267,12334.244,00000000
13268,12325.826,00000000
13269,12318.231,00000000
13270,12319.436,00000000
13271,12318.244,00000000
13272,12339.065,00000000
13273,12334.118,00000000
13274,12364.742,00000000
13275,12313.659,00000000
13276,12308.548,00000000
13277,12350.288,00000000
13278,12331.684,00000000
13279,12339.059,00000000
13280,12306.078,00000000
13281,12330.049,00000000
13282,12321.610,00000000
13283,12317.774,00000000
13284,12338.592,00000000
13285,12290.412,00000000
13286,12340.658,00000000
13287,12315.993,00000000
13288,12327.188,00000000
13289,12303.315,00000000
13290,12300.264,00000000
13291,12330.713,00000000
13292,12301.709,00000000
13293,12352.658,00000000
13294,12323.271,00000000
13295,12319.799,00000000
13296,12331.454,00000000
13297,12338.560,00000000
13298,12310.248,00000000
13299,12349.955,00000000
13300,12324.664,00000000
13301,12324.603,00000000
13302,12333.169,00000000
13303,12341.024,00000000
13304,12326.575,00000000
13305,12314.313,00000000
13306,12309.123,00000000
13307,12317.447,00000000
13308,12332.355,00000000
13309,12328.354,00000000
13310,12302.211,00000000
13311,12318.309,00000000
13312,12337.233,00000000
13313,12335.983,00000000
13314,12309.840,00000000
13315,12320.226,00000000
13316,12326.264,00000000
13317,12367.476,00000000
13318,12318.713,00000000
13319,12314.426,00000000
13320,12324.562,00000000
13321,12332.277,00000000
13322,12324.295,00000000
13323,12324.613,00000000
13324,12325.827,00000000
13325,12325.270,00000000
13326,12325.878,00000000
13327,12326.526,00000000
13328,12331.405,00000000
13329,12335.712,00000000
13330,12315.182,00000000
13331,12307.674,00000000
13332,12325.044,00000000
13333,12297.943,00000000
13334,12320.283,00000000
13335,12296.997,00000000
13336,12321.591,00000000
13337,12312.920,00000000
13338,12352.538,00000000
13339,12339.238,00000000
13340,12317.611,00000000
13341,12297.801,00000000
13342,12318.499,00000000
13343,12308.871,00000000
13344,12310.713,00000000
13345,12313.419,00000000
13346,12302.654,00000000
13347,12317.016,00000000
13348,12343.161,00000000
13349,12320.810,00000000
13350,12304.145,00000000
13351,12314.570,00000000
13352,12327.814,00000000
13353,12333.735,00000000
13354,12322.257,00000000
13355,12325.638,00000000
13356,12322.571,00000000
13357,12318.376,00000000
13358,12335.946,00000000
13359,12324.926,00000000
13360,12327.193,00000000
13361,12329.750,00000000
13362,12311.536,00000000
13363,12321.117,00000000
13364,12320.090,00000000
13365,12326.273,00000000
13366,12324.828,00000000
13367,12314.568,00000000
13368,12327.521,00000000
13369,12318.749,00000000
13370,12328.624,00000000
13371,12359.762,00000000
13372,12347.009,00000000
13373,12349.528,00000000
13374,12316.512,00000000
13375,12322.892,00000000
13376,12329.136,00000000
13377,12310.688,00000000
13378,12333.843,00000000
13379,12329.678,00000000
13380,12301.524,00000000
13381,12336.515,00000000
13382,12320.511,00000000
13383,12331.236,00000000
13384,12337.659,00000000
13385,12342.449,00000000
13386,12322.100,00000000
13387,12323.720,00000000
13388,12331.076,00000000
13389,12337.697,00000000
13390,12312.759,00000000
13391,12319.300,00000000
13392,12324.694,00000000
13393,12334.115,00000000
13394,12321.097,00000000
13395,12340.784,00000000
13396,12308.001,00000000
13397,12319.469,00000000
13398,12318.483,00000000
13399,12321.514,00000000
13400,12337.726,00000000
13401,12315.990,00000000
13402,12332.458,00000000
13403,12328.474,00000000
13404,12347.907,00000000
13405,12323.606,00000000
13406,12339.738,00000000
13407,12330.629,00000000
13408,12331.401,00000000
13409,12332.896,00000000
13410,12308.427,00000000
13411,12351.546,00000000
13412,12311.766,00000000
13413,12302.989,00000000
13414,12334.522,00000000
13415,12309.790,00000000
13416,12330.886,00000000
13417,12336.150,00000000
13418,12312.548,00000000
13419,12326.755,00000000
13420,12313.083,00000000
13421,12323.805,00000000
13422,12293.139,00000000
13423,12287.124,00000000
13424,12259.966,00000000
13425,12287.850,00000000
13426,12265.213,00000000
13427,12273.561,00000000
13428,12232.015,00000000
13429,12246.782,00000000
13430,12248.360,00000000
13431,12239.742,00000000
13432,12662.676,00000000
13433,12430.872,00000000
13434,12613.729,00000000
13435,12938.389,00000000
13436,12545.867,00000000
13437,12818.725,00000000
13438,12498.683,00000000
13439,12680.520,00000000
13440,12430.741,00000000
13441,12610.526,00000000
13442,12928.789,00000000
13443,12546.846,00000000
13444,12806.744,00000000
13445,12482.441,00000000
13446,12687.608,00000000
13447,12606.259,00000000
13448,12561.323,00000000
13449,12873.156,00000000
13450,12499.223,00000000
13451,12705.469,00000000
13452,12435.903,00000000
13453,13182.621,00000000
13454,14176.285,00000000
13455,14472.255,00000000
13456,14957.666,00000000
13457,16139.849,00000000
13458,17835.992,00000000
13459,19438.650,00000000
13460,20159.631,00000000
13461,20430.313,00000000
13462,20467.383,00000000
13463,20506.576,00000000
13464,20549.492,00000000
13465,20542.150,00000000
13466,20542.742,00000000
13467,20608.162,00000000
13468,20658.514,00000000
13469,20550.811,00000000
13470,20674.541,00000000
13471,20701.688,00000000
13472,20625.541,00000000
13473,20557.242,00000000
13474,20657.389,00000000
13475,20656.453,00000000
13476,20694.971,00000000
13477,20665.053,00000000
13478,20619.551,00000000
13479,20584.764,00000000
13480,20723.035,00000000
13481,20687.660,00000000
13482,20686.662,00000000
13483,20714.096,00000000
13484,20739.832,00000000
13485,20669.242,00000000
13486,20754.967,00000000
13487,20709.922,00000000
13488,20706.900,00000000
13489,20732.109,00000000
13490,20727.703,00000000
13491,20899.260,00000000
13492,20738.398,00000000
13493,20754.389,00000000
13494,20836.557,00000000
13495,20837.486,00000000
13496,20798.693,00000000
13497,20877.787,00000000
13498,20808.111,00000000
13499,20791.926,00000000
13500,20826.951,00000000
13501,20846.256,00000000
13502,20857.084,00000000
13503,20868.955,00000000
13504,20828.102,00000000
13505,20804.865,00000000
13506,20904.762,00000000
13507,20930.984,00000000
13508,20906.813,00000000
13509,20926.270,00000000
13510,20922.762,00000000
13511,20927.262,00000000
13512,20939.744,00000000
13513,20917.182,00000000
13514,20911.770,00000000
13515,20925.311,00000000
13516,20954.373,00000000
13517,20940.705,00000000
13518,20973.904,00000000
13519,20965.320,00000000
13520,20908.881,00000000
13521,20933.520,00000000
13522,20941.959,00000000
13523,21023.756,00000000
13524,21045.154,00000000
13525,21058.141,00000000
13526,21079.168,00000000
13527,21080.873,00000000
13528,21071.318,00000000
13529,21002.398,00000000
13530,21083.465,00000000
13531,21007.332,00000000
13532,21076.121,00000000
13533,21066.662,00000000
13534,21067.055,00000000
13535,21114.248,00000000
13536,21114.313,00000000
13537,21115.875,00000000
13538,21180.693,00000000
13539,21145.768,00000000
13540,21121.611,00000000
13541,21134.914,00000000
13542,21210.691,00000000
13543,21244.838,00000000
13544,21292.947,00000000
13545,21203.643,00000000
13546,21222.387,00000000
13547,21215.012,00000000
13548,21201.293,00000000
13549,21261.639,00000000
13550,21262.615,00000000
13551,21270.547,00000000
13552,21317.730,00000000
13553,21307.791,00000000
13554,21307.721,00000000
13555,21331.275,00000000
13556,21260.688,00000000
13557,21259.775,00000000
13558,21316.945,00000000
13559,21219.947,00000000
13560,21245.383,00000000
13561,21287.471,00000000
13562,21310.949,00000000
13563,21392.984,00000000
13564,21373.449,00000000
13565,21403.531,00000000
13566,21268.709,00000000
13567,21417.441,00000000
13568,21486.551,00000000
13569,21430.273,00000000
13570,21466.426,00000000
13571,21450.088,00000000
13572,21441.432,00000000
13573,21472.684,00000000
13574,21492.611,00000000
13575,21460.207,00000000
13576,21490.127,00000000
13577,21471.191,00000000
13578,21504.896,00000000
13579,21549.170,00000000
13580,21554.025,00000000
13581,21539.580,00000000
13582,21556.779,00000000
13583,21577.998,00000000
13584,21556.660,00000000
13585,21594.822,00000000
13586,21582.381,00000000
13587,21640.848,00000000
13588,21695.189,00000000
13589,21673.924,00000000
13590,21730.277,00000000
13591,21660.156,00000000
13592,21718.408,00000000
13593,21659.912,00000000
13594,21742.021,00000000
13595,21716.643,00000000
13596,21733.545,00000000
13597,21723.949,00000000
13598,21792.461,00000000
13599,21803.893,00000000
13600,21841.383,00000000
13601,21772.488,00000000
13602,21705.674,00000000
13603,21687.020,00000000
13604,21744.352,00000000
13605,21741.758,00000000
13606,21820.518,00000000
13607,21842.920,00000000
13608,21862.363,00000000
13609,21816.904,00000000
13610,21761.088,00000000
13611,21891.057,00000000
13612,21870.455,00000000
13613,21836.783,00000000
13614,21877.619,00000000
13615,21879.588,00000000
13616,21874.684,00000000
13617,21937.557,00000000
13618,21889.779,00000000
13619,21931.102,00000000
13620,21989.869,00000000
13621,21899.730,00000000
13622,22003.895,00000000
13623,21970.879,00000000
13624,21930.596,00000000
13625,21990.100,00000000
13626,21998.346,00000000
13627,22052.518,00000000
13628,22066.184,00000000
13629,22033.813,00000000
13630,22063.844,00000000
13631,22060.617,00000000
13632,22075.652,00000000
13633,22028.678,00000000
13634,22148.115,00000000
13635,22101.152,00000000
13636,22061.383,00000000
13637,22178.104,00000000
13638,22135.875,00000000
13639,22134.732,00000000
13640,22073.570,00000000
13641,22084.857,00000000
13642,22140.678,00000000
13643,22190.727,00000000
13644,22205.324,00000000
13645,22211.762,00000000
13646,22196.201,00000000
13647,22125.320,00000000
13648,22141.408,00000000
13649,22200.465,00000000
13650,22218.404,00000000
13651,22179.129,00000000
13652,22219.516,00000000
13653,22218.705,00000000
13654,22246.234,00000000
13655,22318.283,00000000
13656,22253.172,00000000
13657,22248.402,00000000
13658,22224.781,00000000
13659,22244.162,00000000
13660,22346.369,00000000
13661,22310.191,00000000
13662,22307.107,00000000
13663,22301.576,00000000
13664,22270.436,00000000
13665,22312.580,00000000
13666,22321.904,00000000
13667,22289.529,00000000
13668,22306.262,00000000
13669,22335.215,00000000
13670,22335.223,00000000
13671,22404.744,00000000
13672,22323.176,00000000
13673,22366.076,00000000
13674,22388.322,00000000
13675,22366.199,00000000
13676,22381.838,00000000
13677,22312.920,00000000
13678,22353.842,00000000
13679,22341.998,00000000
13680,22349.314,00000000
13681,22308.496,00000000
13682,22359.002,00000000
13683,22433.033,00000000
13684,22342.338,00000000
13685,22396.295,00000000
13686,22453.707,00000000
13687,22420.910,00000000
13688,22424.783,00000000
13689,22387.135,00000000
13690,22402.836,00000000
13691,22318.541,00000000
13692,22241.627,00000000
13693,22479.160,00000000
13694,22433.076,00000000
13695,22420.523,00000000
13696,22408.492,00000000
13697,22464.533,00000000
13698,22448.432,00000000
13699,22454.605,00000000
13700,22450.676,00000000
13701,22415.012,00000000
13702,22439.182,00000000
13703,22516.682,00000000
13704,22510.648,00000000
13705,22426.797,00000000
13706,22506.125,00000000
13707,22463.791,00000000
13708,22415.398,00000000
13709,22482.039,00000000
13710,22424.215,00000000
13711,22426.707,00000000
13712,22505.592,00000000
13713,22442.340,00000000
13714,22525.701,00000000
13715,22461.096,00000000
13716,22438.508,00000000
13717,22472.820,00000000
13718,22474.133,00000000
13719,22433.314,00000000
13720,22460.982,00000000
13721,22430.396,00000000
13722,22352.686,00000000
13723,22279.447,00000000
13724,22388.941,00000000
13725,22456.730,00000000
13726,22394.150,00000000
13727,22424.934,00000000
13728,22376.078,00000000
13729,22488.480,00000000
13730,22316.518,00000000
13731,22304.699,00000000
13732,22314.432,00000000
13733,22390.221,00000000
13734,22400.391,00000000
13735,22322.895,00000000
13736,22313.072,00000000
13737,22431.396,00000000
13738,22377.398,00000000
13739,22452.643,00000000
13740,22433.059,00000000
13741,22439.742,00000000
13742,22468.303,00000000
13743,22428.934,00000000
13744,22464.584,00000000
13745,22386.922,00000000
13746,22360.033,00000000
13747,22411.424,00000000
13748,22379.926,00000000
13749,22441.297,00000000
13750,22440.287,00000000
13751,22347.922,00000000
13752,22342.512,00000000
13753,22387.348,00000000
13754,22424.947,00000000
13755,22443.576,00000000
13756,22342.012,00000000
13757,22357.840,00000000
13758,22414.783,00000000
13759,22423.807,00000000
13760,22365.830,00000000
13761,22321.756,00000000
13762,22341.170,00000000
13763,22286.064,00000000
13764,22282.865,00000000
13765,22304.074,00000000
13766,22298.539,00000000
13767,22322.586,00000000
13768,22210.217,00000000
13769,22242.506,00000000
13770,22247.529,00000000
13771,22221.947,00000000
13772,22297.416,00000000
13773,22284.773,00000000
13774,22244.350,00000000
13775,22160.746,00000000
13776,22184.498,00000000
13777,22157.686,00000000
13778,22156.768,00000000
13779,22136.119,00000000
13780,22100.586,00000000
13781,22173.273,00000000
13782,22170.262,00000000
13783,22160.248,00000000
13784,22078.111,00000000
13785,22146.768,00000000
13786,22167.154,00000000
13787,22197.164,00000000
13788,22149.760,00000000
13789,22101.504,00000000
13790,22071.789,00000000
13791,22105.711,00000000
13792,21985.875,00000000
13793,22052.789,00000000
13794,21998.789,00000000
13795,22063.529,00000000
13796,22066.824,00000000
13797,22041.898,00000000
13798,22105.121,00000000
13799,22098.305,00000000
13800,22111.801,00000000
13801,22109.229,00000000
13802,22066.807,00000000
13803,22073.781,00000000
13804,22007.057,00000000
13805,22127.559,00000000
13806,22042.256,00000000
13807,22075.416,00000000
13808,22046.025,00000000
13809,22029.660,00000000
13810,22008.410,00000000
13811,21997.838,00000000
13812,21950.023,00000000
13813,21971.170,00000000
13814,22003.645,00000000
13815,22015.291,00000000
13816,22022.260,00000000
13817,21957.539,00000000
13818,21977.025,00000000
13819,21951.182,00000000
13820,21920.189,00000000
13821,21949.336,00000000
13822,21924.578,00000000
13823,21980.588,00000000
13824,21980.910,00000000
13825,21911.381,00000000
13826,21911.195,00000000
13827,21867.650,00000000
13828,21879.441,00000000
13829,21936.752,00000000
13830,21855.172,00000000
13831,21801.945,00000000
13832,21847.258,00000000
13833,21800.221,00000000
13834,21756.314,00000000
13835,21794.775,00000000
13836,21801.455,00000000
13837,21804.887,00000000
13838,21760.840,00000000
13839,21750.678,00000000
13840,21737.123,00000000
13841,21696.141,00000000
13842,21633.252,00000000
13843,21654.113,00000000
13844,21620.738,00000000
13845,21655.816,00000000
13846,21667.592,00000000
13847,21652.004,00000000
13848,21684.256,00000000
13849,21614.580,00000000
13850,21595.371,00000000
13851,21601.965,00000000
13852,21621.594,00000000
13853,21537.035,00000000
13854,21583.930,00000000
13855,21630.455,00000000
13856,21547.191,00000000
13857,21542.055,00000000
13858,21496.549,00000000
13859,21524.625,00000000
13860,21529.309,00000000
13861,21447.973,00000000
13862,21416.645,00000000
13863,21429.426,00000000
13864,21438.359,00000000
13865,21378.523,00000000
13866,21369.012,00000000
13867,21305.283,00000000
13868,21306.859,00000000
13869,21313.133,00000000
13870,21247.904,00000000
13871,21207.342,00000000
13872,21283.340,00000000
13873,21164.256,00000000
13874,21301.979,00000000
13875,21178.654,00000000
13876,21177.404,00000000
13877,21081.398,00000000
13878,21117.625,00000000
13879,21244.770,00000000
13880,21173.332,00000000
13881,21158.768,00000000
13882,21126.104,00000000
13883,21139.479,00000000
13884,21121.871,00000000
13885,21087.492,00000000
13886,21081.648,00000000
13887,21213.320,00000000
13888,21016.387,00000000
13889,21216.150,00000000
13890,21032.828,00000000
13891,20973.475,00000000
13892,20960.793,00000000
13893,21153.891,00000000
13894,20977.043,00000000
13895,21029.303,00000000
13896,20879.459,00000000
13897,21090.264,00000000
13898,20841.299,00000000
13899,21103.678,00000000
13900,20895.291,00000000
13901,21154.357,00000000
13902,20973.150,00000000
13903,21059.846,00000000
13904,20850.021,00000000
13905,21118.469,00000000
13906,21038.732,00000000
13907,21060.092,00000000
13908,21018.824,00000000
13909,21060.033,00000000
13910,20923.758,00000000
13911,21112.781,00000000
13912,20901.732,00000000
13913,21052.041,00000000
13914,20904.410,00000000
13915,20953.779,00000000
13916,20977.746,00000000
13917,20804.473,00000000
13918,20938.105,00000000
13919,20865.854,00000000
13920,20896.355,00000000
13921,20946.240,00000000
13922,20975.633,00000000
13923,20753.756,00000000
13924,20815.656,00000000
13925,20829.639,00000000
13926,20941.234,00000000
13927,20937.443,00000000
13928,20962.869,00000000
13929,20889.354,00000000
13930,20874.465,00000000
13931,20911.744,00000000
13932,20835.914,00000000
13933,20840.713,00000000
13934,20734.080,00000000
13935,20754.816,00000000
13936,20800.107,00000000
13937,20867.598,00000000
13938,20827.684,00000000
13939,20737.865,00000000
13940,20729.453,00000000
13941,20789.965,00000000
13942,20713.852,00000000
13943,20698.420,00000000
13944,20719.207,00000000
13945,20682.158,00000000
13946,20660.775,00000000
13947,20604.977,00000000
13948,20585.992,00000000
13949,20671.848,00000000
13950,20708.436,00000000
13951,20591.830,00000000
13952,20607.402,00000000
13953,20572.232,00000000
13954,20608.016,00000000
13955,20595.389,00000000
13956,20623.732,00000000
13957,20521.736,00000000
13958,20529.623,00000000
13959,20513.295,00000000
13960,20456.582,00000000
13961,20574.709,00000000
13962,20538.439,00000000
13963,20534.057,00000000
13964,20467.000,00000000
13965,20464.920,00000000
13966,20543.523,00000000
13967,20536.201,00000000
13968,20413.182,00000000
13969,20611.867,00000000
13970,20455.709,00000000
13971,20557.027,00000000
13972,20427.559,00000000
13973,20519.037,00000000
13974,20406.621,00000000
13975,20504.736,00000000
13976,20459.184,00000000
13977,20577.582,00000000
13978,20543.488,00000000
13979,20441.047,00000000
13980,20459.572,00000000
13981,20535.857,00000000
13982,20496.789,00000000
13983,20517.188,00000000
13984,20512.963,00000000
13985,20469.824,00000000
13986,20463.346,00000000
13987,20517.486,00000000
13988,20579.754,00000000
13989,20515.184,00000000
13990,20499.504,00000000
13991,20461.053,00000000
13992,20516.697,00000000
13993,20495.355,00000000
13994,20478.557,00000000
13995,20470.311,00000000
13996,20423.584,00000000
13997,20458.418,00000000
13998,20430.535,00000000
13999,20417.252,00000000
14000,20526.078,00000000
14001,20424.004,00000000
14002,20404.088,00000000
14003,20577.914,00000000
14004,20418.010,00000000
14005,20477.693,00000000
14006,20534.510,00000000
14007,20427.803,00000000
14008,20476.969,00000000
14009,20416.195,00000000
14010,20547.541,00000000
14011,20460.055,00000000
14012,20523.355,00000000
14013,20502.748,00000000
14014,20482.662,00000000
14015,20529.777,00000000
14016,20504.838,00000000
14017,20507.512,00000000
14018,20498.582,00000000
14019,20538.434,00000000
14020,20485.188,00000000
14021,20547.873,00000000
14022,20514.354,00000000
14023,20466.238,00000000
14024,20460.693,00000000
14025,20474.783,00000000
14026,20529.775,00000000
14027,20530.766,00000000
14028,20530.850,00000000
14029,20615.543,00000000
14030,20546.840,00000000
14031,20552.777,00000000
14032,20633.938,00000000
14033,20635.582,00000000
14034,20558.973,00000000
14035,20640.607,00000000
14036,20628.018,00000000
14037,20603.250,00000000
14038,20654.754,00000000
14039,20697.363,00000000
14040,20663.793,00000000
14041,20677.008,00000000
14042,20714.523,00000000
14043,20658.816,00000000
14044,20709.848,00000000
14045,20671.467,00000000
14046,20663.619,00000000
14047,20744.287,00000000
14048,20718.730,00000000
14049,20701.082,00000000
14050,20694.818,00000000
14051,20654.750,00000000
14052,20685.205,00000000
14053,20704.814,00000000
14054,20706.109,00000000
14055,20687.896,00000000
14056,20719.594,00000000
14057,20754.643,00000000
14058,20744.523,00000000
14059,20730.982,00000000
14060,20722.721,00000000
14061,20713.104,00000000
14062,20757.824,00000000
14063,20759.867,00000000
14064,20776.395,00000000
14065,20805.420,00000000
14066,20853.787,00000000
14067,20815.211,00000000
14068,20829.227,00000000
14069,20838.730,00000000
14070,20852.365,00000000
14071,20844.922,00000000
14072,20816.295,00000000
14073,20809.193,00000000
14074,20854.271,00000000
14075,20840.721,00000000
14076,20873.404,00000000
14077,20806.813,00000000
14078,20858.883,00000000
14079,20914.076,00000000
14080,20890.631,00000000
14081,20913.771,00000000
14082,20928.547,00000000
14083,20967.158,00000000
14084,20919.627,00000000
14085,20911.865,00000000
14086,20976.715,00000000
14087,20979.883,00000000
14088,21026.682,00000000
14089,21026.982,00000000
14090,21039.275,00000000
14091,21018.400,00000000
14092,21011.602,00000000
14093,20976.701,00000000
14094,21039.537,00000000
14095,21037.646,00000000
14096,21048.383,00000000
14097,21080.273,00000000
14098,21104.572,00000000
14099,21112.711,00000000
14100,21055.885,00000000
14101,21075.660,00000000
14102,21117.129,00000000
14103,21120.652,00000000
14104,21109.859,00000000
14105,21145.479,00000000
14106,21163.029,00000000
14107,21125.158,00000000
14108,21175.477,00000000
14109,21097.709,00000000
14110,21171.965,00000000
14111,21208.969,00000000
14112,21250.723,00000000
14113,21188.363,00000000
14114,21262.227,00000000
14115,21226.928,00000000
14116,21241.111,00000000
14117,21212.961,00000000
14118,21266.375,00000000
14119,21244.969,00000000
14120,21243.750,00000000
14121,21238.977,00000000
14122,21296.846,00000000
14123,21270.457,00000000
14124,21265.404,00000000
14125,21340.482,00000000
14126,21359.279,00000000
14127,21386.314,00000000
14128,21343.232,00000000
14129,21363.436,00000000
14130,21374.705,00000000
14131,21406.727,00000000
14132,21376.088,00000000
14133,21437.631,00000000
14134,21395.842,00000000
14135,21441.813,00000000
14136,21459.039,00000000
14137,21436.508,00000000
14138,21501.539,00000000
14139,21505.900,00000000
14140,21427.475,00000000
14141,21489.100,00000000
14142,21477.797,00000000
14143,21542.605,00000000
14144,21496.979,00000000
14145,21535.361,00000000
14146,21561.289,00000000
14147,21552.324,00000000
14148,21528.371,00000000
14149,21572.654,00000000
14150,21542.984,00000000
14151,21568.135,00000000
14152,21619.623,00000000
14153,21675.303,00000000
14154,21688.285,00000000
14155,21629.615,00000000
14156,21704.529,00000000
14157,21680.070,00000000
14158,21658.449,00000000
14159,21692.396,00000000
14160,21657.188,00000000
14161,21689.703,00000000
14162,21649.438,00000000
14163,21755.547,00000000
14164,21706.201,00000000
14165,21826.090,00000000
14166,21807.531,00000000
14167,21875.795,00000000
14168,21783.652,00000000
14169,21758.248,00000000
14170,21836.268,00000000
14171,21777.639,00000000
14172,21893.502,00000000
14173,21860.518,00000000
14174,21847.643,00000000
14175,21806.010,00000000
14176,21892.986,00000000
14177,21903.393,00000000
14178,21885.285,00000000
14179,21930.012,00000000
14180,21861.369,00000000
14181,21844.900,00000000
14182,21952.557,00000000
14183,21945.031,00000000
14184,21956.730,00000000
14185,21963.656,00000000
14186,21939.262,00000000
14187,21972.959,00000000
14188,21949.908,00000000
14189,22049.586,00000000
14190,22066.939,00000000
14191,21994.830,00000000
14192,21978.041,00000000
14193,21995.006,00000000
14194,22055.264,00000000
14195,22062.828,00000000
14196,22010.172,00000000
14197,21995.383,00000000
14198,22050.254,00000000
14199,22125.303,00000000
14200,22173.635,00000000
14201,22121.857,00000000
14202,22034.898,00000000
14203,22095.875,00000000
14204,22146.768,00000000
14205,22166.842,00000000
14206,22099.336,00000000
14207,22161.863,00000000
14208,22121.250,00000000
14209,22163.412,00000000
14210,22161.746,00000000
14211,22252.051,00000000
14212,22195.229,00000000
14213,22241.828,00000000
14214,22198.125,00000000
14215,22261.318,00000000
14216,22252.445,00000000
14217,22179.094,00000000
14218,22250.549,00000000
14219,22209.379,00000000
14220,22230.965,00000000
14221,22143.178,00000000
14222,22207.461,00000000
14223,22269.818,00000000
14224,22227.043,00000000
14225,22232.695,00000000
14226,22202.563,00000000
14227,22217.998,00000000
14228,22290.348,00000000
14229,22243.953,00000000
14230,22312.480,00000000
14231,22311.850,00000000
14232,22305.143,00000000
14233,22350.395,00000000
14234,22379.053,00000000
14235,22273.131,00000000
14236,22365.945,00000000
14237,22356.350,00000000
14238,22405.604,00000000
14239,22361.369,00000000
14240,22387.201,00000000
14241,22356.051,00000000
14242,22418.262,00000000
14243,22394.400,00000000
14244,22346.826,00000000
14245,22399.250,00000000
14246,22395.775,00000000
14247,22432.303,00000000
14248,22421.428,00000000
14249,22391.752,00000000
14250,22414.457,00000000
14251,22417.213,00000000
14252,22404.180,00000000
14253,22340.629,00000000
14254,22374.285,00000000
14255,22370.131,00000000
14256,22379.238,00000000
14257,22366.555,00000000
14258,22360.461,00000000
14259,22340.318,00000000
14260,22386.746,00000000
14261,22423.895,00000000
14262,22461.920,00000000
14263,22436.406,00000000
14264,22512.881,00000000
14265,22512.162,00000000
14266,22485.207,00000000
14267,22495.559,00000000
14268,22515.908,00000000
14269,22432.793,00000000
14270,22446.225,00000000
14271,22433.611,00000000
14272,22505.859,00000000
14273,22397.842,00000000
14274,22439.305,00000000
14275,22513.584,00000000
14276,22475.951,00000000
14277,22487.363,00000000
14278,22475.775,00000000
14279,22450.576,00000000
14280,22392.359,00000000
14281,22415.725,00000000
14282,22438.217,00000000
14283,22456.275,00000000
14284,22438.152,00000000
14285,22431.740,00000000
14286,22399.807,00000000
14287,22431.842,00000000
14288,22449.436,00000000
14289,22428.957,00000000
14290,22452.094,00000000
14291,22488.295,00000000
14292,22400.684,00000000
14293,22369.533,00000000
14294,22415.080,00000000
14295,22499.504,00000000
14296,22402.189,00000000
14297,22349.109,00000000
14298,22363.533,00000000
14299,22368.965,00000000
14300,22464.813,00000000
14301,22432.619,00000000
14302,22368.627,00000000
14303,22391.008,00000000
14304,22419.967,00000000
14305,22490.826,00000000
14306,22460.352,00000000
14307,22469.199,00000000
14308,22439.480,00000000
14309,22423.889,00000000
14310,22468.646,00000000
14311,22435.459,00000000
14312,22324.729,00000000
14313,22417.857,00000000
14314,22444.102,00000000
14315,22403.949,00000000
14316,22382.373,00000000
14317,22369.920,00000000
14318,22445.836,00000000
14319,22417.406,00000000
14320,22347.984,00000000
14321,22388.580,00000000
14322,22415.430,00000000
14323,22284.203,00000000
14324,22289.816,00000000
14325,22284.717,00000000
14326,22362.770,00000000
14327,22334.004,00000000
14328,22274.430,00000000
14329,22305.691,00000000
14330,22229.430,00000000
14331,22273.736,00000000
14332,22218.197,00000000
14333,22244.469,00000000
14334,22196.016,00000000
14335,22153.986,00000000
14336,22180.539,00000000
14337,22181.725,00000000
14338,22129.510,00000000
14339,22167.924,00000000
14340,22132.090,00000000
14341,22147.832,00000000
14342,22210.477,00000000
14343,22105.656,00000000
14344,22099.898,00000000
14345,22073.498,00000000
14346,22127.922,00000000
14347,22133.148,00000000
14348,22157.701,00000000
14349,22090.201,00000000
14350,22041.393,00000000
14351,22154.645,00000000
14352,22166.898,00000000
14353,22023.666,00000000
14354,22045.021,00000000
14355,21948.986,00000000
14356,22024.123,00000000
14357,22110.441,00000000
14358,22119.279,00000000
14359,22050.590,00000000
14360,22035.869,00000000
14361,22048.494,00000000
14362,22163.350,00000000
14363,22139.455,00000000
14364,22139.262,00000000
14365,22030.328,00000000
14366,22045.762,00000000
14367,22134.969,00000000
14368,22135.467,00000000
14369,22124.646,00000000
14370,22101.498,00000000
14371,22015.209,00000000
14372,22050.705,00000000
14373,22008.014,00000000
14374,22022.461,00000000
14375,22052.059,00000000
14376,21961.412,00000000
14377,22025.188,00000000
14378,22066.463,00000000
14379,22035.947,00000000
14380,22053.045,00000000
14381,22038.400,00000000
14382,21919.756,00000000
14383,22042.682,00000000
14384,21954.891,00000000
14385,21966.059,00000000
14386,21893.453,00000000
14387,21917.934,00000000
14388,21936.436,00000000
14389,21952.715,00000000
14390,21851.697,00000000
14391,21816.922,00000000
14392,21815.051,00000000
14393,21862.734,00000000
14394,21810.795,00000000
14395,21786.598,00000000
14396,21837.039,00000000
14397,21816.432,00000000
14398,21825.068,00000000
14399,21791.895,00000000
14400,21778.963,00000000
14401,21768.889,00000000
14402,21704.303,00000000
14403,21791.191,00000000
14404,21744.156,00000000
14405,21736.184,00000000
14406,21679.184,00000000
14407,21648.109,00000000
14408,21673.275,00000000
14409,21715.484,00000000
14410,21608.988,00000000
14411,21557.934,00000000
14412,21619.020,00000000
14413,21608.805,00000000
14414,21519.021,00000000
14415,21501.631,00000000
14416,21588.799,00000000
14417,21530.242,00000000
14418,21524.582,00000000
14419,21466.568,00000000
14420,21446.033,00000000
14421,21418.830,00000000
14422,21445.141,00000000
14423,21387.998,00000000
14424,21435.984,00000000
14425,21419.957,00000000
14426,21470.305,00000000
14427,21350.299,00000000
14428,21329.459,00000000
14429,21380.123,00000000
14430,21343.459,00000000
14431,21271.146,00000000
14432,21213.951,00000000
14433,21277.291,00000000
14434,21202.650,00000000
14435,21281.252,00000000
14436,21233.861,00000000
14437,21190.041,00000000
14438,21211.270,00000000
14439,21230.396,00000000
14440,21151.891,00000000
14441,21171.881,00000000
14442,21122.848,00000000
14443,21085.492,00000000
14444,21107.979,00000000
14445,21149.170,00000000
14446,20579.682,00000000
14447,15368.835,00000000
14448,13447.643,00000000
14449,12767.721,00000000
14450,12512.478,00000000
14451,12387.908,00000000
14452,12351.164,00000000
14453,12325.900,00000000
14454,12333.693,00000000
14455,12320.296,00000000
14456,12349.727,00000000
14457,12320.044,00000000
14458,12334.409,00000000
14459,12350.500,00000000
14460,12383.827,00000000
14461,12339.245,00000000
14462,12348.181,00000000
14463,12355.683,00000000
14464,12337.367,00000000
14465,12368.411,00000000
14466,12327.504,00000000
14467,12362.469,00000000
14468,12337.750,00000000
14469,12332.377,00000000
14470,12329.636,00000000
14471,12342.569,00000000
14472,12345.244,00000000
14473,12318.055,00000000
14474,12311.989,00000000
14475,12334.982,00000000
14476,12358.486,00000000
14477,12344.608,00000000
14478,12340.868,00000000
14479,12323.427,00000000
14480,12355.486,00000000
14481,12349.851,00000000
14482,12337.849,00000000
14483,12315.106,00000000
14484,12334.303,00000000
14485,12312.427,00000000
14486,12307.061,00000000
14487,12329.387,00000000
14488,12295.254,00000000
14489,12323.241,00000000
14490,12321.484,00000000
14491,12335.763,00000000
14492,12344.255,00000000
14493,12394.668,00000000
14494,12329.182,00000000
14495,12339.310,00000000
14496,12325.470,00000000
14497,12329.377,00000000
14498,12341.643,00000000
14499,12340.926,00000000
14500,12357.406,00000000
14501,12359.466,00000000
14502,12335.813,00000000
14503,12342.373,00000000
14504,12304.742,00000000
14505,12333.762,00000000
14506,12322.421,00000000
14507,12346.751,00000000
14508,12350.048,00000000
14509,12341.075,00000000
14510,12333.330,00000000
14511,12330.711,00000000
14512,12319.675,00000000
14513,12301.744,00000000
14514,12316.240,00000000
14515,12333.667,00000000
14516,12320.769,00000000
14517,12322.970,00000000
14518,12324.291,00000000
14519,12318.884,00000000
14520,12325.929,00000000
14521,12343.100,00000000
14522,12319.926,00000000
14523,12342.405,00000000
14524,12314.161,00000000
14525,12331.355,00000000
14526,12326.776,00000000
14527,12328.804,00000000
14528,12341.587,00000000
14529,12321.195,00000000
14530,12322.756,00000000
14531,12341.231,00000000
14532,12310.979,00000000
14533,12349.213,00000000
14534,12351.479,00000000
14535,12347.263,00000000
14536,12337.081,00000000
14537,12337.326,00000000
14538,12350.976,00000000
14539,12304.925,00000000
14540,12337.420,00000000
14541,12352.603,00000000
14542,12349.416,00000000
14543,12341.814,00000000
14544,12329.269,00000000
14545,12330.818,00000000
14546,12343.658,00000000
14547,12346.244,00000000
14548,12328.873,00000000
14549,12336.914,00000000
14550,12349.486,00000000
14551,12355.074,00000000
14552,12329.001,00000000
14553,12348.967,00000000
14554,12353.065,00000000
14555,12341.117,00000000
14556,12328.875,00000000
14557,12356.945,00000000
14558,12362.794,00000000
14559,12354.876,00000000
14560,12340.716,00000000
14561,12361.806,00000000
14562,12347.008,00000000
14563,12354.029,00000000
14564,12338.450,00000000
14565,12349.196,00000000
14566,12384.714,00000000
14567,12381.130,00000000
14568,12340.962,00000000
14569,12393.837,00000000
14570,12330.555,00000000
14571,12377.792,00000000
14572,12374.094,00000000
14573,12365.607,00000000
14574,12384.547,00000000
14575,12332.080,00000000
14576,12354.111,00000000
14577,12376.410,00000000
14578,12376.455,00000000
14579,12346.750,00000000
14580,12318.043,00000000
14581,12338.377,00000000
14582,12357.877,00000000
14583,12366.620,00000000
14584,12367.055,00000000
14585,12370.088,00000000
14586,12360.812,00000000
14587,12380.297,00000000
14588,12352.606,00000000
14589,12382.521,00000000
14590,12378.957,00000000
14591,12361.681,00000000
14592,12393.291,00000000
14593,12377.607,00000000
14594,12360.688,00000000
14595,12396.427,00000000
14596,12372.959,00000000
14597,12401.585,00000000
14598,12394.939,00000000
14599,12375.396,00000000
14600,12375.197,00000000
14601,12355.534,00000000
14602,12386.881,00000000
14603,12365.430,00000000
14604,12408.840,00000000
14605,12398.858,00000000
14606,12383.870,00000000
14607,12388.800,00000000
14608,12401.575,00000000
14609,12385.910,00000000
14610,12391.378,00000000
14611,12296.332,00000000
14612,12396.891,00000000
14613,12356.206,00000000
14614,12376.451,00000000
14615,12368.353,00000000
14616,12343.010,00000000
14617,12365.470,00000000
14618,12373.713,00000000
14619,12351.567,00000000
14620,12362.289,00000000
14621,12349.454,00000000
14622,12347.403,00000000
14623,12367.938,00000000
14624,12354.551,00000000
14625,12356.104,00000000
14626,12345.123,00000000
14627,12368.870,00000000
14628,12386.406,00000000
14629,12373.623,00000000
14630,12368.481,00000000
14631,12367.268,00000000
14632,12365.965,00000000
14633,12389.746,00000000
14634,12371.422,00000000
14635,12361.580,00000000
14636,12365.021,00000000
14637,12345.285,00000000
14638,12387.201,00000000
14639,12379.451,00000000
14640,12384.349,00000000
14641,12344.200,00000000
14642,12374.724,00000000
14643,12376.056,00000000
14644,12347.726,00000000
14645,12365.951,00000000
14646,12371.163,00000000
14647,12354.845,00000000
14648,12391.234,00000000
14649,12371.016,00000000
14650,12389.178,00000000
14651,12356.267,00000000
14652,12337.980,00000000
14653,12329.833,00000000
14654,12350.728,00000000
14655,12331.060,00000000
14656,12365.213,00000000
14657,12337.947,00000000
14658,12357.012,00000000
14659,12322.162,00000000
14660,12365.317,00000000
14661,12334.727,00000000
14662,12363.862,00000000
14663,12354.564,00000000
14664,12337.153,00000000
14665,12352.725,00000000
14666,12358.898,00000000
14667,12336.894,00000000
14668,12369.320,00000000
14669,12383.524,00000000
14670,12343.665,00000000
14671,12378.860,00000000
14672,12362.262,00000000
14673,12357.186,00000000
14674,12380.479,00000000
14675,12364.732,00000000
14676,12392.025,00000000
14677,12406.241,00000000
14678,12375.036,00000000
14679,12390.953,00000000
14680,12362.378,00000000
14681,12371.527,00000000
14682,12346.269,00000000
14683,12346.886,00000000
14684,12364.068,00000000
14685,12367.368,00000000
14686,12353.551,00000000
14687,12336.325,00000000
14688,12330.994,00000000
14689,12347.785,00000000
14690,12331.963,00000000
14691,12356.667,00000000
14692,12352.116,00000000
14693,12324.169,00000000
14694,12365.436,00000000
14695,12369.298,00000000
14696,12337.068,00000000
14697,12358.807,00000000
14698,12337.154,00000000
14699,12390.005,00000000
14700,12359.931,00000000
14701,12359.850,00000000
14702,12352.476,00000000
14703,12324.702,00000000
14704,12343.419,00000000
14705,12352.161,00000000
14706,12351.589,00000000
14707,12342.168,00000000
14708,12334.654,00000000
14709,12329.799,00000000
14710,12369.193,00000000
14711,12368.727,00000000
14712,12359.011,00000000
14713,12325.662,00000000
14714,12358.976,00000000
14715,12353.857,00000000
14716,12353.805,00000000
14717,12351.329,00000000
14718,12327.825,00000000
14719,12347.825,00000000
14720,12343.509,00000000
14721,12353.954,00000000
14722,12341.162,00000000
14723,12339.697,00000000
14724,12314.526,00000000
14725,12316.082,00000000
14726,12322.709,00000000
14727,12325.337,00000000
14728,12331.389,00000000
14729,12307.062,00000000
14730,12321.389,00000000
14731,12348.568,00000000
14732,12333.045,00000000
14733,12357.837,00000000
14734,12306.768,00000000
14735,12340.510,00000000
14736,12323.265,00000000
14737,12309.707,00000000
14738,12335.819,00000000
14739,12309.931,00000000
14740,12310.163,00000000
14741,12351.809,00000000
14742,12326.620,00000000
14743,12309.561,00000000
14744,12303.211,00000000
14745,12331.841,00000000
14746,12339.787,00000000
14747,12338.578,00000000
14748,12288.537,00000000
14749,12300.491,00000000
14750,12304.776,00000000
14751,12302.729,00000000
14752,12298.125,00000000
14753,12303.999,00000000
14754,12304.933,00000000
14755,12317.256,00000000
14756,12323.115,00000000
14757,12313.968,00000000
14758,12301.601,00000000
14759,12291.129,00000000
14760,12305.152,00000000
14761,12323.593,00000000
14762,12338.876,00000000
14763,12312.479,00000000
14764,12315.385,00000000
14765,12309.721,00000000
14766,12310.032,00000000
14767,12316.086,00000000
14768,12310.141,00000000
14769,12315.020,00000000
14770,12292.575,00000000
14771,12309.491,00000000
14772,12329.266,00000000
14773,12332.985,00000000
14774,12329.697,00000000
14775,12307.714,00000000
14776,12355.165,00000000
14777,12334.898,00000000
14778,12319.456,00000000
14779,12318.180,00000000
14780,12334.998,00000000
14781,12357.371,00000000
14782,12352.915,00000000
14783,12333.931,00000000
14784,12307.300,00000000
14785,12309.257,00000000
14786,12306.701,00000000
14787,12338.550,00000000
14788,12319.793,00000000
14789,12325.675,00000000
14790,12295.500,00000000
14791,12327.271,00000000
14792,12321.080,00000000
14793,12338.984,00000000
14794,12317.862,00000000
14795,12337.049,00000000
14796,12303.729,00000000
14797,12338.037,00000000
14798,12348.917,00000000
14799,12345.006,00000000
14800,12304.729,00000000
14801,12320.550,00000000
14802,12309.358,00000000
14803,12341.383,00000000
14804,12330.383,00000000
14805,12300.043,00000000
14806,12300.764,00000000
14807,12182.378,00000000
14808,12300.972,00000000
14809,12319.524,00000000
14810,12322.646,00000000
14811,12317.278,00000000
14812,12316.592,00000000
14813,12330.699,00000000
14814,12309.860,00000000
14815,12316.996,00000000
14816,12304.426,00000000
14817,12326.139,00000000
14818,12328.773,00000000
14819,12337.676,00000000
14820,12304.353,00000000
14821,12314.109,00000000
14822,12305.463,00000000
14823,12315.517,00000000
14824,12321.253,00000000
14825,12326.563,00000000
14826,12324.442,00000000
14827,12334.444,00000000
14828,12311.909,00000000
14829,12301.915,00000000
14830,12323.555,00000000
14831,12299.561,00000000
14832,12305.886,00000000
14833,12331.780,00000000
14834,12345.981,00000000
14835,12303.062,00000000
14836,12313.973,00000000
14837,12304.427,00000000
14838,12317.074,00000000
14839,12330.245,00000000
14840,12305.580,00000000
14841,12315.542,00000000
14842,12290.242,00000000
14843,12323.352,00000000
14844,12320.348,00000000
14845,12339.087,00000000
14846,12228.896,00000000
14847,12299.095,00000000
14848,12309.885,00000000
14849,12319.301,00000000
14850,12339.484,00000000
14851,12337.192,00000000
14852,12311.135,00000000
14853,12324.113,00000000
14854,12317.614,00000000
14855,12328.073,00000000
14856,12330.882,00000000
14857,12297.224,00000000
14858,12328.778,00000000
14859,12323.714,00000000
14860,12307.571,00000000
14861,12332.854,00000000
14862,12309.062,00000000
14863,12315.290,00000000
14864,12326.602,00000000
14865,12361.197,00000000
14866,12336.859,00000000
14867,12303.465,00000000
14868,12295.745,00000000
14869,12313.682,00000000
14870,12305.627,00000000
14871,12330.055,00000000
14872,12300.969,00000000
14873,12320.657,00000000
14874,12311.496,00000000
14875,12315.104,00000000
14876,12312.729,00000000
14877,12326.823,00000000
14878,12347.223,00000000
14879,12342.848,00000000
14880,12362.678,00000000
14881,12328.852,00000000
14882,12314.087,00000000
14883,12309.906,00000000
14884,12338.057,00000000
14885,12342.832,00000000
14886,12316.403,00000000
14887,12304.290,00000000
14888,12318.213,00000000
14889,12324.094,00000000
14890,12328.595,00000000
14891,12307.262,00000000
14892,12285.567,00000000
14893,12283.323,00000000
14894,12338.223,00000000
14895,12323.384,00000000
14896,12353.010,00000000
14897,12330.404,00000000
14898,12321.056,00000000
14899,12339.239,00000000
14900,12301.775,00000000
14901,12324.878,00000000
14902,12328.238,00000000
14903,12292.574,00000000
14904,12333.270,00000000
14905,12300.141,00000000
14906,12323.063,00000000
14907,12300.671,00000000
14908,12320.652,00000000
14909,12342.528,00000000
14910,12311.124,00000000
14911,12320.425,00000000
14912,12335.544,00000000
14913,12317.188,00000000
14914,12308.266,00000000
14915,12321.623,00000000
14916,12323.238,00000000
14917,12314.179,00000000
14918,12309.558,00000000
14919,12318.736,00000000
14920,12303.646,00000000
14921,12315.382,00000000
14922,12328.082,00000000
14923,12289.317,00000000
14924,12305.686,00000000
14925,12300.316,00000000
14926,12276.528,00000000
14927,12321.436,00000000
14928,12298.201,00000000
14929,12288.842,00000000
14930,12304.896,00000000
14931,12292.302,00000000
14932,12305.253,00000000
14933,12313.986,00000000
14934,12322.536,00000000
14935,12315.571,00000000
14936,12310.314,00000000
14937,12300.869,00000000
14938,12294.743,00000000
14939,12318.013,00000000
14940,12294.843,00000000
14941,12295.680,00000000
14942,12291.105,00000000
14943,12318.938,00000000
14944,12234.889,00000000
14945,12242.461,00000000
14946,12246.912,00000000
14947,12251.593,00000000
14948,12246.583,00000000
14949,12273.451,00000000
14950,12308.477,00000000
14951,12309.348,00000000
14952,12315.685,00000000
14953,12301.971,00000000
14954,12311.123,00000000
14955,12340.120,00000000
14956,12318.698,00000000
14957,12329.681,00000000
14958,12349.032,00000000
14959,12306.436,00000000
14960,12301.410,00000000
14961,12323.873,00000000
14962,12312.923,00000000
14963,12318.281,00000000
14964,12197.296,00000000
14965,12304.500,00000000
14966,12304.790,00000000
14967,12312.744,00000000
14968,12327.262,00000000
14969,12283.583,00000000
14970,12314.197,00000000
14971,12300.231,00000000
14972,12301.891,00000000
14973,12340.923,00000000
14974,12308.870,00000000
14975,12297.757,00000000
14976,12323.229,00000000
14977,12314.973,00000000
14978,12316.560,00000000
14979,12320.982,00000000
14980,12289.174,00000000
14981,12315.746,00000000
14982,12286.716,00000000
14983,12296.546,00000000
14984,12321.485,00000000
14985,12303.156,00000000
14986,12310.534,00000000
14987,12312.200,00000000
14988,12316.271,00000000
14989,12308.826,00000000
14990,12319.454,00000000
14991,12318.018,00000000
14992,12330.738,00000000
14993,12307.405,00000000
14994,12331.110,00000000
14995,12312.706,00000000
14996,12316.835,00000000
14997,12331.721,00000000
14998,12307.330,00000000
14999,12315.205,00000000
15000,12318.234,00000000
15001,12599.170,00000000
15002,12947.041,00000000
15003,12479.402,00000000
15004,12788.971,00000000
15005,12477.498,00000000
15006,12696.005,00000000
15007,12433.172,00000000
15008,12583.089,00000000
15009,12891.811,00000000
15010,12504.064,00000000
15011,12759.306,00000000
15012,12476.459,00000000
15013,12645.417,00000000
15014,12861.262,00000000
15015,12539.901,00000000
15016,12832.629,00000000
15017,12500.163,00000000
15018,12731.604,00000000
15019,12438.669,00000000
15020,12637.909,00000000
15021,12941.864,00000000
15022,14122.960,00000000
15023,14505.813,00000000
15024,15050.168,00000000
15025,16171.080,00000000
15026,17726.852,00000000
15027,19273.609,00000000
15028,19876.871,00000000
15029,20188.395,00000000
15030,20310.172,00000000
15031,20446.682,00000000
15032,20428.857,00000000
15033,20407.898,00000000
15034,20382.629,00000000
15035,20350.410,00000000
15036,20439.750,00000000
15037,20497.318,00000000
15038,20449.121,00000000
15039,20462.969,00000000
15040,20480.549,00000000
15041,20395.438,00000000
15042,20385.861,00000000
15043,20394.652,00000000
15044,20296.627,00000000
15045,20332.164,00000000
15046,20344.488,00000000
15047,20387.494,00000000
15048,20432.842,00000000
15049,20488.805,00000000
15050,20420.461,00000000
15051,20365.283,00000000
15052,20325.285,00000000
15053,20296.871,00000000
15054,20340.590,00000000
15055,20311.961,00000000
15056,20397.600,00000000
15057,20408.697,00000000
15058,20363.994,00000000
15059,20345.088,00000000
15060,20337.932,00000000
15061,20284.385,00000000
15062,20267.240,00000000
15063,20262.000,00000000
15064,20346.887,00000000
15065,20421.908,00000000
15066,20363.875,00000000
15067,20329.426,00000000
15068,20401.287,00000000
15069,20304.896,00000000
15070,20350.768,00000000
15071,20308.025,00000000
15072,20310.559,00000000
15073,20267.260,00000000
15074,20335.344,00000000
15075,20350.258,00000000
15076,20418.600,00000000
15077,20331.543,00000000
15078,20356.162,00000000
15079,20371.398,00000000
15080,20348.811,00000000
15081,20295.762,00000000
15082,20296.824,00000000
15083,20297.836,00000000
15084,20349.502,00000000
15085,20406.963,00000000
15086,20384.697,00000000
15087,20358.805,00000000
15088,20395.996,00000000
15089,20408.264,00000000
15090,20422.047,00000000
15091,20389.125,00000000
15092,20347.299,00000000
15093,20372.178,00000000
15094,20331.801,00000000
15095,20424.813,00000000
15096,20380.854,00000000
15097,20331.904,00000000
15098,20416.137,00000000
15099,20437.783,00000000
15100,20455.842,00000000
15101,20461.461,00000000
15102,20466.643,00000000
15103,20453.125,00000000
15104,20442.816,00000000
15105,20496.230,00000000
15106,20426.797,00000000
15107,20397.105,00000000
15108,20442.361,00000000
15109,20434.297,00000000
15110,20468.080,00000000
15111,20465.701,00000000
15112,20534.301,00000000
15113,20525.080,00000000
15114,20547.219,00000000
15115,20505.875,00000000
15116,20499.352,00000000
15117,20467.756,00000000
15118,20479.967,00000000
15119,20519.900,00000000
15120,20565.461,00000000
15121,20576.201,00000000
15122,20587.734,00000000
15123,20559.396,00000000
15124,20555.006,00000000
15125,20452.564,00000000
15126,20588.188,00000000
15127,20617.221,00000000
15128,20601.924,00000000
15129,20649.516,00000000
15130,20637.455,00000000
15131,20595.676,00000000
15132,20581.264,00000000
15133,20669.488,00000000
15134,20656.180,00000000
15135,20674.580,00000000
15136,20643.504,00000000
15137,20668.973,00000000
15138,20595.293,00000000
15139,20701.742,00000000
15140,20731.551,00000000
15141,20755.564,00000000
15142,20754.459,00000000
15143,20708.926,00000000
15144,20731.596,00000000
15145,20735.242,00000000
15146,20788.100,00000000
15147,20814.086,00000000
15148,20781.496,00000000
15149,20811.525,00000000
15150,20818.719,00000000
15151,20709.326,00000000
15152,20780.547,00000000
15153,20872.152,00000000
15154,20857.855,00000000
15155,20883.502,00000000
15156,20833.689,00000000
15157,20775.727,00000000
15158,20826.500,00000000
15159,20946.490,00000000
15160,20934.215,00000000
15161,20869.934,00000000
15162,20843.871,00000000
15163,20848.250,00000000
15164,20908.365,00000000
15165,20954.283,00000000
15166,20957.283,00000000
15167,20952.465,00000000
15168,20899.813,00000000
15169,20838.631,00000000
15170,20920.945,00000000
15171,20977.021,00000000
15172,20966.549,00000000
15173,20950.998,00000000
15174,20866.602,00000000
15175,20904.172,00000000
15176,20990.729,00000000
15177,21066.889,00000000
15178,21060.916,00000000
15179,20941.762,00000000
15180,20945.951,00000000
15181,20911.338,00000000
15182,20969.111,00000000
15183,21007.572,00000000
15184,21054.154,00000000
15185,21024.305,00000000
15186,20976.162,00000000
15187,20945.770,00000000
15188,21013.746,00000000
15189,21059.602,00000000
15190,21096.148,00000000
15191,21046.381,00000000
15192,20988.088,00000000
15193,21048.117,00000000
15194,21069.377,00000000
15195,21076.539,00000000
15196,21086.383,00000000
15197,21002.699,00000000
15198,20921.867,00000000
15199,21055.670,00000000
15200,21040.887,00000000
15201,21079.502,00000000
15202,21090.701,00000000
15203,20880.229,00000000
15204,20899.080,00000000
15205,20982.428,00000000
15206,21048.521,00000000
15207,21112.918,00000000
15208,21072.627,00000000
15209,21031.193,00000000
15210,20921.322,00000000
15211,21040.279,00000000
15212,21147.400,00000000
15213,21106.688,00000000
15214,20987.869,00000000
15215,20907.525,00000000
15216,20956.326,00000000
15217,21048.980,00000000
15218,21054.346,00000000
15219,21040.389,00000000
15220,20917.563,00000000
15221,20894.543,00000000
15222,20985.818,00000000
15223,21030.260,00000000
15224,21115.609,00000000
15225,20990.848,00000000
15226,20829.182,00000000
15227,20933.496,00000000
15228,20998.293,00000000
15229,21048.596,00000000
15230,21047.203,00000000
15231,20819.990,00000000
15232,20893.506,00000000
15233,20946.215,00000000
15234,21011.326,00000000
15235,20984.303,00000000
15236,20815.047,00000000
15237,20854.113,00000000
15238,20974.438,00000000
15239,21015.811,00000000
15240,21028.584,00000000
15241,20714.172,00000000
15242,20831.148,00000000
15243,20883.891,00000000
15244,20954.744,00000000
15245,20952.643,00000000
15246,20611.127,00000000
15247,20787.760,00000000
15248,20880.508,00000000
15249,20901.482,00000000
15250,20953.799,00000000
15251,20692.910,00000000
15252,20750.709,00000000
15253,20877.057,00000000
15254,20921.359,00000000
15255,20904.285,00000000
15256,20689.391,00000000
15257,20682.969,00000000
15258,20776.037,00000000
15259,20829.219,00000000
15260,20880.002,00000000
15261,20714.609,00000000
15262,20593.352,00000000
15263,20852.348,00000000
15264,20849.078,00000000
15265,20688.564,00000000
15266,20580.277,00000000
15267,20712.928,00000000
15268,20743.182,00000000
15269,20847.738,00000000
15270,20595.537,00000000
15271,20533.627,00000000
15272,20624.957,00000000
15273,20702.291,00000000
15274,20723.205,00000000
15275,20634.270,00000000
15276,20483.854,00000000
15277,20569.934,00000000
15278,20670.961,00000000
15279,20715.174,00000000
15280,20663.207,00000000
15281,20438.633,00000000
15282,20545.818,00000000
15283,20689.295,00000000
15284,20646.186,00000000
15285,20488.266,00000000
15286,20407.689,00000000
15287,20515.875,00000000
15288,20594.340,00000000
15289,20615.322,00000000
15290,20465.301,00000000
15291,20377.564,00000000
15292,20411.809,00000000
15293,20505.756,00000000
15294,20494.939,00000000
15295,20460.477,00000000
15296,20423.182,00000000
15297,20323.512,00000000
15298,20358.924,00000000
15299,20424.234,00000000
15300,20532.344,00000000
15301,20501.426,00000000
15302,20420.414,00000000
15303,20364.115,00000000
15304,20356.029,00000000
15305,20468.725,00000000
15306,20504.684,00000000
15307,20402.076,00000000
15308,20372.941,00000000
15309,20373.348,00000000
15310,20289.662,00000000
15311,20355.150,00000000
15312,20406.613,00000000
15313,20374.600,00000000
15314,20415.551,00000000
15315,20375.668,00000000
15316,20283.559,00000000
15317,20416.098,00000000
15318,20384.299,00000000
15319,20423.707,00000000
15320,20340.514,00000000
15321,20282.088,00000000
15322,20303.025,00000000
15323,20333.885,00000000
15324,20383.027,00000000
15325,20377.240,00000000
15326,20383.012,00000000
15327,20185.611,00000000
15328,20253.076,00000000
15329,20384.285,00000000
15330,20347.049,00000000
15331,20356.602,00000000
15332,20256.305,00000000
15333,20183.742,00000000
15334,20334.787,00000000
15335,20333.102,00000000
15336,20321.729,00000000
15337,20327.141,00000000
15338,20209.297,00000000
15339,20228.357,00000000
15340,20288.832,00000000
15341,20295.355,00000000
15342,20311.832,00000000
15343,20390.951,00000000
15344,20366.506,00000000
15345,20228.502,00000000
15346,20351.350,00000000
15347,20385.717,00000000
15348,20339.514,00000000
15349,20317.217,00000000
15350,20298.986,00000000
15351,20253.750,00000000
15352,20168.482,00000000
15353,20266.664,00000000
15354,20330.771,00000000
15355,20339.623,00000000
15356,20361.691,00000000
15357,20328.301,00000000
15358,20255.748,00000000
15359,20306.322,00000000
15360,20368.203,00000000
15361,20397.836,00000000
15362,20331.916,00000000
15363,20308.951,00000000
15364,20303.531,00000000
15365,20299.250,00000000
15366,20384.363,00000000
15367,20418.805,00000000
15368,20433.453,00000000
15369,20417.117,00000000
15370,20371.938,00000000
15371,20351.295,00000000
15372,20404.553,00000000
15373,20397.943,00000000
15374,20452.582,00000000
15375,20410.918,00000000
15376,20434.541,00000000
15377,20394.410,00000000
15378,20409.803,00000000
15379,20481.688,00000000
15380,20471.061,00000000
15381,20468.465,00000000
15382,20389.398,00000000
15383,20316.588,00000000
15384,20443.223,00000000
15385,20470.461,00000000
15386,20497.482,00000000
15387,20514.264,00000000
15388,20454.311,00000000
15389,20390.375,00000000
15390,20520.410,00000000
15391,20527.439,00000000
15392,20578.857,00000000
15393,20502.453,00000000
15394,20551.285,00000000
15395,20522.330,00000000
15396,20490.896,00000000
15397,20488.451,00000000
15398,20571.340,00000000
15399,20580.580,00000000
15400,20585.459,00000000
15401,20601.473,00000000
15402,20579.607,00000000
15403,20513.928,00000000
15404,20566.816,00000000
15405,20625.244,00000000
15406,20643.531,00000000
15407,20709.111,00000000
15408,20670.996,00000000
15409,20629.600,00000000
15410,20678.488,00000000
15411,20687.479,00000000
15412,20672.602,00000000
15413,20713.508,00000000
15414,20649.502,00000000
15415,20648.455,00000000
15416,20714.742,00000000
15417,20738.697,00000000
15418,20766.730,00000000
15419,20756.215,00000000
15420,20699.904,00000000
15421,20711.775,00000000
15422,20709.051,00000000
15423,20696.293,00000000
15424,20781.746,00000000
15425,20801.367,00000000
15426,20835.336,00000000
15427,20808.188,00000000
15428,20785.357,00000000
15429,20837.859,00000000
15430,20860.555,00000000
15431,20908.523,00000000
15432,20890.109,00000000
15433,20908.332,00000000
15434,20861.352,00000000
15435,20871.561,00000000
15436,20947.684,00000000
15437,20921.674,00000000
15438,20870.967,00000000
15439,20838.311,00000000
15440,20899.912,00000000
15441,20854.902,00000000
15442,20957.898,00000000
15443,20996.668,00000000
15444,20974.336,00000000
15445,20986.531,00000000
15446,20925.484,00000000
15447,20899.336,00000000
15448,20939.354,00000000
15449,21045.750,00000000
15450,21026.715,00000000
15451,20960.199,00000000
15452,20987.330,00000000
15453,20935.180,00000000
15454,20919.760,00000000
15455,21041.193,00000000
15456,21060.254,00000000
15457,21068.945,00000000
15458,20997.656,00000000
15459,20988.445,00000000
15460,20965.328,00000000
15461,21038.760,00000000
15462,21085.758,00000000
15463,21081.123,00000000
15464,20941.631,00000000
15465,20939.311,00000000
15466,21012.227,00000000
15467,21017.975,00000000
15468,21028.168,00000000
15469,21027.066,00000000
15470,20989.547,00000000
15471,20943.945,00000000
15472,21041.215,00000000
15473,21113.449,00000000
15474,21055.551,00000000
15475,21053.471,00000000
15476,20943.654,00000000
15477,21054.865,00000000
15478,21095.836,00000000
15479,21094.732,00000000
15480,21102.861,00000000
15481,20989.137,00000000
15482,20986.840,00000000
15483,21053.162,00000000
15484,21072.557,00000000
15485,21108.025,00000000
15486,21047.799,00000000
15487,20908.313,00000000
15488,20963.146,00000000
15489,21038.121,00000000
15490,21065.854,00000000
15491,21060.654,00000000
15492,20999.496,00000000
15493,20922.518,00000000
15494,20982.377,00000000
15495,21030.518,00000000
15496,21078.086,00000000
15497,21076.188,00000000
15498,21030.584,00000000
15499,20900.307,00000000
15500,20991.350,00000000
15501,21075.742,00000000
15502,21127.586,00000000
15503,21045.279,00000000
15504,20889.670,00000000
15505,20974.119,00000000
15506,21018.178,00000000
15507,21062.934,00000000
15508,21052.105,00000000
15509,20879.463,00000000
15510,20891.996,00000000
15511,20986.563,00000000
15512,21038.902,00000000
15513,21050.311,00000000
15514,20992.297,00000000
15515,20733.648,00000000
15516,20896.426,00000000
15517,20912.598,00000000
15518,21009.008,00000000
15519,21021.547,00000000
15520,20958.205,00000000
15521,20770.350,00000000
15522,20884.822,00000000
15523,20988.717,00000000
15524,20998.670,00000000
15525,20965.096,00000000
15526,20683.793,00000000
15527,20837.697,00000000
15528,20948.250,00000000
15529,21006.684,00000000
15530,20968.031,00000000
15531,20767.584,00000000
15532,20698.623,00000000
15533,20855.285,00000000
15534,20916.137,00000000
15535,20901.363,00000000
15536,20833.906,00000000
15537,20607.145,00000000
15538,20712.551,00000000
15539,20858.125,00000000
15540,20854.924,00000000
15541,20778.914,00000000
15542,20598.473,00000000
15543,20686.240,00000000
15544,20877.389,00000000
15545,20772.064,00000000
15546,20490.113,00000000
15547,20603.961,00000000
15548,20677.770,00000000
15549,20751.758,00000000
15550,20796.816,00000000
15551,20628.676,00000000
15552,20548.189,00000000
15553,20652.592,00000000
15554,20674.248,00000000
15555,20715.859,00000000
15556,20736.533,00000000
15557,20406.041,00000000
15558,20532.189,00000000
15559,20555.318,00000000
15560,20659.225,00000000
15561,20659.916,00000000
15562,20443.111,00000000
15563,20378.734,00000000
15564,20563.615,00000000
15565,20655.926,00000000
15566,20510.785,00000000
15567,20455.387,00000000
15568,20410.488,00000000
15569,20471.270,00000000
15570,20591.359,00000000
15571,20535.119,00000000
15572,20419.953,00000000
15573,20293.586,00000000
15574,20435.996,00000000
15575,20492.064,00000000
15576,20518.783,00000000
15577,20489.242,00000000
15578,20381.945,00000000
15579,20307.799,00000000
15580,20472.855,00000000
15581,20494.863,00000000
15582,20496.242,00000000
15583,20460.957,00000000
15584,20418.705,00000000
15585,20461.453,00000000
15586,20414.146,00000000
15587,20431.000,00000000
15588,20455.240,00000000
15589,20313.631,00000000
15590,20362.934,00000000
15591,20424.865,00000000
15592,20414.441,00000000
15593,20409.998,00000000
15594,20321.908,00000000
15595,20324.504,00000000
15596,20372.473,00000000
15597,20409.096,00000000
15598,20394.334,00000000
15599,20272.354,00000000
15600,20253.086,00000000
15601,20343.947,00000000
15602,20340.656,00000000
15603,20379.365,00000000
15604,20378.938,00000000
15605,20284.309,00000000
15606,20234.436,00000000
15607,20350.486,00000000
15608,20341.350,00000000
15609,20339.461,00000000
15610,20334.369,00000000
15611,20297.207,00000000
15612,20256.545,00000000
15613,20308.166,00000000
15614,20334.875,00000000
15615,20378.832,00000000
15616,20334.910,00000000
15617,20288.498,00000000
15618,20284.322,00000000
15619,20319.984,00000000
15620,20383.682,00000000
15621,20345.883,00000000
15622,20324.242,00000000
15623,20325.701,00000000
15624,20265.145,00000000
15625,20320.619,00000000
15626,20358.006,00000000
15627,20366.551,00000000
15628,20327.719,00000000
15629,20346.012,00000000
15630,20230.387,00000000
15631,20336.301,00000000
15632,20333.209,00000000
15633,20370.459,00000000
15634,20339.539,00000000
15635,20278.830,00000000
15636,20263.900,00000000
15637,20374.242,00000000
15638,20430.846,00000000
15639,20370.588,00000000
15640,20335.602,00000000
15641,20349.600,00000000
15642,20311.260,00000000
15643,20371.707,00000000
15644,20333.684,00000000
15645,20417.605,00000000
15646,20398.773,00000000
15647,20340.666,00000000
15648,20342.951,00000000
15649,20351.891,00000000
15650,20345.549,00000000
15651,20368.359,00000000
15652,20395.857,00000000
15653,20454.359,00000000
15654,20414.078,00000000
15655,20317.533,00000000
15656,20417.105,00000000
15657,20458.506,00000000
15658,20383.273,00000000
15659,20460.150,00000000
15660,20440.289,00000000
15661,20369.395,00000000
15662,20484.422,00000000
15663,20469.555,00000000
15664,20530.209,00000000
15665,20459.725,00000000
15666,20488.605,00000000
15667,20421.811,00000000
15668,20473.627,00000000
15669,20532.166,00000000
15670,20497.867,00000000
15671,20500.377,00000000
15672,20517.719,00000000
15673,20507.951,00000000
15674,20538.623,00000000
15675,20566.264,00000000
15676,20560.420,00000000
15677,20621.156,00000000
15678,20594.789,00000000
15679,20564.137,00000000
15680,20576.543,00000000
15681,20557.459,00000000
15682,20647.479,00000000
15683,20685.779,00000000
15684,20615.084,00000000
15685,20578.041,00000000
15686,20599.873,00000000
15687,20685.104,00000000
15688,20740.986,00000000
15689,20714.842,00000000
15690,20674.971,00000000
15691,20592.385,00000000
15692,20636.088,00000000
15693,20711.146,00000000
15694,20713.564,00000000
15695,20728.980,00000000
15696,20724.143,00000000
15697,20715.342,00000000
15698,20710.613,00000000
15699,20712.404,00000000
15700,20783.467,00000000
15701,20809.646,00000000
15702,20818.936,00000000
15703,20817.193,00000000
15704,20646.139,00000000
15705,20791.592,00000000
15706,20835.639,00000000
15707,20833.576,00000000
15708,20863.037,00000000
15709,20841.305,00000000
15710,20789.129,00000000
15711,20848.791,00000000
15712,20900.484,00000000
15713,20898.266,00000000
15714,20875.814,00000000
15715,20870.809,00000000
15716,20821.615,00000000
15717,20858.359,00000000
15718,20961.799,00000000
15719,20982.025,00000000
15720,20898.488,00000000
15721,20902.178,00000000
15722,20810.166,00000000
15723,20918.479,00000000
15724,20934.564,00000000
15725,20967.893,00000000
15726,20950.824,00000000
15727,20914.066,00000000
15728,20866.248,00000000
15729,20861.822,00000000
15730,21008.400,00000000
15731,21020.994,00000000
15732,21013.088,00000000
15733,20959.852,00000000
15734,20961.703,00000000
15735,20914.871,00000000
15736,21001.320,00000000
15737,21017.408,00000000
15738,21033.670,00000000
15739,21008.256,00000000
15740,20957.574,00000000
15741,20933.631,00000000
15742,21009.191,00000000
15743,21000.689,00000000
15744,21031.133,00000000
15745,21051.480,00000000
15746,20984.621,00000000
15747,20958.672,00000000
15748,21035.557,00000000
15749,21084.664,00000000
15750,21078.143,00000000
15751,21049.740,00000000
15752,20976.568,00000000
15753,21001.977,00000000
15754,21058.748,00000000
15755,21066.877,00000000
15756,20999.119,00000000
15757,21045.039,00000000
15758,20932.236,00000000
15759,21020.230,00000000
15760,21048.248,00000000
15761,21083.010,00000000
15762,21117.365,00000000
15763,21021.131,00000000
15764,20917.836,00000000
15765,21020.320,00000000
15766,21066.670,00000000
15767,21137.236,00000000
15768,21024.383,00000000
15769,20936.980,00000000
15770,21034.807,00000000
15771,21101.574,00000000
15772,21101.818,00000000
15773,21052.605,00000000
15774,20977.059,00000000
15775,20995.348,00000000
15776,21041.822,00000000
15777,21107.930,00000000
15778,21009.328,00000000
15779,20873.848,00000000
15780,20967.412,00000000
15781,21028.602,00000000
15782,21091.566,00000000
15783,21006.359,00000000
15784,20801.320,00000000
15785,20948.457,00000000
15786,21021.063,00000000
15787,21046.791,00000000
15788,21041.277,00000000
15789,20765.918,00000000
15790,20893.779,00000000
15791,20970.328,00000000
15792,21042.561,00000000
15793,21038.797,00000000
15794,20771.582,00000000
15795,20891.170,00000000
15796,20936.273,00000000
15797,20980.188,00000000
15798,21036.154,00000000
15799,20815.119,00000000
15800,20798.209,00000000
15801,20947.086,00000000
15802,20979.611,00000000
15803,20993.279,00000000
15804,20796.535,00000000
15805,20767.986,00000000
15806,20863.881,00000000
15807,20913.719,00000000
15808,20901.936,00000000
15809,20859.920,00000000
15810,20680.383,00000000
15811,20837.863,00000000
15812,20889.348,00000000
15813,20912.359,00000000
15814,20726.549,00000000
15815,20666.084,00000000
15816,20778.324,00000000
15817,20876.959,00000000
15818,20825.600,00000000
15819,20562.318,00000000
15820,20681.506,00000000
15821,20757.629,00000000
15822,20776.031,00000000
15823,20819.084,00000000
15824,20568.125,00000000
15825,20541.063,00000000
15826,20680.182,00000000
15827,20777.295,00000000
15828,20789.100,00000000
15829,20501.479,00000000
15830,20516.441,00000000
15831,20639.400,00000000
15832,20671.250,00000000
15833,20717.902,00000000
15834,20601.285,00000000
15835,20444.826,00000000
15836,20573.313,00000000
15837,20689.598,00000000
15838,20714.465,00000000
15839,20541.373,00000000
15840,20387.414,00000000
15841,20526.338,00000000
15842,20587.920,00000000
15843,20608.412,00000000
15844,20593.324,00000000
15845,20396.988,00000000
15846,20434.256,00000000
15847,20504.617,00000000
15848,20555.264,00000000
15849,20535.797,00000000
15850,20402.072,00000000
15851,20378.441,00000000
15852,20377.744,00000000
15853,20472.773,00000000
15854,20423.123,00000000
15855,20401.684,00000000
15856,20343.652,00000000
15857,20324.896,00000000
15858,20374.846,00000000
15859,20417.564,00000000
15860,20394.896,00000000
15861,20365.010,00000000
15862,20393.779,00000000
15863,20270.730,00000000
15864,20303.754,00000000
15865,20397.281,00000000
15866,20379.264,00000000
15867,20356.863,00000000
15868,20323.746,00000000
15869,20229.238,00000000
15870,20347.848,00000000
15871,20406.047,00000000
15872,20390.588,00000000
15873,20323.182,00000000
15874,20291.799,00000000
15875,20337.039,00000000
15876,20369.291,00000000
15877,20350.059,00000000
15878,20301.104,00000000
15879,20253.664,00000000
15880,20180.740,00000000
15881,20258.900,00000000
15882,20340.127,00000000
15883,20346.768,00000000
15884,20327.654,00000000
15885,20318.152,00000000
15886,20237.721,00000000
15887,20290.623,00000000
15888,20322.033,00000000
15889,20362.395,00000000
15890,20327.008,00000000
15891,20279.611,00000000
15892,20280.943,00000000
15893,20313.559,00000000
15894,20333.836,00000000
15895,20278.375,00000000
15896,20336.463,00000000
15897,20281.354,00000000
15898,20277.328,00000000
15899,20237.322,00000000
15900,20267.713,00000000
15901,20281.719,00000000
15902,20315.057,00000000
15903,20280.525,00000000
15904,20260.977,00000000
15905,20227.309,00000000
15906,20351.811,00000000
15907,20381.152,00000000
15908,20373.510,00000000
15909,20383.186,00000000
15910,20246.254,00000000
15911,20358.287,00000000
15912,20363.609,00000000
15913,20390.764,00000000
15914,20368.590,00000000
15915,20227.234,00000000
15916,20215.686,00000000
15917,20358.914,00000000
15918,20366.510,00000000
15919,20367.445,00000000
15920,20316.578,00000000
15921,20269.770,00000000
15922,20364.703,00000000
15923,20350.291,00000000
15924,20351.811,00000000
15925,20332.559,00000000
15926,20354.393,00000000
15927,20392.508,00000000
15928,20377.061,00000000
15929,20339.514,00000000
15930,20395.969,00000000
15931,20426.574,00000000
15932,20390.236,00000000
15933,20494.844,00000000
15934,20423.371,00000000
15935,20362.510,00000000
15936,20326.098,00000000
15937,20395.834,00000000
15938,20453.080,00000000
15939,20462.766,00000000
15940,20462.623,00000000
15941,20410.387,00000000
15942,20386.596,00000000
15943,20463.498,00000000
15944,20507.178,00000000
15945,20505.145,00000000
15946,20549.324,00000000
15947,20479.182,00000000
15948,20483.939,00000000
15949,20523.066,00000000
15950,20553.520,00000000
15951,20577.309,00000000
15952,20601.123,00000000
15953,20628.561,00000000
15954,20597.064,00000000
15955,20518.271,00000000
15956,20552.447,00000000
15957,20598.131,00000000
15958,20624.088,00000000
15959,20626.271,00000000
15960,20625.699,00000000
15961,20628.305,00000000
15962,20565.363,00000000
15963,20618.965,00000000
15964,20691.051,00000000
15965,20701.461,00000000
15966,20696.768,00000000
15967,20640.676,00000000
15968,20650.385,00000000
15969,20694.793,00000000
15970,20712.055,00000000
15971,20695.680,00000000
15972,20711.732,00000000
15973,20711.451,00000000
15974,20720.063,00000000
15975,20695.102,00000000
15976,20701.623,00000000
15977,20763.160,00000000
15978,20803.396,00000000
15979,20798.291,00000000
15980,20742.785,00000000
15981,20710.494,00000000
15982,20772.293,00000000
15983,20768.256,00000000
15984,20824.791,00000000
15985,20847.756,00000000
15986,20853.736,00000000
15987,20733.863,00000000
15988,20855.205,00000000
15989,20916.982,00000000
15990,20899.416,00000000
15991,20954.131,00000000
15992,20861.295,00000000
15993,20801.119,00000000
15994,20867.664,00000000
15995,20895.430,00000000
15996,20941.166,00000000
15997,20968.621,00000000
15998,20910.129,00000000
15999,20872.598,00000000
16000,20912.191,00000000
16001,20947.449,00000000
16002,20963.084,00000000
16003,20942.191,00000000
16004,20922.982,00000000
16005,20924.656,00000000
16006,20943.607,00000000
16007,21008.416,00000000
16008,21004.146,00000000
16009,21053.586,00000000
16010,20968.596,00000000
16011,20876.914,00000000
16012,20990.387,00000000
16013,20993.967,00000000
16014,21070.492,00000000
16015,15683.258,00000000
16016,13579.226,00000000
16017,12761.755,00000000
16018,12466.913,00000000
16019,12320.181,00000000
16020,12319.593,00000000
16021,12300.437,00000000
16022,12292.920,00000000
16023,12300.843,00000000
16024,12250.194,00000000
16025,12276.896,00000000
16026,12286.790,00000000
16027,12286.608,00000000
16028,12300.598,00000000
16029,12254.189,00000000
16030,12272.802,00000000
16031,12311.235,00000000
16032,12288.138,00000000
16033,12288.113,00000000
16034,12273.358,00000000
16035,12316.116,00000000
16036,12329.180,00000000
16037,12292.799,00000000
16038,12300.748,00000000
16039,12294.728,00000000
16040,12302.404,00000000
16041,12283.259,00000000
16042,12320.894,00000000
16043,12301.897,00000000
16044,12303.688,00000000
16045,12295.982,00000000
16046,12309.740,00000000
16047,12297.627,00000000
16048,12314.035,00000000
16049,12299.911,00000000
16050,12298.684,00000000
16051,12289.680,00000000
16052,12295.821,00000000
16053,12284.553,00000000
16054,12282.821,00000000
16055,12282.318,00000000
16056,12315.527,00000000
16057,12287.812,00000000
16058,12304.861,00000000
16059,12307.972,00000000
16060,12277.207,00000000
16061,12319.709,00000000
16062,12307.767,00000000
16063,12276.563,00000000
16064,12283.285,00000000
16065,12278.550,00000000
16066,12283.390,00000000
16067,12293.383,00000000
16068,12289.193,00000000
16069,12296.199,00000000
16070,12291.360,00000000
16071,12261.599,00000000
16072,12287.893,00000000
16073,12318.857,00000000
16074,12310.324,00000000
16075,12273.912,00000000
16076,12298.920,00000000
16077,12303.789,00000000
16078,12286.856,00000000
16079,12299.660,00000000
16080,12311.120,00000000
16081,12291.993,00000000
16082,12302.326,00000000
16083,12273.175,00000000
16084,12288.240,00000000
16085,12300.091,00000000
16086,12284.344,00000000
16087,12310.140,00000000
16088,12288.866,00000000
16089,12284.541,00000000
16090,12273.840,00000000
16091,12260.656,00000000
16092,12301.841,00000000
16093,12315.158,00000000
16094,12270.619,00000000
16095,12312.691,00000000
16096,12320.250,00000000
16097,12328.865,00000000
16098,12279.872,00000000
16099,12308.545,00000000
16100,12290.539,00000000
16101,12304.021,00000000
16102,12324.323,00000000
16103,12322.758,00000000
16104,12295.805,00000000
16105,12307.301,00000000
16106,12310.915,00000000
16107,12303.948,00000000
16108,12333.443,00000000
16109,12311.826,00000000
16110,12299.829,00000000
16111,12311.209,00000000
16112,12305.376,00000000
16113,12292.439,00000000
16114,12317.463,00000000
16115,12309.227,00000000
16116,12290.641,00000000
16117,12335.770,00000000
16118,12321.355,00000000
16119,12316.148,00000000
16120,12322.776,00000000
16121,12310.104,00000000
16122,12292.755,00000000
16123,12312.341,00000000
16124,12301.470,00000000
16125,12315.001,00000000
16126,12293.403,00000000
16127,12310.231,00000000
16128,12319.716,00000000
16129,12296.477,00000000
16130,12323.311,00000000
16131,12311.098,00000000
16132,12316.467,00000000
16133,12332.264,00000000
16134,12324.094,00000000
16135,12328.087,00000000
16136,12348.793,00000000
16137,12325.263,00000000
16138,12332.094,00000000
16139,12348.135,00000000
16140,12346.104,00000000
16141,12331.540,00000000
16142,12330.271,00000000
16143,12337.674,00000000
16144,12320.467,00000000
16145,12339.593,00000000
16146,12310.658,00000000
16147,12298.632,00000000
16148,12337.327,00000000
16149,12355.885,00000000
16150,12361.924,00000000
16151,12346.283,00000000
16152,12337.164,00000000
16153,12354.246,00000000
16154,12334.201,00000000
16155,12335.936,00000000
16156,12364.984,00000000
16157,12342.660,00000000
16158,12336.454,00000000
16159,12366.354,00000000
16160,12349.650,00000000
16161,12356.986,00000000
16162,12341.300,00000000
16163,12330.354,00000000
16164,12343.121,00000000
16165,12331.168,00000000
16166,12344.965,00000000
16167,12341.196,00000000
16168,12360.911,00000000
16169,12359.675,00000000
16170,12350.403,00000000
16171,12361.317,00000000
16172,12366.747,00000000
16173,12361.766,00000000
16174,12358.994,00000000
16175,12360.251,00000000
16176,12340.243,00000000
16177,12361.119,00000000
16178,12330.385,00000000
16179,12354.613,00000000
16180,12354.482,00000000
16181,12334.978,00000000
16182,12320.440,00000000
16183,12333.212,00000000
16184,12327.778,00000000
16185,12342.822,00000000
16186,12346.859,00000000
16187,12350.056,00000000
16188,12346.746,00000000
16189,12335.283,00000000
16190,12331.270,00000000
16191,12321.024,00000000
16192,12332.402,00000000
16193,12351.180,00000000
16194,12331.659,00000000
16195,12350.070,00000000
16196,12328.881,00000000
16197,12325.461,00000000
16198,12331.429,00000000
16199,12328.693,00000000
16200,12329.191,00000000
16201,12331.206,00000000
16202,12333.992,00000000
16203,12311.210,00000000
16204,12345.793,00000000
16205,12334.036,00000000
16206,12338.715,00000000
16207,12363.557,00000000
16208,12317.304,00000000
16209,12344.244,00000000
16210,12376.274,00000000
16211,12352.261,00000000
16212,12357.294,00000000
16213,12349.073,00000000
16214,12317.905,00000000
16215,12352.732,00000000
16216,12337.351,00000000
16217,12298.046,00000000
16218,12320.136,00000000
16219,12333.427,00000000
16220,12306.563,00000000
16221,12345.258,00000000
16222,12310.443,00000000
16223,12326.351,00000000
16224,12304.757,00000000
16225,12331.383,00000000
16226,12340.695,00000000
16227,12314.160,00000000
16228,12327.631,00000000
16229,12301.880,00000000
16230,12315.016,00000000
16231,12325.435,00000000
16232,12304.188,00000000
16233,12324.382,00000000
16234,12322.274,00000000
16235,12339.315,00000000
16236,12324.250,00000000
16237,12334.884,00000000
16238,12322.215,00000000
16239,12303.016,00000000
16240,12283.293,00000000
16241,12315.203,00000000
16242,12319.079,00000000
16243,12290.993,00000000
16244,12289.154,00000000
16245,12320.861,00000000
16246,12322.243,00000000
16247,12340.366,00000000
16248,12338.265,00000000
16249,12317.036,00000000
16250,12315.507,00000000
16251,12335.334,00000000
16252,12321.377,00000000
16253,12333.249,00000000
16254,12324.253,00000000
16255,12303.088,00000000
16256,12332.131,00000000
16257,12356.643,00000000
16258,12335.972,00000000
16259,12329.824,00000000
16260,12313.914,00000000
16261,12331.094,00000000
16262,12347.146,00000000
16263,12310.132,00000000
16264,12328.139,00000000
16265,12328.081,00000000
16266,12344.923,00000000
16267,12325.976,00000000
16268,12322.940,00000000
16269,12332.376,00000000
16270,12306.442,00000000
16271,12331.321,00000000
16272,12333.311,00000000
16273,12308.419,00000000
16274,12326.443,00000000
16275,12318.862,00000000
16276,12338.751,00000000
16277,12326.396,00000000
16278,12323.615,00000000
16279,12298.406,00000000
16280,12301.563,00000000
16281,12331.182,00000000
16282,12339.826,00000000
16283,12336.065,00000000
16284,12310.481,00000000
16285,12304.674,00000000
16286,12314.881,00000000
16287,12308.121,00000000
16288,12297.794,00000000
16289,12325.359,00000000
16290,12303.351,00000000
16291,12327.236,00000000
16292,12360.356,00000000
16293,12333.115,00000000
16294,12304.596,00000000
16295,12289.651,00000000
16296,12315.045,00000000
16297,12326.155,00000000
16298,12286.991,00000000
16299,12306.302,00000000
16300,12308.213,00000000
16301,12297.291,00000000
16302,12299.968,00000000
16303,12309.203,00000000
16304,12277.570,00000000
16305,12291.733,00000000
16306,12284.153,00000000
16307,12296.274,00000000
16308,12295.646,00000000
16309,12273.678,00000000
16310,12280.308,00000000
16311,12280.091,00000000
16312,12311.181,00000000
16313,12299.549,00000000
16314,12304.727,00000000
16315,12282.645,00000000
16316,12277.189,00000000
16317,12304.190,00000000
16318,12268.597,00000000
16319,12271.201,00000000
16320,12266.880,00000000
16321,12261.619,00000000
16322,12296.736,00000000
16323,12304.059,00000000
16324,12317.968,00000000
16325,12291.471,00000000
16326,12305.475,00000000
16327,12316.999,00000000
16328,12308.604,00000000
16329,12302.536,00000000
16330,12307.899,00000000
16331,12288.442,00000000
16332,12269.495,00000000
16333,12291.585,00000000
16334,12270.202,00000000
16335,12281.467,00000000
16336,12280.270,00000000
16337,12294.504,00000000
16338,12287.070,00000000
16339,12298.359,00000000
16340,12289.533,00000000
16341,12291.499,00000000
16342,12304.984,00000000
16343,12346.473,00000000
16344,12332.199,00000000
16345,12284.456,00000000
16346,12280.725,00000000
16347,12288.746,00000000
16348,12302.169,00000000
16349,12317.111,00000000
16350,12291.313,00000000
16351,12286.177,00000000
16352,12271.385,00000000
16353,12292.698,00000000
16354,12302.084,00000000
16355,12287.878,00000000
16356,12291.852,00000000
16357,12276.201,00000000
16358,12297.680,00000000
16359,12297.320,00000000
16360,12298.438,00000000
16361,12283.213,00000000
16362,12301.803,00000000
16363,12317.202,00000000
16364,12284.297,00000000
16365,12291.709,00000000
16366,12295.331,00000000
16367,12258.017,00000000
16368,12262.822,00000000
16369,12291.553,00000000
16370,12289.574,00000000
16371,12303.730,00000000
16372,12282.455,00000000
16373,12284.041,00000000
16374,12288.488,00000000
16375,12310.735,00000000
16376,12286.855,00000000
16377,12259.873,00000000
16378,12284.366,00000000
16379,12289.269,00000000
16380,12317.768,00000000
16381,12286.278,00000000
16382,12278.130,00000000
16383,12283.873,00000000
16384,12284.505,00000000
16385,12305.225,00000000
16386,12311.954,00000000
16387,12295.002,00000000
16388,12294.472,00000000
16389,12312.915,00000000
16390,12305.278,00000000
16391,12300.608,00000000
16392,12279.745,00000000
16393,12275.366,00000000
16394,12305.034,00000000
16395,12311.856,00000000
16396,12285.956,00000000
16397,12213.982,00000000
16398,12273.662,00000000
16399,12287.328,00000000
16400,12315.302,00000000
16401,12613.346,00000000
16402,12485.676,00000000
16403,12351.759,00000000
16404,12308.418,00000000
16405,12303.975,00000000
16406,12311.202,00000000
16407,12300.318,00000000
16408,12286.826,00000000
16409,12290.346,00000000
16410,12315.761,00000000
16411,12297.802,00000000
16412,12268.014,00000000
16413,12258.738,00000000
16414,12276.134,00000000
16415,12280.167,00000000
16416,12300.342,00000000
16417,12309.174,00000000
16418,12283.376,00000000
16419,12285.071,00000000
16420,12313.532,00000000
16421,12313.108,00000000
16422,12287.490,00000000
16423,12299.826,00000000
16424,12284.098,00000000
16425,12313.871,00000000
16426,12289.134,00000000
16427,12284.726,00000000
16428,12285.176,00000000
16429,12270.285,00000000
16430,12304.752,00000000
16431,12297.432,00000000
16432,12279.264,00000000
16433,12281.414,00000000
16434,12281.812,00000000
16435,12288.228,00000000
16436,12303.223,00000000
16437,12291.129,00000000
16438,12295.855,00000000
16439,12279.051,00000000
16440,12299.286,00000000
16441,12283.398,00000000
16442,12280.877,00000000
16443,12277.714,00000000
16444,12308.003,00000000
16445,12291.296,00000000
16446,12280.353,00000000
16447,12295.329,00000000
16448,12283.226,00000000
16449,12301.816,00000000
16450,12282.476,00000000
16451,12294.818,00000000
16452,12299.220,00000000
16453,12279.242,00000000
16454,12314.860,00000000
16455,12297.219,00000000
16456,12288.620,00000000
16457,12298.255,00000000
16458,12294.834,00000000
16459,12258.810,00000000
16460,12300.448,00000000
16461,12284.740,00000000
16462,12267.277,00000000
16463,12260.009,00000000
16464,12275.251,00000000
16465,12281.404,00000000
16466,12287.603,00000000
16467,12308.850,00000000
16468,12292.830,00000000
16469,12290.135,00000000
16470,12309.795,00000000
16471,12292.410,00000000
16472,12300.735,00000000
16473,12301.571,00000000
16474,12304.247,00000000
16475,12279.620,00000000
16476,12304.283,00000000
16477,12293.709,00000000
16478,12276.605,00000000
16479,12290.720,00000000
16480,12285.203,00000000
16481,12278.119,00000000
16482,12318.135,00000000
16483,12299.780,00000000
16484,12283.386,00000000
16485,12281.945,00000000
16486,12300.911,00000000
16487,12288.694,00000000
16488,12311.891,00000000
16489,12301.915,00000000
16490,12270.338,00000000
16491,12305.900,00000000
16492,12296.544,00000000
16493,12270.293,00000000
16494,12281.046,00000000
16495,12263.645,00000000
16496,12300.665,00000000
16497,12290.621,00000000
16498,12313.395,00000000
16499,12312.834,00000000
16500,12289.763,00000000
16501,12283.913,00000000
16502,12313.162,00000000
16503,12295.122,00000000
16504,12284.365,00000000
16505,12281.134,00000000
16506,12282.200,00000000
16507,12279.743,00000000
16508,12309.794,00000000
16509,12284.179,00000000
16510,12280.733,00000000
16511,12279.466,00000000
16512,12280.540,00000000
16513,12271.742,00000000
16514,12259.470,00000000
16515,12309.389,00000000
16516,12326.465,00000000
16517,12318.129,00000000
16518,12333.652,00000000
16519,12332.875,00000000
16520,12318.492,00000000
16521,12325.940,00000000
16522,12319.781,00000000
16523,12310.867,00000000
16524,12286.255,00000000
16525,12293.508,00000000
16526,12286.838,00000000
16527,12313.121,00000000
16528,12348.142,00000000
16529,12315.801,00000000
16530,12323.416,00000000
16531,12300.278,00000000
16532,12314.661,00000000
16533,12309.763,00000000
16534,12308.640,00000000
16535,12305.870,00000000
16536,12303.055,00000000
16537,12303.727,00000000
16538,12349.102,00000000
16539,12311.140,00000000
16540,12325.939,00000000
16541,12312.965,00000000
16542,12310.552,00000000
16543,12328.098,00000000
16544,12316.343,00000000
16545,12315.654,00000000
16546,12313.458,00000000
16547,12298.617,00000000
16548,12318.819,00000000
16549,12320.560,00000000
16550,12302.157,00000000
16551,12339.387,00000000
16552,12309.630,00000000
16553,12323.696,00000000
16554,12306.678,00000000
16555,12325.195,00000000
16556,12302.337,00000000
16557,12290.754,00000000
16558,12323.693,00000000
16559,12320.422,00000000
16560,12303.384,00000000
16561,12303.787,00000000
16562,12305.236,00000000
16563,12298.891,00000000
16564,12342.624,00000000
16565,12322.297,00000000
16566,12314.722,00000000
16567,12303.604,00000000
16568,12293.666,00000000
16569,12284.515,00000000
16570,12292.435,00000000
16571,12281.937,00000000
16572,12275.512,00000000
16573,12299.109,00000000
16574,12279.181,00000000
16575,12303.859,00000000
16576,12304.394,00000000
16577,12306.383,00000000
16578,12301.910,00000000
16579,12316.796,00000000
16580,12307.318,00000000
16581,12312.251,00000000
16582,12301.782,00000000
16583,12313.374,00000000
16584,12313.099,00000000
16585,12311.669,00000000
16586,12309.624,00000000
16587,12326.370,00000000
16588,12318.670,00000000
16589,12337.374,00000000
16590,12316.650,00000000
16591,12321.617,00000000
16592,12291.584,00000000
16593,12315.450,00000000
16594,12322.742,00000000
16595,12315.175,00000000
16596,12294.404,00000000
16597,12620.213,00000000
16598,12836.100,00000000
16599,12539.941,00000000
16600,12849.771,00000000
16601,12506.279,00000000
16602,12716.444,00000000
16603,12451.042,00000000
16604,12671.990,00000000
16605,12939.212,00000000
16606,12566.708,00000000
16607,12831.657,00000000
16608,12479.171,00000000
16609,12710.621,00000000
16610,12460.126,00000000
16611,12611.387,00000000
16612,12909.442,00000000
16613,12504.379,00000000
16614,12766.999,00000000
16615,12498.680,00000000
16616,12681.739,00000000
16617,14057.098,00000000
16618,14541.940,00000000
16619,15077.309,00000000
16620,16170.904,00000000
16621,18276.580,00000000
16622,20124.998,00000000
16623,21115.072,00000000
16624,21358.078,00000000
16625,21459.119,00000000
16626,21611.820,00000000
16627,21678.916,00000000
16628,21648.480,00000000
16629,21673.549,00000000
16630,21640.689,00000000
16631,21602.611,00000000
16632,21583.363,00000000
16633,21432.527,00000000
16634,21425.061,00000000
16635,21735.850,00000000
16636,21716.854,00000000
16637,21635.068,00000000
16638,21620.713,00000000
16639,21533.289,00000000
16640,21462.010,00000000
16641,21421.473,00000000
16642,21436.744,00000000
16643,21516.428,00000000
16644,21608.912,00000000
16645,21629.801,00000000
16646,21532.611,00000000
16647,21469.443,00000000
16648,21427.168,00000000
16649,21362.586,00000000
16650,21454.533,00000000
16651,21509.494,00000000
16652,21521.289,00000000
16653,21505.668,00000000
16654,21416.996,00000000
16655,21363.023,00000000
16656,21320.326,00000000
16657,21382.264,00000000
16658,21410.867,00000000
16659,21472.805,00000000
16660,21480.193,00000000
16661,21396.521,00000000
16662,21340.867,00000000
16663,21379.254,00000000
16664,21324.600,00000000
16665,21388.664,00000000
16666,21362.346,00000000
16667,21352.789,00000000
16668,21399.791,00000000
16669,21409.375,00000000
16670,21345.484,00000000
16671,21348.207,00000000
16672,21290.838,00000000
16673,21286.748,00000000
16674,21354.578,00000000
16675,21343.027,00000000
16676,21341.867,00000000
16677,21320.342,00000000
16678,21343.707,00000000
16679,21314.174,00000000
16680,21272.105,00000000
16681,21284.818,00000000
16682,21346.406,00000000
16683,21341.441,00000000
16684,21376.414,00000000
16685,21328.498,00000000
16686,21299.793,00000000
16687,21315.682,00000000
16688,21319.391,00000000
16689,21297.227,00000000
16690,21329.375,00000000
16691,21388.307,00000000
16692,21370.387,00000000
16693,21360.879,00000000
16694,21397.773,00000000
16695,21333.572,00000000
16696,21279.676,00000000
16697,21338.857,00000000
16698,21337.861,00000000
16699,21338.510,00000000
16700,21449.209,00000000
16701,21475.648,00000000
16702,21358.314,00000000
16703,21368.846,00000000
16704,21320.551,00000000
16705,21292.533,00000000
16706,21381.941,00000000
16707,21407.197,00000000
16708,21426.262,00000000
16709,21468.643,00000000
16710,21467.283,00000000
16711,21457.717,00000000
16712,21459.820,00000000
16713,21399.520,00000000
16714,21462.975,00000000
16715,21460.010,00000000
16716,21466.619,00000000
16717,21524.133,00000000
16718,21408.033,00000000
16719,21395.428,00000000
16720,21491.139,00000000
16721,21448.914,00000000
16722,21503.230,00000000
16723,21495.615,00000000
16724,21479.820,00000000
16725,21474.570,00000000
16726,21471.367,00000000
16727,21516.609,00000000
16728,21532.654,00000000
16729,21472.164,00000000
16730,21491.162,00000000
16731,21500.828,00000000
16732,21573.959,00000000
16733,21470.850,00000000
16734,21550.141,00000000
16735,21583.889,00000000
16736,21565.990,00000000
16737,21517.813,00000000
16738,21557.234,00000000
16739,21547.760,00000000
16740,21526.520,00000000
16741,21524.236,00000000
16742,21577.525,00000000
16743,21587.932,00000000
16744,21550.447,00000000
16745,21595.045,00000000
16746,21622.875,00000000
16747,21580.432,00000000
16748,21568.244,00000000
16749,21636.953,00000000
16750,21584.555,00000000
16751,21567.326,00000000
16752,21571.760,00000000
16753,21662.459,00000000
16754,21565.027,00000000
16755,21488.961,00000000
16756,21505.605,00000000
16757,21602.283,00000000
16758,21587.602,00000000
16759,21551.049,00000000
16760,21622.848,00000000
16761,21614.207,00000000
16762,21557.873,00000000
16763,21593.166,00000000
16764,21591.287,00000000
16765,21509.602,00000000
16766,21546.834,00000000
16767,21508.396,00000000
16768,21494.246,00000000
16769,21501.943,00000000
16770,21430.402,00000000
16771,21434.580,00000000
16772,21430.586,00000000
16773,21335.230,00000000
16774,21364.844,00000000
16775,21405.873,00000000
16776,21422.248,00000000
16777,21496.684,00000000
16778,21584.613,00000000
16779,21459.025,00000000
16780,21530.934,00000000
16781,21525.283,00000000
16782,21467.410,00000000
16783,21523.098,00000000
16784,21446.244,00000000
16785,21436.766,00000000
16786,21454.154,00000000
16787,21438.623,00000000
16788,21338.176,00000000
16789,21345.820,00000000
16790,21376.512,00000000
16791,21313.656,00000000
16792,21237.248,00000000
16793,21216.656,00000000
16794,21280.703,00000000
16795,21288.330,00000000
16796,21370.115,00000000
16797,21259.371,00000000
16798,21314.088,00000000
16799,21325.270,00000000
16800,21221.240,00000000
16801,21360.527,00000000
16802,21329.221,00000000
16803,21294.510,00000000
16804,21317.531,00000000
16805,21288.031,00000000
16806,21306.268,00000000
16807,21323.654,00000000
16808,21274.600,00000000
16809,21340.602,00000000
16810,21246.211,00000000
16811,21247.830,00000000
16812,21287.299,00000000
16813,21208.498,00000000
16814,21269.746,00000000
16815,21237.348,00000000
16816,21208.018,00000000
16817,21171.771,00000000
16818,21216.795,00000000
16819,21213.020,00000000
16820,21254.408,00000000
16821,21251.953,00000000
16822,21244.480,00000000
16823,21287.180,00000000
16824,21197.834,00000000
16825,21326.650,00000000
16826,21275.014,00000000
16827,21242.061,00000000
16828,21249.461,00000000
16829,21301.365,00000000
16830,21265.420,00000000
16831,21264.271,00000000
16832,21296.992,00000000
16833,21320.256,00000000
16834,21323.678,00000000
16835,21326.646,00000000
16836,21310.660,00000000
16837,21271.361,00000000
16838,21273.863,00000000
16839,21252.813,00000000
16840,21295.754,00000000
16841,21346.674,00000000
16842,21310.102,00000000
16843,21385.451,00000000
16844,21397.590,00000000
16845,21378.426,00000000
16846,21402.473,00000000
16847,21414.838,00000000
16848,21369.846,00000000
16849,21423.492,00000000
16850,21397.088,00000000
16851,21397.850,00000000
16852,21437.850,00000000
16853,21396.309,00000000
16854,21346.965,00000000
16855,21419.637,00000000
16856,21430.389,00000000
16857,21464.439,00000000
16858,21456.932,00000000
16859,21396.930,00000000
16860,21448.463,00000000
16861,21450.873,00000000
16862,21376.877,00000000
16863,21408.797,00000000
16864,21416.576,00000000
16865,21446.107,00000000
16866,21487.559,00000000
16867,21589.455,00000000
16868,21525.707,00000000
16869,21570.430,00000000
16870,21585.918,00000000
16871,21582.961,00000000
16872,21594.893,00000000
16873,21482.699,00000000
16874,21518.740,00000000
16875,21553.473,00000000
16876,21523.070,00000000
16877,21551.975,00000000
16878,21504.086,00000000
16879,21441.863,00000000
16880,21569.916,00000000
16881,21602.965,00000000
16882,21542.561,00000000
16883,21583.012,00000000
16884,21551.600,00000000
16885,21570.090,00000000
16886,21636.951,00000000
16887,21576.725,00000000
16888,21531.748,00000000
16889,21571.734,00000000
16890,21560.260,00000000
16891,21511.766,00000000
16892,21612.516,00000000
16893,21512.689,00000000
16894,21474.182,00000000
16895,21425.713,00000000
16896,21525.475,00000000
16897,21543.248,00000000
16898,21562.344,00000000
16899,21681.221,00000000
16900,21635.402,00000000
16901,21597.188,00000000
16902,21577.746,00000000
16903,21594.137,00000000
16904,21534.631,00000000
16905,21542.428,00000000
16906,21529.236,00000000
16907,21545.713,00000000
16908,21464.381,00000000
16909,21439.230,00000000
16910,21376.270,00000000
16911,21359.760,00000000
16912,21507.379,00000000
16913,21528.686,00000000
16914,21454.410,00000000
16915,21496.773,00000000
16916,21541.260,00000000
16917,21593.223,00000000
16918,21497.629,00000000
16919,21521.012,00000000
16920,21483.965,00000000
16921,21436.941,00000000
16922,21451.830,00000000
16923,21391.631,00000000
16924,21366.910,00000000
16925,21379.570,00000000
16926,21320.070,00000000
16927,21356.201,00000000
16928,21308.082,00000000
16929,21371.146,00000000
16930,21305.455,00000000
16931,21317.451,00000000
16932,21449.250,00000000
16933,21399.740,00000000
16934,21364.502,00000000
16935,21363.191,00000000
16936,21348.250,00000000
16937,21370.230,00000000
16938,21314.818,00000000
16939,21216.154,00000000
16940,21286.447,00000000
16941,21258.285,00000000
16942,21275.305,00000000
16943,21274.307,00000000
16944,21270.539,00000000
16945,21260.061,00000000
16946,21246.051,00000000
16947,21272.881,00000000
16948,21283.742,00000000
16949,21222.100,00000000
16950,21256.109,00000000
16951,21284.721,00000000
16952,21243.668,00000000
16953,21340.664,00000000
16954,21278.113,00000000
16955,21246.535,00000000
16956,21301.621,00000000
16957,21250.180,00000000
16958,21272.334,00000000
16959,21204.467,00000000
16960,21246.609,00000000
16961,21243.787,00000000
16962,21212.611,00000000
16963,21276.377,00000000
16964,21232.023,00000000
16965,21249.014,00000000
16966,21217.502,00000000
16967,21253.963,00000000
16968,21273.373,00000000
16969,21267.520,00000000
16970,21296.607,00000000
16971,21313.154,00000000
16972,21320.818,00000000
16973,21355.572,00000000
16974,21314.082,00000000
16975,21382.715,00000000
16976,21331.525,00000000
16977,21390.170,00000000
16978,21386.232,00000000
16979,21328.318,00000000
16980,21333.611,00000000
16981,21365.051,00000000
16982,21304.287,00000000
16983,21406.281,00000000
16984,21388.338,00000000
16985,21397.602,00000000
16986,21405.533,00000000
16987,21400.068,00000000
16988,21442.270,00000000
16989,21420.066,00000000
16990,21373.713,00000000
16991,21410.033,00000000
16992,21367.643,00000000
16993,21462.939,00000000
16994,21456.068,00000000
16995,21444.230,00000000
16996,21498.184,00000000
16997,21411.309,00000000
16998,21490.857,00000000
16999,21507.678,00000000
17000,21466.053,00000000
17001,21512.301,00000000
17002,21487.273,00000000
17003,21438.900,00000000
17004,21500.834,00000000
17005,21422.797,00000000
17006,21555.602,00000000
17007,21466.615,00000000
17008,21534.396,00000000
17009,21580.828,00000000
17010,21550.689,00000000
17011,21582.596,00000000
17012,21546.674,00000000
17013,21515.209,00000000
17014,21617.094,00000000
17015,21604.764,00000000
17016,21545.207,00000000
17017,21576.244,00000000
17018,21556.818,00000000
17019,21493.053,00000000
17020,21543.295,00000000
17021,21598.439,00000000
17022,21474.016,00000000
17023,21543.777,00000000
17024,21573.725,00000000
17025,21587.188,00000000
17026,21561.904,00000000
17027,21593.029,00000000
17028,21623.369,00000000
17029,21580.439,00000000
17030,21622.533,00000000
17031,21587.842,00000000
17032,21586.820,00000000
17033,21594.125,00000000
17034,21534.893,00000000
17035,21521.898,00000000
17036,21561.996,00000000
17037,21509.551,00000000
17038,21467.137,00000000
17039,21488.166,00000000
17040,21410.693,00000000
17041,21400.447,00000000
17042,21564.426,00000000
17043,21495.338,00000000
17044,21628.861,00000000
17045,21531.451,00000000
17046,21572.535,00000000
17047,21612.766,00000000
17048,21544.357,00000000
17049,21548.891,00000000
17050,21562.855,00000000
17051,21500.031,00000000
17052,21497.400,00000000
17053,21455.035,00000000
17054,21362.928,00000000
17055,21372.357,00000000
17056,21356.170,00000000
17057,21313.117,00000000
17058,21258.057,00000000
17059,21271.572,00000000
17060,21333.758,00000000
17061,21289.254,00000000
17062,21287.604,00000000
17063,21348.023,00000000
17064,21364.303,00000000
17065,21429.674,00000000
17066,21449.420,00000000
17067,21485.072,00000000
17068,21382.207,00000000
17069,21375.623,00000000
17070,21390.590,00000000
17071,21368.066,00000000
17072,21373.227,00000000
17073,21310.965,00000000
17074,21294.367,00000000
17075,21211.537,00000000
17076,21326.617,00000000
17077,21275.383,00000000
17078,21247.711,00000000
17079,21224.998,00000000
17080,21196.729,00000000
17081,21266.168,00000000
17082,21282.105,00000000
17083,21246.145,00000000
17084,21249.492,00000000
17085,21217.184,00000000
17086,21282.125,00000000
17087,21272.402,00000000
17088,21309.779,00000000
17089,21287.650,00000000
17090,21253.436,00000000
17091,21266.293,00000000
17092,21343.617,00000000
17093,21328.805,00000000
17094,21220.182,00000000
17095,21306.475,00000000
17096,21233.643,00000000
17097,21252.537,00000000
17098,21261.402,00000000
17099,21241.303,00000000
17100,21253.521,00000000
17101,21203.893,00000000
17102,21300.105,00000000
17103,21308.217,00000000
17104,21237.064,00000000
17105,21267.137,00000000
17106,21308.229,00000000
17107,21240.547,00000000
17108,21300.379,00000000
17109,21269.959,00000000
17110,21241.408,00000000
17111,21360.834,00000000
17112,21315.959,00000000
17113,21378.916,00000000
17114,21375.250,00000000
17115,21320.744,00000000
17116,21350.619,00000000
17117,21389.883,00000000
17118,21371.793,00000000
17119,21397.121,00000000
17120,21456.877,00000000
17121,21354.617,00000000
17122,21346.207,00000000
17123,21433.682,00000000
17124,21423.051,00000000
17125,21385.682,00000000
17126,21414.971,00000000
17127,21387.613,00000000
17128,21408.098,00000000
17129,21456.055,00000000
17130,21424.355,00000000
17131,21470.363,00000000
17132,21500.992,00000000
17133,21432.311,00000000
17134,21462.732,00000000
17135,21459.684,00000000
17136,21491.795,00000000
17137,21541.916,00000000
17138,21565.160,00000000
17139,21541.961,00000000
17140,21538.414,00000000
17141,21550.449,00000000
17142,21590.426,00000000
17143,21640.002,00000000
17144,21552.623,00000000
17145,21587.408,00000000
17146,21577.801,00000000
17147,21551.201,00000000
17148,21559.129,00000000
17149,21517.207,00000000
17150,21562.744,00000000
17151,21553.139,00000000
17152,21560.131,00000000
17153,21553.117,00000000
17154,21558.002,00000000
17155,21581.559,00000000
17156,21550.451,00000000
17157,21595.020,00000000
17158,21601.867,00000000
17159,21589.693,00000000
17160,21511.828,00000000
17161,21511.779,00000000
17162,21454.471,00000000
17163,21487.988,00000000
17164,21619.539,00000000
17165,21673.324,00000000
17166,21637.225,00000000
17167,21620.520,00000000
17168,21631.396,00000000
17169,21582.492,00000000
17170,21548.154,00000000
17171,21625.895,00000000
17172,21593.760,00000000
17173,21548.104,00000000
17174,21578.223,00000000
17175,21548.537,00000000
17176,21455.719,00000000
17177,21499.094,00000000
17178,21479.740,00000000
17179,21416.654,00000000
17180,21462.934,00000000
17181,21401.006,00000000
17182,21411.182,00000000
17183,21355.740,00000000
17184,21373.938,00000000
17185,21342.160,00000000
17186,21283.490,00000000
17187,21507.547,00000000
17188,21456.188,00000000
17189,21428.967,00000000
17190,21492.742,00000000
17191,21491.424,00000000
17192,21528.717,00000000
17193,21541.305,00000000
17194,21461.719,00000000
17195,21471.318,00000000
17196,21432.340,00000000
17197,21349.832,00000000
17198,21397.898,00000000
17199,21314.939,00000000
17200,21335.580,00000000
17201,21223.482,00000000
17202,21287.381,00000000
17203,21264.348,00000000
17204,21322.350,00000000
17205,21362.305,00000000
17206,21418.811,00000000
17207,21366.434,00000000
17208,21373.760,00000000
17209,21310.824,00000000
17210,21354.389,00000000
17211,21316.359,00000000
17212,21256.691,00000000
17213,21293.391,00000000
17214,21294.023,00000000
17215,21192.395,00000000
17216,21227.789,00000000
17217,21222.879,00000000
17218,21194.271,00000000
17219,21266.576,00000000
17220,21237.613,00000000
17221,21217.705,00000000
17222,21176.857,00000000
17223,21248.277,00000000
17224,21231.021,00000000
17225,21228.326,00000000
17226,21236.232,00000000
17227,21236.350,00000000
17228,21279.092,00000000
17229,21213.529,00000000
17230,21234.941,00000000
17231,21291.965,00000000
17232,21297.205,00000000
17233,21339.555,00000000
17234,21269.902,00000000
17235,21276.275,00000000
17236,21258.547,00000000
17237,21271.355,00000000
17238,21256.506,00000000
17239,21285.867,00000000
17240,21254.482,00000000
17241,21260.467,00000000
17242,21252.443,00000000
17243,21280.469,00000000
17244,21252.568,00000000
17245,21301.324,00000000
17246,21248.500,00000000
17247,21256.813,00000000
17248,21277.279,00000000
17249,21354.928,00000000
17250,21342.094,00000000
17251,21340.389,00000000
17252,21360.459,00000000
17253,21368.621,00000000
17254,21381.041,00000000
17255,21471.156,00000000
17256,21430.533,00000000
17257,21429.756,00000000
17258,21343.184,00000000
17259,21439.871,00000000
17260,21365.721,00000000
17261,21314.346,00000000
17262,21425.709,00000000
17263,21378.248,00000000
17264,21361.150,00000000
17265,21498.381,00000000
17266,21489.924,00000000
17267,21425.166,00000000
17268,21415.953,00000000
17269,21493.285,00000000
17270,21484.637,00000000
17271,21506.027,00000000
17272,21467.814,00000000
17273,21516.338,00000000
17274,21470.375,00000000
17275,21525.717,00000000
17276,21497.689,00000000
17277,21578.000,00000000
17278,21551.316,00000000
17279,21547.418,00000000
17280,21600.414,00000000
17281,21515.266,00000000
17282,21584.230,00000000
17283,21526.398,00000000
17284,21547.279,00000000
17285,21529.084,00000000
17286,21504.791,00000000
17287,21528.438,00000000
17288,21595.898,00000000
17289,21503.416,00000000
17290,21593.635,00000000
17291,21591.531,00000000
17292,21556.938,00000000
17293,21628.621,00000000
17294,21561.232,00000000
17295,21551.754,00000000
17296,21611.355,00000000
17297,21536.098,00000000
17298,21550.119,00000000
17299,21489.512,00000000
17300,21458.484,00000000
17301,21454.729,00000000
17302,21474.006,00000000
17303,21597.158,00000000
17304,21558.254,00000000
17305,21579.063,00000000
17306,21551.615,00000000
17307,21553.975,00000000
17308,21542.869,00000000
17309,21461.250,00000000
17310,21520.006,00000000
17311,21531.010,00000000
17312,21501.930,00000000
17313,21523.100,00000000
17314,21508.715,00000000
17315,21418.053,00000000
17316,21435.699,00000000
17317,21341.043,00000000
17318,21401.770,00000000
17319,21437.180,00000000
17320,21420.650,00000000
17321,21587.137,00000000
17322,21554.865,00000000
17323,21537.508,00000000
17324,21575.547,00000000
17325,21572.887,00000000
17326,21497.752,00000000
17327,21527.773,00000000
17328,21537.311,00000000
17329,21487.564,00000000
17330,21454.414,00000000
17331,21451.830,00000000
17332,21406.490,00000000
17333,21347.092,00000000
17334,21386.025,00000000
17335,21254.984,00000000
17336,21247.514,00000000
17337,21278.234,00000000
17338,21318.088,00000000
17339,21272.551,00000000
17340,21263.779,00000000
17341,21339.004,00000000
17342,21275.121,00000000
17343,21361.338,00000000
17344,21285.893,00000000
17345,21255.461,00000000
17346,21328.629,00000000
17347,21312.799,00000000
17348,21350.707,00000000
17349,21335.949,00000000
17350,21270.285,00000000
17351,21278.000,00000000
17352,21310.684,00000000
17353,21255.227,00000000
17354,21314.377,00000000
17355,21258.854,00000000
17356,21275.391,00000000
17357,21304.025,00000000
17358,21297.926,00000000
17359,21272.496,00000000
17360,21288.043,00000000
17361,21304.893,00000000
17362,21248.805,00000000
17363,21197.994,00000000
17364,21175.713,00000000
17365,21165.994,00000000
17366,21197.840,00000000
17367,21202.674,00000000
17368,21200.984,00000000
17369,21263.902,00000000
17370,21249.828,00000000
17371,21295.889,00000000
17372,21382.686,00000000
17373,21265.363,00000000
17374,21333.867,00000000
17375,21294.947,00000000
17376,21276.775,00000000
17377,21376.855,00000000
17378,21316.102,00000000
17379,21288.660,00000000
17380,21298.924,00000000
17381,21286.260,00000000
17382,21332.678,00000000
17383,21248.473,00000000
17384,21252.557,00000000
17385,21343.762,00000000
17386,21238.301,00000000
17387,21342.426,00000000
17388,21329.980,00000000
17389,21308.809,00000000
17390,21381.146,00000000
17391,21322.557,00000000
17392,21418.203,00000000
17393,21355.494,00000000
17394,21391.316,00000000
17395,21365.322,00000000
17396,21370.463,00000000
17397,21450.879,00000000
17398,21442.762,00000000
17399,21454.287,00000000
17400,21464.615,00000000
17401,21454.742,00000000
17402,21403.898,00000000
17403,21469.182,00000000
17404,21514.641,00000000
17405,21401.824,00000000
17406,21407.955,00000000
17407,21515.926,00000000
17408,21474.033,00000000
17409,21470.906,00000000
17410,21440.344,00000000
17411,21453.270,00000000
17412,21469.514,00000000
17413,21492.449,00000000
17414,21490.615,00000000
17415,21498.053,00000000
17416,21558.682,00000000
17417,21536.096,00000000
17418,21585.971,00000000
17419,21599.992,00000000
17420,21525.863,00000000
17421,21562.273,00000000
17422,21582.096,00000000
17423,21515.746,00000000
17424,21592.941,00000000
17425,21494.695,00000000
17426,21522.736,00000000
17427,21560.248,00000000
17428,21557.150,00000000
17429,21599.033,00000000
17430,21591.975,00000000
17431,21617.807,00000000
17432,21619.992,00000000
17433,21567.678,00000000
17434,21620.891,00000000
17435,21608.410,00000000
17436,21601.363,00000000
17437,21560.445,00000000
17438,21556.168,00000000
17439,21559.943,00000000
17440,21491.424,00000000
17441,21577.479,00000000
17442,21475.492,00000000
17443,21439.979,00000000
17444,21501.910,00000000
17445,21410.441,00000000
17446,21501.109,00000000
17447,21480.898,00000000
17448,21517.533,00000000
17449,21489.295,00000000
17450,21580.605,00000000
17451,21576.832,00000000
17452,21506.756,00000000
17453,21552.953,00000000
17454,21619.727,00000000
17455,21512.318,00000000
17456,21527.246,00000000
17457,21511.955,00000000
17458,21466.746,00000000
17459,21468.842,00000000
17460,21493.475,00000000
17461,21468.262,00000000
17462,21411.719,00000000
17463,21400.441,00000000
17464,21371.992,00000000
17465,21301.551,00000000
17466,21287.104,00000000
17467,21249.258,00000000
17468,21246.789,00000000
17469,21328.592,00000000
17470,21245.113,00000000
17471,21263.316,00000000
17472,21369.924,00000000
17473,21325.836,00000000
17474,21290.977,00000000
17475,21426.551,00000000
17476,21421.652,00000000
17477,21448.652,00000000
17478,21435.369,00000000
17479,21380.342,00000000
17480,21360.090,00000000
17481,21390.561,00000000
17482,21351.039,00000000
17483,21249.152,00000000
17484,21293.566,00000000
17485,21335.828,00000000
17486,21272.980,00000000
17487,21279.639,00000000
17488,21290.813,00000000
17489,21275.906,00000000
17490,21318.795,00000000
17491,21233.195,00000000
17492,21214.520,00000000
17493,21221.771,00000000
17494,21216.424,00000000
17495,21265.584,00000000
17496,21178.395,00000000
17497,21223.740,00000000
17498,21195.387,00000000
17499,21249.277,00000000
17500,21276.186,00000000
17501,21306.773,00000000
17502,21344.549,00000000
17503,21273.900,00000000
17504,21327.615,00000000
17505,21287.836,00000000
17506,21197.740,00000000
17507,21298.178,00000000
17508,21264.422,00000000
17509,21206.453,00000000
17510,21306.344,00000000
17511,21295.631,00000000
17512,21230.490,00000000
17513,21210.852,00000000
17514,21267.086,00000000
17515,21262.402,00000000
17516,21253.387,00000000
17517,21331.047,00000000
17518,21250.998,00000000
17519,21288.080,00000000
17520,21315.686,00000000
17521,21300.064,00000000
17522,21268.555,00000000
17523,21314.807,00000000
17524,21311.604,00000000
17525,21305.545,00000000
17526,21362.320,00000000
17527,21423.996,00000000
17528,21383.102,00000000
17529,21357.797,00000000
17530,21345.842,00000000
17531,21415.652,00000000
17532,21395.109,00000000
17533,21423.598,00000000
17534,21370.805,00000000
17535,21432.963,00000000
17536,21477.549,00000000
17537,21419.430,00000000
17538,21498.146,00000000
17539,21420.631,00000000
17540,21458.178,00000000
17541,21494.871,00000000
17542,21502.318,00000000
17543,21464.098,00000000
17544,21500.305,00000000
17545,21423.301,00000000
17546,21423.736,00000000
17547,21473.922,00000000
17548,21474.154,00000000
17549,21525.035,00000000
17550,21487.033,00000000
17551,21482.416,00000000
17552,21533.135,00000000
17553,21567.535,00000000
17554,21504.670,00000000
17555,21589.654,00000000
17556,21563.342,00000000
17557,21563.201,00000000
17558,21562.688,00000000
17559,21501.645,00000000
17560,21560.336,00000000
17561,21590.594,00000000
17562,21531.438,00000000
17563,21579.273,00000000
17564,21530.273,00000000
17565,21526.572,00000000
17566,21552.799,00000000
17567,21596.498,00000000
17568,21582.885,00000000
17569,21649.494,00000000
17570,21599.277,00000000
17571,21559.951,00000000
17572,21600.588,00000000
17573,21610.520,00000000
17574,21557.266,00000000
17575,21556.113,00000000
17576,21575.320,00000000
17577,21580.400,00000000
17578,21526.572,00000000
17579,21569.574,00000000
17580,21444.217,00000000
17581,21493.492,00000000
17582,21521.871,00000000
17583,21423.141,00000000
17584,21343.021,00000000
17585,21543.689,00000000
17586,21425.721,00000000
17587,21435.197,00000000
17588,21511.123,00000000
17589,21525.502,00000000
17590,21556.682,00000000
17591,21598.473,00000000
17592,21640.107,00000000
17593,21562.369,00000000
17594,21534.807,00000000
17595,21555.553,00000000
17596,21511.027,00000000
17597,21531.355,00000000
17598,21521.156,00000000
17599,21501.209,00000000
17600,21470.117,00000000
17601,21394.729,00000000
17602,21427.529,00000000
17603,21374.064,00000000
17604,21329.861,00000000
17605,21320.320,00000000
17606,21252.756,00000000
17607,21315.746,00000000
17608,21339.762,00000000
17609,21280.082,00000000
17610,16242.420,00000000
17611,13697.646,00000000
17612,12795.982,00000000
17613,12464.352,00000000
17614,12352.821,00000000
17615,12312.086,00000000
17616,12259.631,00000000
17617,12297.911,00000000
17618,12297.637,00000000
17619,12262.358,00000000
17620,12280.869,00000000
17621,12248.779,00000000
17622,12276.708,00000000
17623,12301.450,00000000
17624,12294.307,00000000
17625,12279.932,00000000
17626,12329.353,00000000
17627,12308.436,00000000
17628,12316.234,00000000
17629,12276.532,00000000
17630,12297.795,00000000
17631,12304.331,00000000
17632,12274.531,00000000
17633,12277.787,00000000
17634,12295.324,00000000
17635,12246.942,00000000
17636,12254.340,00000000
17637,12262.381,00000000
17638,12286.270,00000000
17639,12286.116,00000000
17640,12286.978,00000000
17641,12295.213,00000000
17642,12254.087,00000000
17643,12307.678,00000000
17644,12289.468,00000000
17645,12275.891,00000000
17646,12281.860,00000000
17647,12248.744,00000000
17648,12278.514,00000000
17649,12280.426,00000000
17650,12277.421,00000000
17651,12289.259,00000000
17652,12244.513,00000000
17653,12263.222,00000000
17654,12278.982,00000000
17655,12283.556,00000000
17656,12287.432,00000000
17657,12267.682,00000000
17658,12263.124,00000000
17659,12275.413,00000000
17660,12281.497,00000000
17661,12301.386,00000000
17662,12254.068,00000000
17663,12299.141,00000000
17664,12285.557,00000000
17665,12260.420,00000000
17666,12271.194,00000000
17667,12279.219,00000000
17668,12292.688,00000000
17669,12282.922,00000000
17670,12309.124,00000000
17671,12296.889,00000000
17672,12273.938,00000000
17673,12282.285,00000000
17674,12304.623,00000000
17675,12282.925,00000000
17676,12285.917,00000000
17677,12281.356,00000000
17678,12259.162,00000000
17679,12298.587,00000000
17680,12274.584,00000000
17681,12271.015,00000000
17682,12287.822,00000000
17683,12256.774,00000000
17684,12291.725,00000000
17685,12329.209,00000000
17686,12292.049,00000000
17687,12288.706,00000000
17688,12268.049,00000000
17689,12281.011,00000000
17690,12299.420,00000000
17691,12281.476,00000000
17692,12270.172,00000000
17693,12247.892,00000000
17694,12160.492,00000000
17695,12266.025,00000000
17696,12267.048,00000000
17697,12273.552,00000000
17698,12255.604,00000000
17699,12264.541,00000000
17700,12271.979,00000000
17701,12298.875,00000000
17702,12277.076,00000000
17703,12286.274,00000000
17704,12278.707,00000000
17705,12298.084,00000000
17706,12271.990,00000000
17707,12303.913,00000000
17708,12267.040,00000000
17709,12278.970,00000000
17710,12286.564,00000000
17711,12288.396,00000000
17712,12274.523,00000000
17713,12295.527,00000000
17714,12274.295,00000000
17715,12288.549,00000000
17716,12292.104,00000000
17717,12285.478,00000000
17718,12287.574,00000000
17719,12272.696,00000000
17720,12303.955,00000000
17721,12294.460,00000000
17722,12305.408,00000000
17723,12293.017,00000000
17724,12312.139,00000000
17725,12299.604,00000000
17726,12294.801,00000000
17727,12291.977,00000000
17728,12299.771,00000000
17729,12264.325,00000000
17730,12276.695,00000000
17731,12314.170,00000000
17732,12306.477,00000000
17733,12300.094,00000000
17734,12294.320,00000000
17735,12302.049,00000000
17736,12284.054,00000000
17737,12297.597,00000000
17738,12282.427,00000000
17739,12284.397,00000000
17740,12298.013,00000000
17741,12314.764,00000000
17742,12297.450,00000000
17743,12328.672,00000000
17744,12300.585,00000000
17745,12308.710,00000000
17746,12304.221,00000000
17747,12331.514,00000000
17748,12331.381,00000000
17749,12301.159,00000000
17750,12309.869,00000000
17751,12311.341,00000000
17752,12311.929,00000000
17753,12281.418,00000000
17754,12302.908,00000000
17755,12313.411,00000000
17756,12339.329,00000000
17757,12316.920,00000000
17758,12338.775,00000000
17759,12327.729,00000000
17760,12310.441,00000000
17761,12314.639,00000000
17762,12331.594,00000000
17763,12323.939,00000000
17764,12350.816,00000000
17765,12324.152,00000000
17766,12326.571,00000000
17767,12331.809,00000000
17768,12329.104,00000000
17769,12314.979,00000000
17770,12318.730,00000000
17771,12342.836,00000000
17772,12337.782,00000000
17773,12327.636,00000000
17774,12330.269,00000000
17775,12317.070,00000000
17776,12307.574,00000000
17777,12314.807,00000000
17778,12338.699,00000000
17779,12349.672,00000000
17780,12311.828,00000000
17781,12313.950,00000000
17782,12326.860,00000000
17783,12323.322,00000000
17784,12308.156,00000000
17785,12290.921,00000000
17786,12312.358,00000000
17787,12328.525,00000000
17788,12319.547,00000000
17789,12309.171,00000000
17790,12314.718,00000000
17791,12323.307,00000000
17792,12346.994,00000000
17793,12338.642,00000000
17794,12327.442,00000000
17795,12348.001,00000000
17796,12319.584,00000000
17797,12341.675,00000000
17798,12326.109,00000000
17799,12328.965,00000000
17800,12347.410,00000000
17801,12321.225,00000000
17802,12333.576,00000000
17803,12335.058,00000000
17804,12341.507,00000000
17805,12341.226,00000000
17806,12301.980,00000000
17807,12343.406,00000000
17808,12337.060,00000000
17809,12338.759,00000000
17810,12334.256,00000000
17811,12332.316,00000000
17812,12342.372,00000000
17813,12327.689,00000000
17814,12325.223,00000000
17815,12324.621,00000000
17816,12285.971,00000000
17817,12313.121,00000000
17818,12317.798,00000000
17819,12306.663,00000000
17820,12321.826,00000000
17821,12295.869,00000000
17822,12302.616,00000000
17823,12302.203,00000000
17824,12287.485,00000000
17825,12279.172,00000000
17826,12271.230,00000000
17827,12294.101,00000000
17828,12320.850,00000000
17829,12302.340,00000000
17830,12313.396,00000000
17831,12263.779,00000000
17832,12276.985,00000000
17833,12280.984,00000000
17834,12249.179,00000000
17835,12284.509,00000000
17836,12288.672,00000000
17837,12300.278,00000000
17838,12321.823,00000000
17839,12315.104,00000000
17840,12290.481,00000000
17841,12309.069,00000000
17842,12310.738,00000000
17843,12312.454,00000000
17844,12287.793,00000000
17845,12305.108,00000000
17846,12293.118,00000000
17847,12289.649,00000000
17848,12298.709,00000000
17849,12308.803,00000000
17850,12271.092,00000000
17851,12267.194,00000000
17852,12277.975,00000000
17853,12300.744,00000000
17854,12283.156,00000000
17855,12288.966,00000000
17856,12294.911,00000000
17857,12300.894,00000000
17858,12318.075,00000000
17859,12309.341,00000000
17860,12317.533,00000000
17861,12326.203,00000000
17862,12287.456,00000000
17863,12293.039,00000000
17864,12321.090,00000000
17865,12313.152,00000000
17866,12307.450,00000000
17867,12298.420,00000000
17868,12300.404,00000000
17869,12306.444,00000000
17870,12301.023,00000000
17871,12305.271,00000000
17872,12295.634,00000000
17873,12315.858,00000000
17874,12319.082,00000000
17875,12313.771,00000000
17876,12320.637,00000000
17877,12312.836,00000000
17878,12299.919,00000000
17879,12315.097,00000000
17880,12313.311,00000000
17881,12305.802,00000000
17882,12332.396,00000000
17883,12314.858,00000000
17884,12327.778,00000000
17885,12334.591,00000000
17886,12314.998,00000000
17887,12325.630,00000000
17888,12279.848,00000000
17889,12325.673,00000000
17890,12337.640,00000000
17891,12277.419,00000000
17892,12275.968,00000000
17893,12296.545,00000000
17894,12307.857,00000000
17895,12300.671,00000000
17896,12296.579,00000000
17897,12300.578,00000000
17898,12284.778,00000000
17899,12274.494,00000000
17900,12294.620,00000000
17901,12276.099,00000000
17902,12276.909,00000000
17903,12267.868,00000000
17904,12294.736,00000000
17905,12309.849,00000000
17906,12295.948,00000000
17907,12300.116,00000000
17908,12281.602,00000000
17909,12286.805,00000000
17910,12210.207,00000000
17911,12302.985,00000000
17912,12280.029,00000000
17913,12263.937,00000000
17914,12289.113,00000000
17915,12282.615,00000000
17916,12329.139,00000000
17917,12294.910,00000000
17918,12299.052,00000000
17919,12296.025,00000000
17920,12298.434,00000000
17921,12288.442,00000000
17922,12298.074,00000000
17923,12286.405,00000000
17924,12256.935,00000000
17925,12293.335,00000000
17926,12297.880,00000000
17927,12276.106,00000000
17928,12295.592,00000000
17929,12281.769,00000000
17930,12273.635,00000000
17931,12270.458,00000000
17932,12270.205,00000000
17933,12294.018,00000000
17934,12282.404,00000000
17935,12274.320,00000000
17936,12304.279,00000000
17937,12288.146,00000000
17938,12288.401,00000000
17939,12259.461,00000000
17940,12293.007,00000000
17941,12290.509,00000000
17942,12276.014,00000000
17943,12273.593,00000000
17944,12261.199,00000000
17945,12267.411,00000000
17946,12271.335,00000000
17947,12277.226,00000000
17948,12263.978,00000000
17949,12259.941,00000000
17950,12260.948,00000000
17951,12288.401,00000000
17952,12309.062,00000000
17953,12294.246,00000000
17954,12279.763,00000000
17955,12293.051,00000000
17956,12298.711,00000000
17957,12284.559,00000000
17958,12294.896,00000000
17959,12260.628,00000000
17960,12293.868,00000000
17961,12298.128,00000000
17962,12322.096,00000000
17963,12284.378,00000000
17964,12298.039,00000000
17965,12292.865,00000000
17966,12286.692,00000000
17967,12314.227,00000000
17968,12281.523,00000000
17969,12260.391,00000000
17970,12285.051,00000000
17971,12293.634,00000000
17972,12310.277,00000000
17973,12307.444,00000000
17974,12290.587,00000000
17975,12261.952,00000000
17976,12309.394,00000000
17977,12295.723,00000000
17978,12287.401,00000000
17979,12311.427,00000000
17980,12287.184,00000000
17981,12319.162,00000000
17982,12300.442,00000000
17983,12269.792,00000000
17984,12299.300,00000000
17985,12284.111,00000000
17986,12260.495,00000000
17987,12281.694,00000000
17988,12294.366,00000000
17989,12274.964,00000000
17990,12276.319,00000000
17991,12283.809,00000000
17992,12288.587,00000000
17993,12270.218,00000000
17994,12285.929,00000000
17995,12272.825,00000000
17996,12306.817,00000000
17997,12312.902,00000000
17998,12308.228,00000000
17999,12287.601,00000000
18000,12270.895,00000000
18001,12283.010,00000000
18002,12290.617,00000000
18003,12289.240,00000000
18004,12307.449,00000000
18005,12284.280,00000000
18006,12268.790,00000000
18007,12298.264,00000000
18008,12280.457,00000000
18009,12278.101,00000000
18010,12278.179,00000000
18011,12294.173,00000000
18012,12302.991,00000000
18013,12319.763,00000000
18014,12285.196,00000000
18015,12296.850,00000000
18016,12267.001,00000000
18017,12279.963,00000000
18018,12297.699,00000000
18019,12269.718,00000000
18020,12294.109,00000000
18021,12261.204,00000000
18022,12304.281,00000000
18023,12280.826,00000000
18024,12277.157,00000000
18025,12269.859,00000000
18026,12275.684,00000000
18027,12293.725,00000000
18028,12283.491,00000000
18029,12304.952,00000000
18030,12301.826,00000000
18031,12282.421,00000000
18032,12289.324,00000000
18033,12286.411,00000000
18034,12288.524,00000000
18035,12293.553,00000000
18036,12281.523,00000000
18037,12273.734,00000000
18038,12313.378,00000000
18039,12300.946,00000000
18040,12301.296,00000000
18041,12276.716,00000000
18042,12296.520,00000000
18043,12301.239,00000000
18044,12337.657,00000000
18045,12297.520,00000000
18046,12288.955,00000000
18047,12267.188,00000000
18048,12307.479,00000000
18049,12296.588,00000000
18050,12288.537,00000000
18051,12301.920,00000000
18052,12277.588,00000000
18053,12297.678,00000000
18054,12276.546,00000000
18055,12279.437,00000000
18056,12292.991,00000000
18057,12298.432,00000000
18058,12288.431,00000000
18059,12282.701,00000000
18060,12280.234,00000000
18061,12285.271,00000000
18062,12273.993,00000000
18063,12286.709,00000000
18064,12306.144,00000000
18065,12288.369,00000000
18066,12261.212,00000000
18067,12260.164,00000000
18068,12302.123,00000000
18069,12308.091,00000000
18070,12306.136,00000000
18071,12329.016,00000000
18072,12277.548,00000000
18073,12299.927,00000000
18074,12288.882,00000000
18075,12290.311,00000000
18076,12292.303,00000000
18077,12278.931,00000000
18078,12284.667,00000000
18079,12315.403,00000000
18080,12285.389,00000000
18081,12298.730,00000000
18082,12270.754,00000000
18083,12278.293,00000000
18084,12308.889,00000000
18085,12271.935,00000000
18086,12275.021,00000000
18087,12291.424,00000000
18088,12278.063,00000000
18089,12307.460,00000000
18090,12314.061,00000000
18091,12310.176,00000000
18092,12286.535,00000000
18093,12283.005,00000000
18094,12275.833,00000000
18095,12304.498,00000000
18096,12291.275,00000000
18097,12294.277,00000000
18098,12293.420,00000000
18099,12297.355,00000000
18100,12267.184,00000000
18101,12301.618,00000000
18102,12301.813,00000000
18103,12276.536,00000000
18104,12277.999,00000000
18105,12283.211,00000000
18106,12243.360,00000000
18107,12265.552,00000000
18108,12273.141,00000000
18109,12298.688,00000000
18110,12281.069,00000000
18111,12292.679,00000000
18112,12320.283,00000000
18113,12288.899,00000000
18114,12301.419,00000000
18115,12301.980,00000000
18116,12295.506,00000000
18117,12298.953,00000000
18118,12287.993,00000000
18119,12303.351,00000000
18120,12302.413,00000000
18121,12309.371,00000000
18122,12311.004,00000000
18123,12292.656,00000000
18124,12326.169,00000000
18125,12303.388,00000000
18126,12281.719,00000000
18127,12315.417,00000000
18128,12315.864,00000000
18129,12295.138,00000000
18130,12315.657,00000000
18131,12300.403,00000000
18132,12311.720,00000000
18133,12300.026,00000000
18134,12288.210,00000000
18135,12303.482,00000000
18136,12309.253,00000000
18137,12300.413,00000000
18138,12313.095,00000000
18139,12298.312,00000000
18140,12290.478,00000000
18141,12322.997,00000000
18142,12285.563,00000000
18143,12297.091,00000000
18144,12297.780,00000000
18145,12292.718,00000000
18146,12296.387,00000000
18147,12284.413,00000000
18148,12316.670,00000000
18149,12287.576,00000000
18150,12306.204,00000000
18151,12315.621,00000000
18152,12283.481,00000000
18153,12308.422,00000000
18154,12334.041,00000000
18155,12308.396,00000000
18156,12326.594,00000000
18157,12302.771,00000000
18158,12303.281,00000000
18159,12295.493,00000000
18160,12328.005,00000000
18161,12310.161,00000000
18162,12330.348,00000000
18163,12310.800,00000000
18164,12307.483,00000000
18165,12310.256,00000000
18166,12332.565,00000000
18167,12309.068,00000000
18168,12325.042,00000000
18169,12286.503,00000000
18170,12318.432,00000000
18171,12310.610,00000000
18172,12311.060,00000000
18173,12306.143,00000000
18174,12261.442,00000000
18175,12304.393,00000000
18176,12307.094,00000000
18177,12315.747,00000000
18178,12311.982,00000000
18179,12325.139,00000000
18180,12301.884,00000000
18181,12313.873,00000000
18182,12344.162,00000000
18183,12316.178,00000000
18184,12314.036,00000000
18185,12315.968,00000000
18186,12305.845,00000000
18187,12312.247,00000000
18188,12319.148,00000000
18189,12332.154,00000000
18190,12286.253,00000000
18191,12313.239,00000000
18192,12314.544,00000000
18193,12286.515,00000000
18194,12307.914,00000000
18195,12289.056,00000000
18196,12328.588,00000000
18197,12330.745,00000000
18198,12304.438,00000000
18199,12326.622,00000000
18200,12319.950,00000000
18201,12325.829,00000000
18202,12305.777,00000000
18203,12304.564,00000000
18204,12304.834,00000000
18205,12310.680,00000000
18206,12314.558,00000000
18207,12307.830,00000000
18208,12326.067,00000000
18209,12336.466,00000000
18210,12581.123,00000000
18211,12915.458,00000000
18212,12557.028,00000000
18213,12780.805,00000000
18214,12461.871,00000000
18215,12674.115,00000000
18216,12639.267,00000000
18217,12554.017,00000000
18218,12911.825,00000000
18219,12511.283,00000000
18220,12721.944,00000000
18221,12443.329,00000000
18222,12666.605,00000000
18223,12864.014,00000000
18224,12552.222,00000000
18225,12873.278,00000000
18226,12486.313,00000000
18227,12739.196,00000000
18228,12458.995,00000000
18229,12628.068,00000000
18230,12902.465,00000000
18231,14054.864,00000000
18232,14502.645,00000000
18233,15048.686,00000000
18234,16367.087,00000000
18235,18148.996,00000000
18236,19937.293,00000000
18237,20797.930,00000000
18238,21143.805,00000000
18239,21301.865,00000000
18240,21375.658,00000000
18241,21406.109,00000000
18242,21239.180,00000000
18243,21281.092,00000000
18244,21337.715,00000000
18245,21371.275,00000000
18246,21424.291,00000000
18247,21141.918,00000000
18248,21251.418,00000000
18249,21280.377,00000000
18250,21363.557,00000000
18251,21386.742,00000000
18252,21247.852,00000000
18253,21154.730,00000000
18254,21250.365,00000000
18255,21332.084,00000000
18256,21341.885,00000000
18257,21294.264,00000000
18258,21216.020,00000000
18259,21135.791,00000000
18260,21219.900,00000000
18261,21275.486,00000000
18262,21394.379,00000000
18263,21282.445,00000000
18264,21181.986,00000000
18265,21190.523,00000000
18266,21240.148,00000000
18267,21274.891,00000000
18268,21298.689,00000000
18269,21284.211,00000000
18270,21269.434,00000000
18271,21235.139,00000000
18272,21287.521,00000000
18273,21201.811,00000000
18274,21260.986,00000000
18275,21267.881,00000000
18276,21289.789,00000000
18277,21305.633,00000000
18278,21257.979,00000000
18279,21207.438,00000000
18280,21230.031,00000000
18281,21257.246,00000000
18282,21278.398,00000000
18283,21284.625,00000000
18284,21164.146,00000000
18285,21185.207,00000000
18286,21276.422,00000000
18287,21303.199,00000000
18288,21250.195,00000000
18289,21279.539,00000000
18290,21226.324,00000000
18291,21227.416,00000000
18292,21294.760,00000000
18293,21346.850,00000000
18294,21258.574,00000000
18295,21313.109,00000000
18296,21244.803,00000000
18297,21176.082,00000000
18298,21250.365,00000000
18299,21276.633,00000000
18300,21304.775,00000000
18301,21280.014,00000000
18302,21280.189,00000000
18303,21149.834,00000000
18304,21288.941,00000000
18305,21322.957,00000000
18306,21341.229,00000000
18307,21307.949,00000000
18308,21211.947,00000000
18309,21292.846,00000000
18310,21321.740,00000000
18311,21354.553,00000000
18312,21406.061,00000000
18313,21286.758,00000000
18314,21165.844,00000000
18315,21308.111,00000000
18316,21352.197,00000000
18317,21339.283,00000000
18318,21346.414,00000000
18319,21136.412,00000000
18320,21230.674,00000000
18321,21357.891,00000000
18322,21373.195,00000000
18323,21136.523,00000000
18324,21201.617,00000000
18325,21261.064,00000000
18326,21313.170,00000000
18327,21255.344,00000000
18328,21131.553,00000000
18329,21068.508,00000000
18330,21165.176,00000000
18331,21244.703,00000000
18332,21213.898,00000000
18333,21120.811,00000000
18334,21114.975,00000000
18335,21192.352,00000000
18336,21141.148,00000000
18337,21107.873,00000000
18338,21096.574,00000000
18339,21225.818,00000000
18340,21134.537,00000000
18341,21113.297,00000000
18342,21150.299,00000000
18343,21121.486,00000000
18344,21084.527,00000000
18345,21201.807,00000000
18346,21202.322,00000000
18347,21040.930,00000000
18348,21171.590,00000000
18349,21259.701,00000000
18350,21182.072,00000000
18351,21087.227,00000000
18352,21220.172,00000000
18353,21183.336,00000000
18354,21230.896,00000000
18355,21106.121,00000000
18356,21217.652,00000000
18357,21292.566,00000000
18358,21180.051,00000000
18359,21156.789,00000000
18360,21152.836,00000000
18361,21262.889,00000000
18362,21254.885,00000000
18363,21240.236,00000000
18364,21163.158,00000000
18365,21219.137,00000000
18366,21249.152,00000000
18367,21256.916,00000000
18368,21206.877,00000000
18369,21206.393,00000000
18370,21216.832,00000000
18371,21284.648,00000000
18372,21159.117,00000000
18373,21209.869,00000000
18374,21253.045,00000000
18375,21246.871,00000000
18376,21243.398,00000000
18377,21212.268,00000000
18378,21268.234,00000000
18379,21320.813,00000000
18380,21156.512,00000000
18381,21246.473,00000000
18382,21309.492,00000000
18383,21293.934,00000000
18384,21087.576,00000000
18385,21230.207,00000000
18386,21340.566,00000000
18387,21106.086,00000000
18388,21141.762,00000000
18389,21252.686,00000000
18390,21333.449,00000000
18391,21105.967,00000000
18392,21182.857,00000000
18393,21275.432,00000000
18394,21342.049,00000000
18395,21057.652,00000000
18396,21202.600,00000000
18397,21292.906,00000000
18398,21319.650,00000000
18399,21130.717,00000000
18400,21089.609,00000000
18401,21216.938,00000000
18402,21284.510,00000000
18403,21113.381,00000000
18404,21117.236,00000000
18405,21199.803,00000000
18406,21143.410,00000000
18407,21105.508,00000000
18408,21141.240,00000000
18409,21094.789,00000000
18410,21149.229,00000000
18411,21114.863,00000000
18412,21144.646,00000000
18413,21124.918,00000000
18414,21045.525,00000000
18415,21123.916,00000000
18416,21145.389,00000000
18417,21128.188,00000000
18418,21166.594,00000000
18419,21160.533,00000000
18420,21227.260,00000000
18421,21115.645,00000000
18422,21121.133,00000000
18423,21210.586,00000000
18424,21272.242,00000000
18425,21162.133,00000000
18426,21117.732,00000000
18427,21220.221,00000000
18428,21218.986,00000000
18429,21148.773,00000000
18430,21109.924,00000000
18431,21216.922,00000000
18432,21251.963,00000000
18433,21193.936,00000000
18434,21155.016,00000000
18435,21211.287,00000000
18436,21221.799,00000000
18437,21220.041,00000000
18438,21231.059,00000000
18439,21236.779,00000000
18440,21258.117,00000000
18441,21220.379,00000000
18442,21143.852,00000000
18443,21209.109,00000000
18444,21213.264,00000000
18445,21123.537,00000000
18446,21222.410,00000000
18447,21317.430,00000000
18448,21290.791,00000000
18449,21181.268,00000000
18450,21267.051,00000000
18451,21288.053,00000000
18452,21249.473,00000000
18453,21168.326,00000000
18454,21233.652,00000000
18455,21290.529,00000000
18456,21082.625,00000000
18457,21163.002,00000000
18458,21288.512,00000000
18459,21288.943,00000000
18460,21096.361,00000000
18461,21199.707,00000000
18462,21269.109,00000000
18463,21194.016,00000000
18464,21128.508,00000000
18465,21244.045,00000000
18466,21331.859,00000000
18467,21180.752,00000000
18468,21053.730,00000000
18469,21190.592,00000000
18470,21320.588,00000000
18471,21084.707,00000000
18472,21066.760,00000000
18473,21185.826,00000000
18474,21217.158,00000000
18475,21101.473,00000000
18476,21102.951,00000000
18477,21211.668,00000000
18478,21107.504,00000000
18479,21131.596,00000000
18480,21119.453,00000000
18481,21257.078,00000000
18482,21188.912,00000000
18483,21150.543,00000000
18484,21227.252,00000000
18485,21087.178,00000000
18486,21111.063,00000000
18487,21183.744,00000000
18488,21210.479,00000000
18489,21080.520,00000000
18490,21184.877,00000000
18491,21214.645,00000000
18492,21105.674,00000000
18493,21121.930,00000000
18494,21212.182,00000000
18495,21247.297,00000000
18496,21148.273,00000000
18497,21149.229,00000000
18498,21210.732,00000000
18499,21259.572,00000000
18500,21171.914,00000000
18501,21199.346,00000000
18502,21320.082,00000000
18503,21268.955,00000000
18504,21225.031,00000000
18505,21242.438,00000000
18506,21263.521,00000000
18507,21215.662,00000000
18508,21186.082,00000000
18509,21198.396,00000000
18510,21270.355,00000000
18511,21268.820,00000000
18512,21219.992,00000000
18513,21154.703,00000000
18514,21237.453,00000000
18515,21223.936,00000000
18516,21120.473,00000000
18517,21246.654,00000000
18518,21257.271,00000000
18519,21304.930,00000000
18520,21192.533,00000000
18521,21207.607,00000000
18522,21317.057,00000000
18523,21290.059,00000000
18524,21118.328,00000000
18525,21282.123,00000000
18526,21333.254,00000000
18527,21361.760,00000000
18528,21122.232,00000000
18529,21245.111,00000000
18530,21316.961,00000000
18531,21277.701,00000000
18532,21117.881,00000000
18533,21222.541,00000000
18534,21319.465,00000000
18535,21175.330,00000000
18536,21133.939,00000000
18537,21249.043,00000000
18538,21311.621,00000000
18539,21174.650,00000000
18540,21104.762,00000000
18541,21265.236,00000000
18542,21278.844,00000000
18543,21173.258,00000000
18544,21085.125,00000000
18545,21197.010,00000000
18546,21236.545,00000000
18547,21087.094,00000000
18548,21135.992,00000000
18549,21245.143,00000000
18550,21175.873,00000000
18551,21154.063,00000000
18552,21193.816,00000000
18553,21148.305,00000000
18554,21136.885,00000000
18555,21188.982,00000000
18556,21178.061,00000000
18557,21135.303,00000000
18558,21142.145,00000000
18559,21214.855,00000000
18560,21133.662,00000000
18561,21110.975,00000000
18562,21175.916,00000000
18563,21204.609,00000000
18564,21134.357,00000000
18565,21135.121,00000000
18566,21211.832,00000000
18567,21256.529,00000000
18568,21159.043,00000000
18569,21171.428,00000000
18570,21280.615,00000000
18571,21230.297,00000000
18572,21179.783,00000000
18573,21167.459,00000000
18574,21265.055,00000000
18575,21232.980,00000000
18576,21219.859,00000000
18577,21218.482,00000000
18578,21270.652,00000000
18579,21235.402,00000000
18580,21186.691,00000000
18581,21261.086,00000000
18582,21252.271,00000000
18583,21285.098,00000000
18584,21174.576,00000000
18585,21272.980,00000000
18586,21265.768,00000000
18587,21288.609,00000000
18588,21172.111,00000000
18589,21250.125,00000000
18590,21307.945,00000000
18591,21320.920,00000000
18592,21166.891,00000000
18593,21286.607,00000000
18594,21287.426,00000000
18595,21146.693,00000000
18596,21228.094,00000000
18597,21280.338,00000000
18598,21332.613,00000000
18599,21074.973,00000000
18600,21176.980,00000000
18601,21307.580,00000000
18602,21257.625,00000000
18603,21101.680,00000000
18604,21221.869,00000000
18605,21293.930,00000000
18606,21275.924,00000000
18607,21069.088,00000000
18608,21175.654,00000000
18609,21261.309,00000000
18610,21256.658,00000000
18611,21115.691,00000000
18612,21099.539,00000000
18613,21233.164,00000000
18614,21209.762,00000000
18615,21094.271,00000000
18616,21136.027,00000000
18617,21203.148,00000000
18618,21239.652,00000000
18619,21145.896,00000000
18620,21115.262,00000000
18621,21193.199,00000000
18622,21150.184,00000000
18623,21167.131,00000000
18624,21253.182,00000000
18625,21101.807,00000000
18626,21157.705,00000000
18627,21194.314,00000000
18628,21159.725,00000000
18629,21105.084,00000000
18630,21192.125,00000000
18631,21227.955,00000000
18632,21279.184,00000000
18633,21118.084,00000000
18634,21222.273,00000000
18635,21189.223,00000000
18636,21318.908,00000000
18637,21219.219,00000000
18638,21145.635,00000000
18639,21265.859,00000000
18640,21200.447,00000000
18641,21171.102,00000000
18642,21183.242,00000000
18643,21180.318,00000000
18644,21274.715,00000000
18645,21182.336,00000000
18646,21202.779,00000000
18647,21248.164,00000000
18648,21199.150,00000000
18649,21286.373,00000000
18650,21257.760,00000000
18651,21173.377,00000000
18652,21258.061,00000000
18653,21254.148,00000000
18654,21261.000,00000000
18655,21209.709,00000000
18656,21236.426,00000000
18657,21298.053,00000000
18658,21172.234,00000000
18659,21236.201,00000000
18660,21253.309,00000000
18661,21300.645,00000000
18662,21186.074,00000000
18663,21268.260,00000000
18664,21330.232,00000000
18665,21190.590,00000000
18666,21107.566,00000000
18667,21249.438,00000000
18668,21310.793,00000000
18669,21113.123,00000000
18670,21173.930,00000000
18671,21279.760,00000000
18672,21349.119,00000000
18673,21118.109,00000000
18674,21188.232,00000000
18675,21291.037,00000000
18676,21237.826,00000000
18677,21048.443,00000000
18678,21191.848,00000000
18679,21320.867,00000000
18680,21147.633,00000000
18681,21113.338,00000000
18682,21188.848,00000000
18683,21269.697,00000000
18684,21152.697,00000000
18685,21073.619,00000000
18686,21219.742,00000000
18687,21209.258,00000000
18688,21171.770,00000000
18689,21171.494,00000000
18690,21176.178,00000000
18691,21156.205,00000000
18692,21153.838,00000000
18693,21209.082,00000000
18694,21136.986,00000000
18695,21170.109,00000000
18696,21235.426,00000000
18697,21180.115,00000000
18698,21160.869,00000000
18699,21154.756,00000000
18700,21219.121,00000000
18701,21182.016,00000000
18702,21114.576,00000000
18703,21150.473,00000000
18704,21278.684,00000000
18705,21167.402,00000000
18706,21077.438,00000000
18707,21193.285,00000000
18708,21249.994,00000000
18709,21207.975,00000000
18710,21147.871,00000000
18711,21235.869,00000000
18712,21249.602,00000000
18713,21251.697,00000000
18714,21196.250,00000000
18715,21252.830,00000000
18716,21266.516,00000000
18717,21224.393,00000000
18718,21197.266,00000000
18719,21263.959,00000000
18720,21261.996,00000000
18721,21310.150,00000000
18722,21167.484,00000000
18723,21210.172,00000000
18724,21319.535,00000000
18725,21240.795,00000000
18726,21174.217,00000000
18727,21239.549,00000000
18728,21318.137,00000000
18729,21301.457,00000000
18730,21235.949,00000000
18731,21223.037,00000000
18732,21338.268,00000000
18733,21149.361,00000000
18734,21224.906,00000000
18735,21274.357,00000000
18736,21321.467,00000000
18737,21083.016,00000000
18738,21224.320,00000000
18739,21335.945,00000000
18740,21168.678,00000000
18741,21129.506,00000000
18742,21301.945,00000000
18743,21302.914,00000000
18744,21116.963,00000000
18745,21189.314,00000000
18746,21324.613,00000000
18747,21074.832,00000000
18748,21068.225,00000000
18749,21241.674,00000000
18750,21273.996,00000000
18751,21092.896,00000000
18752,21166.480,00000000
18753,21197.518,00000000
18754,21233.518,00000000
18755,21136.186,00000000
18756,21138.025,00000000
18757,21214.920,00000000
18758,21144.578,00000000
18759,21133.949,00000000
18760,21192.207,00000000
18761,21130.453,00000000
18762,21132.234,00000000
18763,21140.121,00000000
18764,21154.451,00000000
18765,21029.092,00000000
18766,21156.348,00000000
18767,21240.430,00000000
18768,21210.561,00000000
18769,21150.107,00000000
18770,21105.887,00000000
18771,21213.250,00000000
18772,21216.848,00000000
18773,21166.422,00000000
18774,21127.426,00000000
18775,21206.977,00000000
18776,21339.754,00000000
18777,21136.043,00000000
18778,21135.508,00000000
18779,21233.514,00000000
18780,21241.809,00000000
18781,21238.031,00000000
18782,21174.943,00000000
18783,21234.031,00000000
18784,21244.379,00000000
18785,21213.852,00000000
18786,21156.891,00000000
18787,21237.318,00000000
18788,21293.965,00000000
18789,21278.578,00000000
18790,21194.580,00000000
18791,21242.770,00000000
18792,21265.938,00000000
18793,21213.869,00000000
18794,21084.283,00000000
18795,21212.410,00000000
18796,21292.602,00000000
18797,21206.113,00000000
18798,21188.748,00000000
18799,21255.252,00000000
18800,21322.383,00000000
18801,21091.006,00000000
18802,21196.811,00000000
18803,21272.869,00000000
18804,21301.795,00000000
18805,21103.889,00000000
18806,21168.170,00000000
18807,21282.877,00000000
18808,21261.660,00000000
18809,21046.400,00000000
18810,21162.586,00000000
18811,21246.551,00000000
18812,21331.877,00000000
18813,21157.883,00000000
18814,21122.963,00000000
18815,21271.908,00000000
18816,21144.975,00000000
18817,21119.479,00000000
18818,21112.098,00000000
18819,21235.805,00000000
18820,21259.543,00000000
18821,21098.906,00000000
18822,21141.684,00000000
18823,21206.016,00000000
18824,21136.883,00000000
18825,21076.262,00000000
18826,21140.377,00000000
18827,21185.555,00000000
18828,21119.117,00000000
18829,21126.188,00000000
18830,21150.357,00000000
18831,21128.012,00000000
18832,21167.184,00000000
18833,21166.406,00000000
18834,21173.813,00000000
18835,21080.635,00000000
18836,21198.330,00000000
18837,21264.789,00000000
18838,21149.432,00000000
18839,21106.395,00000000
18840,21189.568,00000000
18841,21224.189,00000000
18842,21174.830,00000000
18843,21122.049,00000000
18844,21224.004,00000000
18845,21260.352,00000000
18846,21174.875,00000000
18847,21147.645,00000000
18848,21137.088,00000000
18849,21267.238,00000000
18850,21214.223,00000000
18851,21194.361,00000000
18852,21228.088,00000000
18853,21257.223,00000000
18854,21228.135,00000000
18855,21186.316,00000000
18856,21209.652,00000000
18857,21253.783,00000000
18858,21267.352,00000000
18859,21232.008,00000000
18860,21190.010,00000000
18861,21202.236,00000000
18862,21265.629,00000000
18863,21287.852,00000000
18864,21175.684,00000000
18865,21217.047,00000000
18866,21298.836,00000000
18867,21209.281,00000000
18868,21229.148,00000000
18869,21277.254,00000000
18870,21274.371,00000000
18871,21153.063,00000000
18872,21247.393,00000000
18873,21326.371,00000000
18874,21141.926,00000000
18875,21133.342,00000000
18876,21275.311,00000000
18877,21332.461,00000000
18878,21037.514,00000000
18879,21208.133,00000000
18880,21250.396,00000000
18881,21322.961,00000000
18882,21148.320,00000000
18883,21149.227,00000000
18884,21235.039,00000000
18885,21288.900,00000000
18886,21060.061,00000000
18887,21106.064,00000000
18888,21215.023,00000000
18889,21281.473,00000000
18890,21101.934,00000000
18891,21079.020,00000000
18892,21190.365,00000000
18893,21272.912,00000000
18894,21093.326,00000000
18895,21087.834,00000000
18896,21158.336,00000000
18897,21192.467,00000000
18898,21154.838,00000000
18899,21171.584,00000000
18900,21136.475,00000000
18901,21074.758,00000000
18902,21168.273,00000000
18903,21151.207,00000000
18904,21086.719,00000000
18905,21114.637,00000000
18906,21161.539,00000000
18907,21253.377,00000000
18908,21124.492,00000000
18909,21145.859,00000000
18910,21239.309,00000000
18911,21202.994,00000000
18912,21088.895,00000000
18913,21192.650,00000000
18914,21294.373,00000000
18915,21194.195,00000000
18916,21095.410,00000000
18917,21206.289,00000000
18918,21242.518,00000000
18919,21222.115,00000000
18920,21097.131,00000000
18921,21216.453,00000000
18922,21229.428,00000000
18923,21226.197,00000000
18924,21184.564,00000000
18925,21194.447,00000000
18926,21249.592,00000000
18927,21266.467,00000000
18928,21253.125,00000000
18929,21164.793,00000000
18930,21266.855,00000000
18931,21242.289,00000000
18932,21227.928,00000000
18933,21183.854,00000000
18934,21254.795,00000000
18935,21302.969,00000000
18936,21158.770,00000000
18937,21153.934,00000000
18938,21263.855,00000000
18939,21312.969,00000000
18940,21307.637,00000000
18941,21147.795,00000000
18942,21233.342,00000000
18943,21334.930,00000000
18944,21087.443,00000000
18945,21152.955,00000000
18946,21292.715,00000000
18947,21216.979,00000000
18948,21085.486,00000000
18949,21235.449,00000000
18950,21315.266,00000000
18951,21309.594,00000000
18952,21096.232,00000000
18953,21228.504,00000000
18954,21304.986,00000000
18955,21176.539,00000000
18956,21093.932,00000000
18957,21232.164,00000000
18958,21253.246,00000000
18959,21087.773,00000000
18960,21098.262,00000000
18961,21185.215,00000000
18962,21285.410,00000000
18963,21112.773,00000000
18964,21085.092,00000000
18965,21142.604,00000000
18966,21187.539,00000000
18967,21180.016,00000000
18968,21163.020,00000000
18969,21187.953,00000000
18970,21155.592,00000000
18971,21146.656,00000000
18972,21197.121,00000000
18973,21149.809,00000000
18974,21079.891,00000000
18975,21125.887,00000000
18976,21200.574,00000000
18977,21272.041,00000000
18978,21087.703,00000000
18979,21156.688,00000000
18980,21244.762,00000000
18981,21190.373,00000000
18982,21097.939,00000000
18983,21180.498,00000000
18984,21259.852,00000000
18985,21108.701,00000000
18986,21098.791,00000000
18987,21234.818,00000000
18988,21223.254,00000000
18989,21181.205,00000000
18990,21184.064,00000000
18991,21234.920,00000000
18992,21253.729,00000000
18993,21194.445,00000000
18994,21182.109,00000000
18995,21235.020,00000000
18996,21211.301,00000000
18997,21282.092,00000000
18998,21248.486,00000000
18999,21171.785,00000000
19000,21297.594,00000000
19001,21238.498,00000000
19002,21244.213,00000000
19003,21192.246,00000000
19004,21259.205,00000000
19005,21332.031,00000000
19006,21141.623,00000000
19007,21239.088,00000000
19008,21309.395,00000000
19009,21312.779,00000000
19010,21145.498,00000000
19011,21212.041,00000000
19012,21274.330,00000000
19013,21189.125,00000000
19014,21117.068,00000000
19015,21230.725,00000000
19016,21320.129,00000000
19017,21073.121,00000000
19018,21185.434,00000000
19019,21291.344,00000000
19020,21302.969,00000000
19021,21095.158,00000000
19022,21184.385,00000000
19023,21342.346,00000000
19024,21086.176,00000000
19025,21050.557,00000000
19026,21188.240,00000000
19027,21263.148,00000000
19028,21115.842,00000000
19029,21060.160,00000000
19030,21172.283,00000000
19031,21273.107,00000000
19032,21134.777,00000000
19033,21065.156,00000000
19034,21142.598,00000000
19035,21172.996,00000000
19036,21179.377,00000000
19037,21152.023,00000000
19038,21180.939,00000000
19039,21178.818,00000000
19040,21116.539,00000000
19041,21196.410,00000000
19042,21194.525,00000000
19043,21012.191,00000000
19044,21124.592,00000000
19045,21169.428,00000000
19046,21095.307,00000000
19047,21112.145,00000000
19048,21168.309,00000000
19049,21225.811,00000000
19050,21129.180,00000000
19051,21116.789,00000000
19052,21184.826,00000000
19053,21271.393,00000000
19054,21149.518,00000000
19055,21104.115,00000000
19056,21260.672,00000000
19057,21278.387,00000000
19058,21148.582,00000000
19059,21166.625,00000000
19060,21216.102,00000000
19061,21205.791,00000000
19062,21190.504,00000000
19063,21215.096,00000000
19064,21196.547,00000000
19065,21219.527,00000000
19066,21145.814,00000000
19067,21192.693,00000000
19068,21238.742,00000000
19069,21300.975,00000000
19070,21157.873,00000000
19071,21233.197,00000000
19072,21262.662,00000000
19073,21286.684,00000000
19074,21182.094,00000000
19075,21195.051,00000000
19076,21259.443,00000000
19077,21285.691,00000000
19078,21143.439,00000000
19079,21220.197,00000000
19080,21314.412,00000000
19081,21175.467,00000000
19082,21132.156,00000000
19083,21232.152,00000000
19084,21310.729,00000000
19085,21056.166,00000000
19086,21169.375,00000000
19087,21287.910,00000000
19088,21357.336,00000000
19089,21037.627,00000000
19090,21128.674,00000000
19091,21193.266,00000000
19092,21324.746,00000000
19093,21127.674,00000000
19094,21125.762,00000000
19095,21204.959,00000000
19096,21255.971,00000000
19097,21118.650,00000000
19098,21120.102,00000000
19099,21293.418,00000000
19100,21125.607,00000000
19101,21076.359,00000000
19102,21117.207,00000000
19103,21209.896,00000000
19104,21123.367,00000000
19105,21160.268,00000000
19106,21073.193,00000000
19107,21116.557,00000000
19108,21126.432,00000000
19109,21142.180,00000000
19110,21184.926,00000000
19111,21073.463,00000000
19112,21131.377,00000000
19113,21204.701,00000000
19114,21183.594,00000000
19115,21113.084,00000000
19116,21175.195,00000000
19117,21202.291,00000000
19118,21183.283,00000000
19119,21117.914,00000000
19120,21207.818,00000000
19121,21204.432,00000000
19122,21141.225,00000000
19123,21170.979,00000000
19124,21238.055,00000000
19125,21248.541,00000000
19126,21101.719,00000000
19127,21108.127,00000000
19128,21248.898,00000000
19129,21193.785,00000000
19130,21243.693,00000000
19131,21145.771,00000000
19132,21216.975,00000000
19133,21206.439,00000000
19134,21238.842,00000000
19135,21191.510,00000000
19136,21208.359,00000000
19137,21224.076,00000000
19138,21248.779,00000000
19139,21091.701,00000000
19140,21258.512,00000000
19141,21275.467,00000000
19142,21273.568,00000000
19143,21153.855,00000000
19144,21219.725,00000000
19145,21285.426,00000000
19146,21332.975,00000000
19147,21132.189,00000000
19148,21224.135,00000000
19149,21357.268,00000000
19150,21091.387,00000000
19151,21138.670,00000000
19152,21231.285,00000000
19153,21257.057,00000000
19154,21075.877,00000000
19155,21185.807,00000000
19156,21258.834,00000000
19157,21200.514,00000000
19158,21065.277,00000000
19159,21192.775,00000000
19160,21264.404,00000000
19161,21107.881,00000000
19162,21106.627,00000000
19163,21227.857,00000000
19164,21278.078,00000000
19165,21099.246,00000000
19166,21107.580,00000000
19167,21246.551,00000000
19168,21146.621,00000000
19169,21080.088,00000000
19170,21129.037,00000000
19171,21199.623,00000000
19172,21128.174,00000000
19173,21098.512,00000000
19174,21150.719,00000000
19175,21218.561,00000000
19176,21121.418,00000000
19177,21149.479,00000000
19178,21141.611,00000000
19179,21096.588,00000000
19180,21113.773,00000000
19181,21134.539,00000000
19182,21173.006,00000000
19183,21148.682,00000000
19184,21093.422,00000000
19185,21140.316,00000000
19186,21242.676,00000000
19187,21089.930,00000000
19188,21122.549,00000000
19189,21221.295,00000000
19190,21191.203,00000000
19191,21139.992,00000000
19192,21196.014,00000000
19193,21167.613,00000000
19194,21205.027,00000000
19195,21167.043,00000000
19196,21184.680,00000000
19197,21235.029,00000000
19198,21209.955,00000000
19199,21249.750,00000000
19200,21248.363,00000000
19201,21302.369,00000000
19202,21225.273,00000000
19203,21204.439,00000000
19204,21240.361,00000000
19205,21257.152,00000000
19206,21250.180,00000000
19207,21171.414,00000000
19208,21250.721,00000000
19209,21242.039,00000000
19210,21279.656,00000000
19211,21185.029,00000000
19212,21260.994,00000000
19213,21347.789,00000000
19214,21219.098,00000000
19215,21178.584,00000000
19216,21232.434,00000000
19217,21321.951,00000000
19218,21138.941,00000000
19219,21166.676,00000000
19220,21257.848,00000000
19221,21324.947,00000000
19222,21116.879,00000000
19223,20770.604,00000000
19224,15417.678,00000000
19225,13459.042,00000000
19226,12721.832,00000000
19227,12442.342,00000000
19228,12341.202,00000000
19229,12282.711,00000000
19230,12279.225,00000000
19231,12277.118,00000000
19232,12267.551,00000000
19233,12280.546,00000000
19234,12268.188,00000000
19235,12277.619,00000000
19236,12297.116,00000000
19237,12280.467,00000000
19238,12300.701,00000000
19239,12277.628,00000000
19240,12272.627,00000000
19241,12318.478,00000000
19242,12290.196,00000000
19243,12266.803,00000000
19244,12281.203,00000000
19245,12265.572,00000000
19246,12282.131,00000000
19247,12265.729,00000000
19248,12269.881,00000000
19249,12268.886,00000000
19250,12259.363,00000000
19251,12259.684,00000000
19252,12243.346,00000000
19253,12284.593,00000000
19254,12286.810,00000000
19255,12266.601,00000000
19256,12268.608,00000000
19257,12264.466,00000000
19258,12281.240,00000000
19259,12244.972,00000000
19260,12269.158,00000000
19261,12256.776,00000000
19262,12280.171,00000000
19263,12263.894,00000000
19264,12255.319,00000000
19265,12258.214,00000000
19266,12278.393,00000000
19267,12286.540,00000000
19268,12293.447,00000000
19269,12293.437,00000000
19270,12286.646,00000000
19271,12272.771,00000000
19272,12283.233,00000000
19273,12295.447,00000000
19274,12275.974,00000000
19275,12261.193,00000000
19276,12275.185,00000000
19277,12287.078,00000000
19278,12257.481,00000000
19279,12260.132,00000000
19280,12224.264,00000000
19281,12252.938,00000000
19282,12272.464,00000000
19283,12280.828,00000000
19284,12282.974,00000000
19285,12230.002,00000000
19286,12259.438,00000000
19287,12292.269,00000000
19288,12271.047,00000000
19289,12285.443,00000000
19290,12270.873,00000000
19291,12267.245,00000000
19292,12300.540,00000000
19293,12268.001,00000000
19294,12268.303,00000000
19295,12255.960,00000000
19296,12249.839,00000000
19297,12286.250,00000000
19298,12261.866,00000000
19299,12260.300,00000000
19300,12257.763,00000000
19301,12289.995,00000000
19302,12267.092,00000000
19303,12269.086,00000000
19304,12266.577,00000000
19305,12247.020,00000000
19306,12260.798,00000000
19307,12270.905,00000000
19308,12284.343,00000000
19309,12294.803,00000000
19310,12280.806,00000000
19311,12264.469,00000000
19312,12295.390,00000000
19313,12278.563,00000000
19314,12305.280,00000000
19315,12262.519,00000000
19316,12295.558,00000000
19317,12264.347,00000000
19318,12295.675,00000000
19319,12309.793,00000000
19320,12306.507,00000000
19321,12293.383,00000000
19322,12282.648,00000000
19323,12315.211,00000000
19324,12308.568,00000000
19325,12284.793,00000000
19326,12294.786,00000000
19327,12285.716,00000000
19328,12283.177,00000000
19329,12304.852,00000000
19330,12297.249,00000000
19331,12300.659,00000000
19332,12298.439,00000000
19333,12297.493,00000000
19334,12301.059,00000000
19335,12280.146,00000000
19336,12296.510,00000000
19337,12296.914,00000000
19338,12304.704,00000000
19339,12294.380,00000000
19340,12284.997,00000000
19341,12301.343,00000000
19342,12280.719,00000000
19343,12294.971,00000000
19344,12290.931,00000000
19345,12300.814,00000000
19346,12297.186,00000000
19347,12317.680,00000000
19348,12321.876,00000000
19349,12307.775,00000000
19350,12306.552,00000000
19351,12301.063,00000000
19352,12272.025,00000000
19353,12293.442,00000000
19354,12289.314,00000000
19355,12275.471,00000000
19356,12299.821,00000000
19357,12268.359,00000000
19358,12297.113,00000000
19359,12290.279,00000000
19360,12301.113,00000000
19361,12334.227,00000000
19362,12305.063,00000000
19363,12314.194,00000000
19364,12306.579,00000000
19365,12308.695,00000000
19366,12322.743,00000000
19367,12273.022,00000000
19368,12292.316,00000000
19369,12309.756,00000000
19370,12299.965,00000000
19371,12321.135,00000000
19372,12313.019,00000000
19373,12299.299,00000000
19374,12328.271,00000000
19375,12316.741,00000000
19376,12339.302,00000000
19377,12327.070,00000000
19378,12349.351,00000000
19379,12350.599,00000000
19380,12348.173,00000000
19381,12343.468,00000000
19382,12342.094,00000000
19383,12333.493,00000000
19384,12336.100,00000000
19385,12345.334,00000000
19386,12322.155,00000000
19387,12342.022,00000000
19388,12331.967,00000000
19389,12309.735,00000000
19390,12315.289,00000000
19391,12321.113,00000000
19392,12338.903,00000000
19393,12325.886,00000000
19394,12366.330,00000000
19395,12345.674,00000000
19396,12340.864,00000000
19397,12319.451,00000000
19398,12292.122,00000000
19399,12303.242,00000000
19400,12290.380,00000000
19401,12327.497,00000000
19402,12319.887,00000000
19403,12278.496,00000000
19404,12305.849,00000000
19405,12342.388,00000000
19406,12331.271,00000000
19407,12325.501,00000000
19408,12273.794,00000000
19409,12309.590,00000000
19410,12335.891,00000000
19411,12340.394,00000000
19412,12328.598,00000000
19413,12329.618,00000000
19414,12301.003,00000000
19415,12320.997,00000000
19416,12334.459,00000000
19417,12306.271,00000000
19418,12325.667,00000000
19419,12324.606,00000000
19420,12315.492,00000000
19421,12337.026,00000000
19422,12330.052,00000000
19423,12301.162,00000000
19424,12298.713,00000000
19425,12318.601,00000000
19426,12332.232,00000000
19427,12300.355,00000000
19428,12319.035,00000000
19429,12301.521,00000000
19430,12312.504,00000000
19431,12271.538,00000000
19432,12292.407,00000000
19433,12291.331,00000000
19434,12267.018,00000000
19435,12298.460,00000000
19436,12293.209,00000000
19437,12282.880,00000000
19438,12292.851,00000000
19439,12271.398,00000000
19440,12298.439,00000000
19441,12308.274,00000000
19442,12289.100,00000000
19443,12306.783,00000000
19444,12258.765,00000000
19445,12285.750,00000000
19446,12278.333,00000000
19447,12300.246,00000000
19448,12310.226,00000000
19449,12281.196,00000000
19450,12277.103,00000000
19451,12290.189,00000000
19452,12277.726,00000000
19453,12290.456,00000000
19454,12291.445,00000000
19455,12277.094,00000000
19456,12305.198,00000000
19457,12286.869,00000000
19458,12302.315,00000000
19459,12294.783,00000000
19460,12258.666,00000000
19461,12296.747,00000000
19462,12288.588,00000000
19463,12280.487,00000000
19464,12275.232,00000000
19465,12277.742,00000000
19466,12281.993,00000000
19467,12282.655,00000000
19468,12268.860,00000000
19469,12255.722,00000000
19470,12256.123,00000000
19471,12279.975,00000000
19472,12274.332,00000000
19473,12270.285,00000000
19474,12314.362,00000000
19475,12280.408,00000000
19476,12283.019,00000000
19477,12295.857,00000000
19478,12288.768,00000000
19479,12291.241,00000000
19480,12290.257,00000000
19481,12288.556,00000000
19482,12293.655,00000000
19483,12298.583,00000000
19484,12297.992,00000000
19485,12288.462,00000000
19486,12294.530,00000000
19487,12287.139,00000000
19488,12300.253,00000000
19489,12304.007,00000000
19490,12285.449,00000000
19491,12280.121,00000000
19492,12301.382,00000000
19493,12280.256,00000000
19494,12265.362,00000000
19495,12267.058,00000000
19496,12283.106,00000000
19497,12276.211,00000000
19498,12263.358,00000000
19499,12299.424,00000000
19500,12266.865,00000000
19501,12244.653,00000000
19502,12276.479,00000000
19503,12281.309,00000000
19504,12314.332,00000000
19505,12269.304,00000000
19506,12276.896,00000000
19507,12279.112,00000000
19508,12294.090,00000000
19509,12287.252,00000000
19510,12296.292,00000000
19511,12277.143,00000000
19512,12304.930,00000000
19513,12271.403,00000000
19514,12278.479,00000000
19515,12273.071,00000000
19516,12269.854,00000000
19517,12302.964,00000000
19518,12288.644,00000000
19519,12308.244,00000000
19520,12286.612,00000000
19521,12282.982,00000000
19522,12298.227,00000000
19523,12286.966,00000000
19524,12288.563,00000000
19525,12280.849,00000000
19526,12279.771,00000000
19527,12293.875,00000000
19528,12295.404,00000000
19529,12317.590,00000000
19530,12280.954,00000000
19531,12269.328,00000000
19532,12266.635,00000000
19533,12277.771,00000000
19534,12280.188,00000000
19535,12268.065,00000000
19536,12256.531,00000000
19537,12289.721,00000000
19538,12279.822,00000000
19539,12274.306,00000000
19540,12284.480,00000000
19541,12267.604,00000000
19542,12260.381,00000000
19543,12262.405,00000000
19544,12268.388,00000000
19545,12276.803,00000000
19546,12279.579,00000000
19547,12281.135,00000000
19548,12278.376,00000000
19549,12272.931,00000000
19550,12301.586,00000000
19551,12308.397,00000000
19552,12280.464,00000000
19553,12289.817,00000000
19554,12295.800,00000000
19555,12285.696,00000000
19556,12289.393,00000000
19557,12264.710,00000000
19558,12292.618,00000000
19559,12299.939,00000000
19560,12279.229,00000000
19561,12300.603,00000000
19562,12256.464,00000000
19563,12268.073,00000000
19564,12280.180,00000000
19565,12283.161,00000000
19566,12268.295,00000000
19567,12257.703,00000000
19568,12287.361,00000000
19569,12292.041,00000000
19570,12282.916,00000000
19571,12258.360,00000000
19572,12257.986,00000000
19573,12262.014,00000000
19574,12287.342,00000000
19575,12284.593,00000000
19576,12274.572,00000000
19577,12256.285,00000000
19578,12264.961,00000000
19579,12287.349,00000000
19580,12286.899,00000000
19581,12299.707,00000000
19582,12245.978,00000000
19583,12301.583,00000000
19584,12266.127,00000000
19585,12275.218,00000000
19586,12273.063,00000000
19587,12284.738,00000000
19588,12249.929,00000000
19589,12304.578,00000000
19590,12289.345,00000000
19591,12289.976,00000000
19592,12281.698,00000000
19593,12273.772,00000000
19594,12256.137,00000000
19595,12272.402,00000000
19596,12313.102,00000000
19597,12276.594,00000000
19598,12277.093,00000000
19599,12260.158,00000000
19600,12291.862,00000000
19601,12280.838,00000000
19602,12280.430,00000000
19603,12275.700,00000000
19604,12287.223,00000000
19605,12270.896,00000000
19606,12295.191,00000000
19607,12292.439,00000000
19608,12279.473,00000000
19609,12248.937,00000000
19610,12290.376,00000000
19611,12283.358,00000000
19612,12274.781,00000000
19613,12245.531,00000000
19614,12281.963,00000000
19615,12264.657,00000000
19616,12274.593,00000000
19617,12261.316,00000000
19618,12238.665,00000000
19619,12245.971,00000000
19620,12288.082,00000000
19621,12285.905,00000000
19622,12278.100,00000000
19623,12254.094,00000000
19624,12267.306,00000000
19625,12286.512,00000000
19626,12273.731,00000000
19627,12266.890,00000000
19628,12271.633,00000000
19629,12248.019,00000000
19630,12250.042,00000000
19631,12276.537,00000000
19632,12270.283,00000000
19633,12294.206,00000000
19634,12263.099,00000000
19635,12278.684,00000000
19636,12287.545,00000000
19637,12286.638,00000000
19638,12284.704,00000000
19639,12250.059,00000000
19640,12271.477,00000000
19641,12313.156,00000000
19642,12289.337,00000000
19643,12282.563,00000000
19644,12283.740,00000000
19645,12286.711,00000000
19646,12282.852,00000000
19647,12266.545,00000000
19648,12272.334,00000000
19649,12264.937,00000000
19650,12272.053,00000000
19651,12278.717,00000000
19652,12283.847,00000000
19653,12292.560,00000000
19654,12255.252,00000000
19655,12294.661,00000000
19656,12282.541,00000000
19657,12303.735,00000000
19658,12250.643,00000000
19659,12253.115,00000000
19660,12280.116,00000000
19661,12291.089,00000000
19662,12294.452,00000000
19663,12280.652,00000000
19664,12267.364,00000000
19665,12283.909,00000000
19666,12302.229,00000000
19667,12273.364,00000000
19668,12285.843,00000000
19669,12268.521,00000000
19670,12262.554,00000000
19671,12285.223,00000000
19672,12284.087,00000000
19673,12279.051,00000000
19674,12267.402,00000000
19675,12294.517,00000000
19676,12302.471,00000000
19677,12269.113,00000000
19678,12262.348,00000000
19679,12272.262,00000000
19680,12282.572,00000000
19681,12263.905,00000000
19682,12282.868,00000000
19683,12274.270,00000000
19684,12295.243,00000000
19685,12256.457,00000000
19686,12277.250,00000000
19687,12293.549,00000000
19688,12283.352,00000000
19689,12279.896,00000000
19690,12276.881,00000000
19691,12292.718,00000000
19692,12267.661,00000000
19693,12299.913,00000000
19694,12283.606,00000000
19695,12255.796,00000000
19696,12277.000,00000000
19697,12297.536,00000000
19698,12254.219,00000000
19699,12269.561,00000000
19700,12265.815,00000000
19701,12276.848,00000000
19702,12249.922,00000000
19703,12306.613,00000000
19704,12283.391,00000000
19705,12260.120,00000000
19706,12296.371,00000000
19707,12311.163,00000000
19708,12303.327,00000000
19709,12285.854,00000000
19710,12258.864,00000000
19711,12279.825,00000000
19712,12303.049,00000000
19713,12307.569,00000000
19714,12272.321,00000000
19715,12299.537,00000000
19716,12287.008,00000000
19717,12199.679,00000000
19718,12285.582,00000000
19719,12289.617,00000000
19720,12288.479,00000000
19721,12249.075,00000000
19722,12284.809,00000000
19723,12295.630,00000000
19724,12301.315,00000000
19725,12295.020,00000000
19726,12302.796,00000000
19727,12315.451,00000000
19728,12320.316,00000000
19729,12308.656,00000000
19730,12303.948,00000000
19731,12295.874,00000000
19732,12310.986,00000000
19733,12294.220,00000000
19734,12322.718,00000000
19735,12307.509,00000000
19736,12281.397,00000000
19737,12302.235,00000000
19738,12294.046,00000000
19739,12283.923,00000000
19740,12307.599,00000000
19741,12286.855,00000000
19742,12274.256,00000000
19743,12302.615,00000000
19744,12303.655,00000000
19745,12303.388,00000000
19746,12290.272,00000000
19747,12294.443,00000000
19748,12302.229,00000000
19749,12294.738,00000000
19750,12304.522,00000000
19751,12295.583,00000000
19752,12296.509,00000000
19753,12293.430,00000000
19754,12301.317,00000000
19755,12552.571,00000000
19756,12363.424,00000000
19757,12328.975,00000000
19758,12326.438,00000000
19759,12305.749,00000000
19760,12301.431,00000000
19761,12287.900,00000000
19762,12304.956,00000000
19763,12298.816,00000000
19764,12287.734,00000000
19765,12323.910,00000000
19766,12304.127,00000000
19767,12313.814,00000000
19768,12290.880,00000000
19769,12298.200,00000000
19770,12287.515,00000000
19771,12287.016,00000000
19772,12308.904,00000000
19773,12294.755,00000000
19774,12275.520,00000000
19775,12302.858,00000000
19776,12297.454,00000000
19777,12274.989,00000000
19778,12311.609,00000000
19779,12291.364,00000000
19780,12324.953,00000000
19781,12301.432,00000000
19782,12285.428,00000000
19783,12292.653,00000000
19784,12312.290,00000000
19785,12301.643,00000000
19786,12300.027,00000000
19787,12284.997,00000000
19788,12289.648,00000000
19789,12302.354,00000000
19790,12290.620,00000000
19791,12287.982,00000000
19792,12264.562,00000000
19793,12261.118,00000000
19794,12298.514,00000000
19795,12304.124,00000000
19796,12325.524,00000000
19797,12301.979,00000000
19798,12290.481,00000000
19799,12314.137,00000000
19800,12295.412,00000000
19801,12284.475,00000000
19802,12307.576,00000000
19803,12298.210,00000000
19804,12307.200,00000000
19805,12287.116,00000000
19806,12323.314,00000000
19807,12302.883,00000000
19808,12283.216,00000000
19809,12292.753,00000000
19810,12314.066,00000000
19811,12338.375,00000000
19812,12290.761,00000000
19813,12279.052,00000000
19814,12302.047,00000000
19815,12271.214,00000000
19816,12296.473,00000000
19817,12294.816,00000000
19818,12280.676,00000000
19819,12323.799,00000000
19820,12306.021,00000000
19821,12297.843,00000000
19822,12310.833,00000000
19823,12272.121,00000000
19824,12561.504,00000000
19825,12911.876,00000000
19826,12545.636,00000000
19827,12843.558,00000000
19828,12470.822,00000000
19829,12712.797,00000000
19830,12427.381,00000000
19831,12624.823,00000000
19832,12913.742,00000000
19833,12492.567,00000000
19834,12775.219,00000000
19835,12464.868,00000000
19836,12699.276,00000000
19837,12454.586,00000000
19838,12547.557,00000000
19839,12889.123,00000000
19840,12516.329,00000000
19841,12747.801,00000000
19842,12496.909,00000000
19843,13195.828,00000000
19844,14228.455,00000000
19845,14589.818,00000000
19846,15073.926,00000000
19847,16152.445,00000000
19848,18143.117,00000000
19849,19898.426,00000000
19850,20845.082,00000000
19851,21229.240,00000000
19852,21317.314,00000000
19853,21433.000,00000000
19854,21513.098,00000000
19855,21477.172,00000000
19856,21489.025,00000000
19857,21517.557,00000000
19858,21522.582,00000000
19859,21457.205,00000000
19860,21417.768,00000000
19861,21526.139,00000000
19862,21496.230,00000000
19863,21540.900,00000000
19864,21531.928,00000000
19865,21518.928,00000000
19866,21490.500,00000000
19867,21501.453,00000000
19868,21480.775,00000000
19869,21419.646,00000000
19870,21448.273,00000000
19871,21502.658,00000000
19872,21529.859,00000000
19873,21509.268,00000000
19874,21539.953,00000000
19875,21482.055,00000000
19876,21424.713,00000000
19877,21347.553,00000000
19878,21383.773,00000000
19879,21480.135,00000000
19880,21464.768,00000000
19881,21535.445,00000000
19882,21519.705,00000000
19883,21460.379,00000000
19884,21439.746,00000000
19885,21402.480,00000000
19886,21410.924,00000000
19887,21392.037,00000000
19888,21424.025,00000000
19889,21514.527,00000000
19890,21492.350,00000000
19891,21506.252,00000000
19892,21529.367,00000000
19893,21454.281,00000000
19894,21438.041,00000000
19895,21439.430,00000000
19896,21447.137,00000000
19897,21384.072,00000000
19898,21413.260,00000000
19899,21492.428,00000000
19900,21502.957,00000000
19901,21507.900,00000000
19902,21506.828,00000000
19903,21499.490,00000000
19904,21453.799,00000000
19905,21397.158,00000000
19906,21516.029,00000000
19907,21441.381,00000000
19908,21473.877,00000000
19909,21481.201,00000000
19910,21462.572,00000000
19911,21467.088,00000000
19912,21411.195,00000000
19913,21355.559,00000000
19914,21396.537,00000000
19915,21502.029,00000000
19916,21483.281,00000000
19917,21530.674,00000000
19918,21487.543,00000000
19919,21492.260,00000000
19920,21335.314,00000000
19921,21388.650,00000000
19922,21450.867,00000000
19923,21502.590,00000000
19924,21503.500,00000000
19925,21454.141,00000000
19926,21428.213,00000000
19927,21419.145,00000000
19928,21390.576,00000000
19929,21379.307,00000000
19930,21386.984,00000000
19931,21470.035,00000000
19932,21455.973,00000000
19933,21406.762,00000000
19934,21446.484,00000000
19935,21419.604,00000000
19936,21437.273,00000000
19937,21404.105,00000000
19938,21399.387,00000000
19939,21383.229,00000000
19940,21497.658,00000000
19941,21555.961,00000000
19942,21483.533,00000000
19943,21392.947,00000000
19944,21418.785,00000000
19945,21358.635,00000000
19946,21336.023,00000000
19947,21391.096,00000000
19948,21337.035,00000000
19949,21324.045,00000000
19950,21296.023,00000000
19951,21353.293,00000000
19952,21449.877,00000000
19953,21429.102,00000000
19954,21398.113,00000000
19955,21570.303,00000000
19956,21499.301,00000000
19957,21461.645,00000000
19958,21463.736,00000000
19959,21492.465,00000000
19960,21452.252,00000000
19961,21457.064,00000000
19962,21453.090,00000000
19963,21414.277,00000000
19964,21403.330,00000000
19965,21320.846,00000000
19966,21320.584,00000000
19967,21343.809,00000000
19968,21360.695,00000000
19969,21361.586,00000000
19970,21275.209,00000000
19971,21310.818,00000000
19972,21315.258,00000000
19973,21360.156,00000000
19974,21342.713,00000000
19975,21319.131,00000000
19976,21423.945,00000000
19977,21435.199,00000000
19978,21385.846,00000000
19979,21364.988,00000000
19980,21392.748,00000000
19981,21387.297,00000000
19982,21449.449,00000000
19983,21421.551,00000000
19984,21458.434,00000000
19985,21403.596,00000000
19986,21428.820,00000000
19987,21386.164,00000000
19988,21401.211,00000000
19989,21433.795,00000000
19990,21424.516,00000000
19991,21342.768,00000000
19992,21395.383,00000000
19993,21333.508,00000000
19994,21392.381,00000000
19995,21300.303,00000000
19996,21398.027,00000000
19997,21378.611,00000000
19998,21428.445,00000000
19999,21405.559,00000000
20000,21445.744,00000000
20001,21446.818,00000000
20002,21451.594,00000000
20003,21461.080,00000000
20004,21508.262,00000000
20005,21460.199,00000000
20006,21479.330,00000000
20007,21468.572,00000000
20008,21441.930,00000000
20009,21516.711,00000000
20010,21443.135,00000000
20011,21428.982,00000000
20012,21439.600,00000000
20013,21396.100,00000000
20014,21362.990,00000000
20015,21392.881,00000000
20016,21360.395,00000000
20017,21305.350,00000000
20018,21324.629,00000000
20019,21375.619,00000000
20020,21311.529,00000000
20021,21331.830,00000000
20022,21283.059,00000000
20023,21299.951,00000000
20024,21370.461,00000000
20025,21397.012,00000000
20026,21450.350,00000000
20027,21465.545,00000000
20028,21407.430,00000000
20029,21437.805,00000000
20030,21453.334,00000000
20031,21421.992,00000000
20032,21431.137,00000000
20033,21347.996,00000000
20034,21479.199,00000000
20035,21373.615,00000000
20036,21467.727,00000000
20037,21475.521,00000000
20038,21452.496,00000000
20039,21434.436,00000000
20040,21421.541,00000000
20041,21380.133,00000000
20042,21397.631,00000000
20043,21413.875,00000000
20044,21382.732,00000000
20045,21362.910,00000000
20046,21357.451,00000000
20047,21338.301,00000000
20048,21259.887,00000000
20049,21303.281,00000000
20050,21281.184,00000000
20051,21270.893,00000000
20052,21308.471,00000000
20053,21309.459,00000000
20054,21416.736,00000000
20055,21356.311,00000000
20056,21444.461,00000000
20057,21409.375,00000000
20058,21482.348,00000000
20059,21505.773,00000000
20060,21502.320,00000000
20061,21469.020,00000000
20062,21442.188,00000000
20063,21458.867,00000000
20064,21365.566,00000000
20065,21421.758,00000000
20066,21401.078,00000000
20067,21338.943,00000000
20068,21295.918,00000000
20069,21374.795,00000000
20070,21338.479,00000000
20071,21408.555,00000000
20072,21308.297,00000000
20073,21351.291,00000000
20074,21326.588,00000000
20075,21340.320,00000000
20076,21355.701,00000000
20077,21367.930,00000000
20078,21423.314,00000000
20079,21425.195,00000000
20080,21401.213,00000000
20081,21435.736,00000000
20082,21436.002,00000000
20083,21421.994,00000000
20084,21442.650,00000000
20085,21468.490,00000000
20086,21448.176,00000000
20087,21466.996,00000000
20088,21431.533,00000000
20089,21400.064,00000000
20090,21419.234,00000000
20091,21418.039,00000000
20092,21350.592,00000000
20093,21352.424,00000000
20094,21294.816,00000000
20095,21364.346,00000000
20096,21364.783,00000000
20097,21279.129,00000000
20098,21295.395,00000000
20099,21290.467,00000000
20100,21334.615,00000000
20101,21354.313,00000000
20102,21444.924,00000000
20103,21430.262,00000000
20104,21487.807,00000000
20105,21406.174,00000000
20106,21460.205,00000000
20107,21456.912,00000000
20108,21452.188,00000000
20109,21424.510,00000000
20110,21409.945,00000000
20111,21416.404,00000000
20112,21445.574,00000000
20113,21393.719,00000000
20114,21418.945,00000000
20115,21384.938,00000000
20116,21400.830,00000000
20117,21398.992,00000000
20118,21361.762,00000000
20119,21345.188,00000000
20120,21373.975,00000000
20121,21382.484,00000000
20122,21431.123,00000000
20123,21405.941,00000000
20124,21419.822,00000000
20125,21371.869,00000000
20126,21387.441,00000000
20127,21394.744,00000000
20128,21345.768,00000000
20129,21347.453,00000000
20130,21337.703,00000000
20131,21346.395,00000000
20132,21377.701,00000000
20133,21398.760,00000000
20134,21468.473,00000000
20135,21368.662,00000000
20136,21394.420,00000000
20137,21478.945,00000000
20138,21528.816,00000000
20139,21490.922,00000000
20140,21516.557,00000000
20141,21472.959,00000000
20142,21504.271,00000000
20143,21443.979,00000000
20144,21426.338,00000000
20145,21419.324,00000000
20146,21424.141,00000000
20147,21371.621,00000000
20148,21419.379,00000000
20149,21376.482,00000000
20150,21297.801,00000000
20151,21324.867,00000000
20152,21315.520,00000000
20153,21359.090,00000000
20154,21346.852,00000000
20155,21278.602,00000000
20156,21304.930,00000000
20157,21339.449,00000000
20158,21365.303,00000000
20159,21411.404,00000000
20160,21391.895,00000000
20161,21462.830,00000000
20162,21411.236,00000000
20163,21409.664,00000000
20164,21386.625,00000000
20165,21357.910,00000000
20166,21448.801,00000000
20167,21439.273,00000000
20168,21431.309,00000000
20169,21427.211,00000000
20170,21412.656,00000000
20171,21401.090,00000000
20172,21381.658,00000000
20173,21473.268,00000000
20174,21455.121,00000000
20175,21439.365,00000000
20176,21382.197,00000000
20177,21422.559,00000000
20178,21398.930,00000000
20179,21371.209,00000000
20180,21419.518,00000000
20181,21379.691,00000000
20182,21352.303,00000000
20183,21358.070,00000000
20184,21302.994,00000000
20185,21312.182,00000000
20186,21342.854,00000000
20187,21327.457,00000000
20188,21424.285,00000000
20189,21403.180,00000000
20190,21408.285,00000000
20191,21432.934,00000000
20192,21412.205,00000000
20193,21476.070,00000000
20194,21519.508,00000000
20195,21504.857,00000000
20196,21456.006,00000000
20197,21429.775,00000000
20198,21523.582,00000000
20199,21451.010,00000000
20200,21352.738,00000000
20201,21352.701,00000000
20202,21338.250,00000000
20203,21407.221,00000000
20204,21368.643,00000000
20205,21290.518,00000000
20206,21343.320,00000000
20207,21345.123,00000000
20208,21346.787,00000000
20209,21327.289,00000000
20210,21335.563,00000000
20211,21341.395,00000000
20212,21291.553,00000000
20213,21332.803,00000000
20214,21343.564,00000000
20215,21406.480,00000000
20216,21375.707,00000000
20217,21394.639,00000000
20218,21471.967,00000000
20219,21432.824,00000000
20220,21445.588,00000000
20221,21432.549,00000000
20222,21425.285,00000000
20223,21440.773,00000000
20224,21405.410,00000000
20225,21467.176,00000000
20226,21508.166,00000000
20227,21475.637,00000000
20228,21457.563,00000000
20229,21441.133,00000000
20230,21427.742,00000000
20231,21420.570,00000000
20232,21419.479,00000000
20233,21352.398,00000000
20234,21358.227,00000000
20235,21345.615,00000000
20236,21332.732,00000000
20237,21322.787,00000000
20238,21308.133,00000000
20239,21381.926,00000000
20240,21497.797,00000000
20241,21442.717,00000000
20242,21452.979,00000000
20243,21482.424,00000000
20244,21486.465,00000000
20245,21473.287,00000000
20246,21466.068,00000000
20247,21495.352,00000000
20248,21425.232,00000000
20249,21454.738,00000000
20250,21455.111,00000000
20251,21399.721,00000000
20252,21372.857,00000000
20253,21357.297,00000000
20254,21358.232,00000000
20255,21385.336,00000000
20256,21357.336,00000000
20257,21379.229,00000000
20258,21336.334,00000000
20259,21335.994,00000000
20260,21350.158,00000000
20261,21347.250,00000000
20262,21361.443,00000000
20263,21307.719,00000000
20264,21367.510,00000000
20265,21388.027,00000000
20266,21345.648,00000000
20267,21423.143,00000000
20268,21475.215,00000000
20269,21419.277,00000000
20270,21482.352,00000000
20271,21416.670,00000000
20272,21436.018,00000000
20273,21461.836,00000000
20274,21454.418,00000000
20275,21450.463,00000000
20276,21603.426,00000000
20277,21412.885,00000000
20278,21481.107,00000000
20279,21459.602,00000000
20280,21404.186,00000000
20281,21464.297,00000000
20282,21387.541,00000000
20283,21380.430,00000000
20284,21347.525,00000000
20285,21316.299,00000000
20286,21294.555,00000000
20287,21319.498,00000000
20288,21300.346,00000000
20289,21383.164,00000000
20290,21376.486,00000000
20291,21343.504,00000000
20292,21408.783,00000000
20293,21466.596,00000000
20294,21441.486,00000000
20295,21450.982,00000000
20296,21431.572,00000000
20297,21477.436,00000000
20298,21488.963,00000000
20299,21391.057,00000000
20300,21375.086,00000000
20301,21393.672,00000000
20302,21383.084,00000000
20303,21410.879,00000000
20304,21343.537,00000000
20305,21340.295,00000000
20306,21408.111,00000000
20307,21404.387,00000000
20308,21414.277,00000000
20309,21369.238,00000000
20310,21384.400,00000000
20311,21367.113,00000000
20312,21362.568,00000000
20313,21351.404,00000000
20314,21322.775,00000000
20315,21423.348,00000000
20316,21304.811,00000000
20317,21430.469,00000000
20318,21463.297,00000000
20319,21443.855,00000000
20320,21429.453,00000000
20321,21493.688,00000000
20322,21467.408,00000000
20323,21501.658,00000000
20324,21498.723,00000000
20325,21491.613,00000000
20326,21464.861,00000000
20327,21403.234,00000000
20328,21433.832,00000000
20329,21415.783,00000000
20330,21389.430,00000000
20331,21387.369,00000000
20332,21326.055,00000000
20333,21338.207,00000000
20334,21298.793,00000000
20335,21292.920,00000000
20336,21165.732,00000000
20337,21339.563,00000000
20338,21339.707,00000000
20339,21386.104,00000000
20340,21447.018,00000000
20341,21413.785,00000000
20342,21442.285,00000000
20343,21452.379,00000000
20344,21430.828,00000000
20345,21383.516,00000000
20346,21455.121,00000000
20347,21390.398,00000000
20348,21387.973,00000000
20349,21386.199,00000000
20350,21405.531,00000000
20351,21367.889,00000000
20352,21371.854,00000000
20353,21412.213,00000000
20354,21468.104,00000000
20355,21446.439,00000000
20356,21405.166,00000000
20357,21462.008,00000000
20358,21428.275,00000000
20359,21429.871,00000000
20360,21413.668,00000000
20361,21421.781,00000000
20362,21401.889,00000000
20363,21407.904,00000000
20364,21367.740,00000000
20365,21399.990,00000000
20366,21391.205,00000000
20367,21368.516,00000000
20368,21414.508,00000000
20369,21388.563,00000000
20370,21344.824,00000000
20371,21325.014,00000000
20372,21369.316,00000000
20373,21307.617,00000000
20374,21304.381,00000000
20375,21331.572,00000000
20376,21379.752,00000000
20377,21398.330,00000000
20378,21504.953,00000000
20379,21463.850,00000000
20380,21401.648,00000000
20381,21419.658,00000000
20382,21449.898,00000000
20383,21417.498,00000000
20384,21448.732,00000000
20385,21434.418,00000000
20386,21403.912,00000000
20387,21396.648,00000000
20388,21362.295,00000000
20389,21321.031,00000000
20390,21377.756,00000000
20391,21388.104,00000000
20392,21381.061,00000000
20393,21346.756,00000000
20394,21376.742,00000000
20395,21312.764,00000000
20396,21346.879,00000000
20397,21336.756,00000000
20398,21333.012,00000000
20399,21338.016,00000000
20400,21397.330,00000000
20401,21358.238,00000000
20402,21330.781,00000000
20403,21326.514,00000000
20404,21281.291,00000000
20405,21360.250,00000000
20406,21394.793,00000000
20407,21359.445,00000000
20408,21371.480,00000000
20409,21444.311,00000000
20410,21411.051,00000000
20411,21426.242,00000000
20412,21405.299,00000000
20413,21471.811,00000000
20414,21434.412,00000000
20415,21463.416,00000000
20416,21481.734,00000000
20417,21442.305,00000000
20418,21482.801,00000000
20419,21444.512,00000000
20420,21445.309,00000000
20421,21464.955,00000000
20422,21442.193,00000000
20423,21396.865,00000000
20424,21361.262,00000000
20425,21371.369,00000000
20426,21368.529,00000000
20427,21312.986,00000000
20428,21334.646,00000000
20429,21309.777,00000000
20430,21336.250,00000000
20431,21308.973,00000000
20432,21284.547,00000000
20433,21305.109,00000000
20434,21331.404,00000000
20435,21289.746,00000000
20436,21302.361,00000000
20437,21294.666,00000000
20438,21306.705,00000000
20439,21398.369,00000000
20440,21406.592,00000000
20441,21372.309,00000000
20442,21347.703,00000000
20443,21385.773,00000000
20444,21385.805,00000000
20445,21401.855,00000000
20446,21364.531,00000000
20447,21384.666,00000000
20448,21383.518,00000000
20449,21385.152,00000000
20450,21442.479,00000000
20451,21406.986,00000000
20452,21418.979,00000000
20453,21375.844,00000000
20454,21439.674,00000000
20455,21447.213,00000000
20456,21415.803,00000000
20457,21380.980,00000000
20458,21355.227,00000000
20459,21309.572,00000000
20460,21385.170,00000000
20461,21304.717,00000000
20462,21346.354,00000000
20463,21300.479,00000000
20464,21295.105,00000000
20465,21379.439,00000000
20466,21426.393,00000000
20467,21370.311,00000000
20468,21385.668,00000000
20469,21401.102,00000000
20470,21461.217,00000000
20471,21447.203,00000000
20472,21452.990,00000000
20473,21424.607,00000000
20474,21446.021,00000000
20475,21406.902,00000000
20476,21430.422,00000000
20477,21412.258,00000000
20478,21435.568,00000000
20479,21345.742,00000000
20480,21389.920,00000000
20481,21354.482,00000000
20482,21376.090,00000000
20483,21322.113,00000000
20484,21334.105,00000000
20485,21288.998,00000000
20486,21312.605,00000000
20487,21365.957,00000000
20488,21331.514,00000000
20489,21346.156,00000000
20490,21325.951,00000000
20491,21344.313,00000000
20492,21324.998,00000000
20493,21321.320,00000000
20494,21346.246,00000000
20495,21335.869,00000000
20496,21343.174,00000000
20497,21274.324,00000000
20498,21413.572,00000000
20499,21404.654,00000000
20500,21426.193,00000000
20501,21462.529,00000000
20502,21449.195,00000000
20503,21499.240,00000000
20504,21455.881,00000000
20505,21480.371,00000000
20506,21539.520,00000000
20507,21499.832,00000000
20508,21453.688,00000000
20509,21414.033,00000000
20510,21413.916,00000000
20511,21416.256,00000000
20512,21416.127,00000000
20513,21324.635,00000000
20514,21296.475,00000000
20515,21262.809,00000000
20516,21285.805,00000000
20517,21259.072,00000000
20518,21279.510,00000000
20519,21253.496,00000000
20520,21349.318,00000000
20521,21434.443,00000000
20522,21392.324,00000000
20523,21402.449,00000000
20524,21411.908,00000000
20525,21465.678,00000000
20526,21428.645,00000000
20527,21459.881,00000000
20528,21376.469,00000000
20529,21378.053,00000000
20530,21358.076,00000000
20531,21396.951,00000000
20532,21332.410,00000000
20533,21387.697,00000000
20534,21370.457,00000000
20535,21370.877,00000000
20536,21375.170,00000000
20537,21365.746,00000000
20538,21354.119,00000000
20539,21377.988,00000000
20540,21327.775,00000000
20541,21386.082,00000000
20542,21395.992,00000000
20543,21357.740,00000000
20544,21383.736,00000000
20545,21337.959,00000000
20546,21368.563,00000000
20547,21310.457,00000000
20548,21407.811,00000000
20549,21393.379,00000000
20550,21312.131,00000000
20551,21374.676,00000000
20552,21385.398,00000000
20553,21445.854,00000000
20554,21400.057,00000000
20555,21463.072,00000000
20556,21448.387,00000000
20557,21459.564,00000000
20558,21437.889,00000000
20559,21462.225,00000000
20560,21454.869,00000000
20561,21438.865,00000000
20562,21438.410,00000000
20563,21435.662,00000000
20564,21461.566,00000000
20565,21424.342,00000000
20566,21397.484,00000000
20567,21370.648,00000000
20568,21359.916,00000000
20569,21347.662,00000000
20570,21318.330,00000000
20571,21357.730,00000000
20572,21342.014,00000000
20573,21367.654,00000000
20574,21322.908,00000000
20575,21317.900,00000000
20576,21286.598,00000000
20577,21279.691,00000000
20578,21314.320,00000000
20579,21327.188,00000000
20580,21305.297,00000000
20581,21329.420,00000000
20582,21389.045,00000000
20583,21358.857,00000000
20584,21390.514,00000000
20585,21381.990,00000000
20586,21374.850,00000000
20587,21406.945,00000000
20588,21403.779,00000000
20589,21446.246,00000000
20590,21424.600,00000000
20591,21413.623,00000000
20592,21451.879,00000000
20593,21480.670,00000000
20594,21455.156,00000000
20595,21427.070,00000000
20596,21453.348,00000000
20597,21415.283,00000000
20598,21415.740,00000000
20599,21394.777,00000000
20600,21399.072,00000000
20601,21431.965,00000000
20602,21408.393,00000000
20603,21394.041,00000000
20604,21384.152,00000000
20605,21298.934,00000000
20606,21343.506,00000000
20607,21334.504,00000000
20608,21316.379,00000000
20609,21312.689,00000000
20610,21328.240,00000000
20611,21290.535,00000000
20612,21287.809,00000000
20613,21430.789,00000000
20614,21439.721,00000000
20615,21419.008,00000000
20616,21444.855,00000000
20617,21372.063,00000000
20618,21499.117,00000000
20619,21418.080,00000000
20620,21404.758,00000000
20621,21401.680,00000000
20622,21346.607,00000000
20623,21346.422,00000000
20624,21411.863,00000000
20625,21382.486,00000000
20626,21412.438,00000000
20627,21365.225,00000000
20628,21350.174,00000000
20629,21379.426,00000000
20630,21372.619,00000000
20631,21400.475,00000000
20632,21380.557,00000000
20633,21350.475,00000000
20634,21393.799,00000000
20635,21332.768,00000000
20636,21332.514,00000000
20637,21342.207,00000000
20638,21340.627,00000000
20639,21337.105,00000000
20640,21264.553,00000000
20641,21398.484,00000000
20642,21369.541,00000000
20643,21398.863,00000000
20644,21384.801,00000000
20645,21425.752,00000000
20646,21418.510,00000000
20647,21430.686,00000000
20648,21458.076,00000000
20649,21475.102,00000000
20650,21512.408,00000000
20651,21439.881,00000000
20652,21417.283,00000000
20653,21442.113,00000000
20654,21424.500,00000000
20655,21374.857,00000000
20656,21322.795,00000000
20657,21339.287,00000000
20658,21262.248,00000000
20659,21323.092,00000000
20660,21288.111,00000000
20661,21284.869,00000000
20662,21290.586,00000000
20663,21353.451,00000000
20664,21282.631,00000000
20665,21426.768,00000000
20666,21411.400,00000000
20667,21417.514,00000000
20668,21405.664,00000000
20669,21400.305,00000000
20670,21452.594,00000000
20671,21380.918,00000000
20672,21423.361,00000000
20673,21398.188,00000000
20674,21374.813,00000000
20675,21368.139,00000000
20676,21411.088,00000000
20677,21395.896,00000000
20678,21359.799,00000000
20679,21395.584,00000000
20680,21361.230,00000000
20681,21388.057,00000000
20682,21398.633,00000000
20683,21313.512,00000000
20684,21392.234,00000000
20685,21383.809,00000000
20686,21353.031,00000000
20687,21325.262,00000000
20688,21427.492,00000000
20689,21341.219,00000000
20690,21420.793,00000000
20691,21381.820,00000000
20692,21425.357,00000000
20693,21379.428,00000000
20694,21447.549,00000000
20695,21515.238,00000000
20696,21466.010,00000000
20697,21420.395,00000000
20698,21428.643,00000000
20699,21381.598,00000000
20700,21403.508,00000000
20701,21370.107,00000000
20702,21361.791,00000000
20703,21360.363,00000000
20704,21344.307,00000000
20705,21370.734,00000000
20706,21292.854,00000000
20707,21266.857,00000000
20708,21258.896,00000000
20709,21264.844,00000000
20710,21318.951,00000000
20711,21295.510,00000000
20712,21343.691,00000000
20713,21301.484,00000000
20714,21309.691,00000000
20715,21355.650,00000000
20716,21323.129,00000000
20717,21324.488,00000000
20718,21342.240,00000000
20719,21279.580,00000000
20720,21328.871,00000000
20721,21323.750,00000000
20722,21388.512,00000000
20723,21437.041,00000000
20724,21397.750,00000000
20725,21393.285,00000000
20726,21423.410,00000000
20727,21476.723,00000000
20728,21420.484,00000000
20729,21468.930,00000000
20730,21435.617,00000000
20731,21412.271,00000000
20732,21510.236,00000000
20733,21438.574,00000000
20734,21375.631,00000000
20735,21365.322,00000000
20736,21370.609,00000000
20737,21377.742,00000000
20738,21357.156,00000000
20739,21364.723,00000000
20740,21296.617,00000000
20741,21305.855,00000000
20742,21453.418,00000000
20743,21345.719,00000000
20744,21404.254,00000000
20745,21395.313,00000000
20746,21416.498,00000000
20747,21442.617,00000000
20748,21441.414,00000000
20749,21427.436,00000000
20750,21413.922,00000000
20751,21442.678,00000000
20752,21452.018,00000000
20753,21501.633,00000000
20754,21440.115,00000000
20755,21388.197,00000000
20756,21417.807,00000000
20757,21402.137,00000000
20758,21373.664,00000000
20759,21377.393,00000000
20760,21353.479,00000000
20761,21379.238,00000000
20762,21388.619,00000000
20763,21390.842,00000000
20764,21355.480,00000000
20765,21308.355,00000000
20766,21349.121,00000000
20767,21379.604,00000000
20768,21342.342,00000000
20769,21366.313,00000000
20770,21278.520,00000000
20771,21343.320,00000000
20772,21351.121,00000000
20773,21341.311,00000000
20774,21320.441,00000000
20775,21432.396,00000000
20776,21374.453,00000000
20777,21418.631,00000000
20778,21145.166,00000000
20779,21390.609,00000000
20780,21462.928,00000000
20781,21437.803,00000000
20782,21480.602,00000000
20783,21506.660,00000000
20784,21457.836,00000000
20785,21533.207,00000000
20786,21494.721,00000000
20787,21487.000,00000000
20788,21440.033,00000000
20789,21460.467,00000000
20790,21448.906,00000000
20791,21425.203,00000000
20792,21406.820,00000000
20793,21429.537,00000000
20794,21360.799,00000000
20795,21318.176,00000000
20796,21399.721,00000000
20797,21308.342,00000000
20798,21262.879,00000000
20799,21324.418,00000000
20800,21343.654,00000000
20801,21282.258,00000000
20802,21241.080,00000000
20803,21290.283,00000000
20804,21347.105,00000000
20805,21303.219,00000000
20806,21327.852,00000000
20807,21297.203,00000000
20808,21317.803,00000000
20809,21353.732,00000000
20810,21285.939,00000000
20811,21342.615,00000000
20812,21363.254,00000000
20813,21399.314,00000000
20814,21324.908,00000000
20815,21428.053,00000000
20816,21368.555,00000000
20817,21405.813,00000000
20818,21371.516,00000000
20819,21487.434,00000000
20820,21438.826,00000000
20821,21380.961,00000000
20822,21418.209,00000000
20823,21403.725,00000000
20824,21468.881,00000000
20825,21413.736,00000000
20826,21356.494,00000000
20827,21341.131,00000000
20828,21404.426,00000000
20829,21366.301,00000000
20830,21347.541,00000000
20831,21367.293,00000000
20832,21318.551,00000000
20833,21314.539,00000000
20834,21362.521,00000000
20835,21376.998,00000000
20836,19681.914,00000000
20837,15016.158,00000000
20838,13275.343,00000000
20839,12644.491,00000000
20840,12413.700,00000000
20841,12312.229,00000000
20842,12249.223,00000000
20843,12270.821,00000000
20844,12256.194,00000000
20845,12237.229,00000000
20846,12263.878,00000000
20847,12257.063,00000000
20848,12253.173,00000000
20849,12284.137,00000000
20850,12273.865,00000000
20851,12255.996,00000000
20852,12259.294,00000000
20853,12273.091,00000000
20854,12272.433,00000000
20855,12250.718,00000000
20856,12247.172,00000000
20857,12248.279,00000000
20858,12238.259,00000000
20859,12270.741,00000000
20860,12276.086,00000000
20861,12249.291,00000000
20862,12244.830,00000000
20863,12284.130,00000000
20864,12297.782,00000000
20865,12288.463,00000000
20866,12290.771,00000000
20867,12264.914,00000000
20868,12279.556,00000000
20869,12276.087,00000000
20870,12268.526,00000000
20871,12259.772,00000000
20872,12273.786,00000000
20873,12275.532,00000000
20874,12265.771,00000000
20875,12307.771,00000000
20876,12295.691,00000000
20877,12252.155,00000000
20878,12267.118,00000000
20879,12284.568,00000000
20880,12292.289,00000000
20881,12257.702,00000000
20882,12273.173,00000000
20883,12271.051,00000000
20884,12253.212,00000000
20885,12278.563,00000000
20886,12278.535,00000000
20887,12283.555,00000000
20888,12261.225,00000000
20889,12268.947,00000000
20890,12291.928,00000000
20891,12282.966,00000000
20892,12266.141,00000000
20893,12245.885,00000000
20894,12272.905,00000000
20895,12302.930,00000000
20896,12298.313,00000000
20897,12280.284,00000000
20898,12296.666,00000000
20899,12273.361,00000000
20900,12268.683,00000000
20901,12266.755,00000000
20902,12288.012,00000000
20903,12259.674,00000000
20904,12285.264,00000000
20905,12286.402,00000000
20906,12261.259,00000000
20907,12273.304,00000000
20908,12227.637,00000000
20909,12265.697,00000000
20910,12281.469,00000000
20911,12297.354,00000000
20912,12275.890,00000000
20913,12307.516,00000000
20914,12293.282,00000000
20915,12292.846,00000000
20916,12291.318,00000000
20917,12273.329,00000000
20918,12287.172,00000000
20919,12258.102,00000000
20920,12251.146,00000000
20921,12294.919,00000000
20922,12268.986,00000000
20923,12265.158,00000000
20924,12238.555,00000000
20925,12276.133,00000000
20926,12287.948,00000000
20927,12279.599,00000000
20928,12248.937,00000000
20929,12279.619,00000000
20930,12287.826,00000000
20931,12280.514,00000000
20932,12290.707,00000000
20933,12262.934,00000000
20934,12274.414,00000000
20935,12287.820,00000000
20936,12261.950,00000000
20937,12287.683,00000000
20938,12302.601,00000000
20939,12260.790,00000000
20940,12258.091,00000000
20941,12293.466,00000000
20942,12277.221,00000000
20943,12250.811,00000000
20944,12297.996,00000000
20945,12282.765,00000000
20946,12281.596,00000000
20947,12273.084,00000000
20948,12267.996,00000000
20949,12293.570,00000000
20950,12265.738,00000000
20951,12305.271,00000000
20952,12291.792,00000000
20953,12293.331,00000000
20954,12312.295,00000000
20955,12285.515,00000000
20956,12296.732,00000000
20957,12267.080,00000000
20958,12269.548,00000000
20959,12324.548,00000000
20960,12303.805,00000000
20961,12317.234,00000000
20962,12288.630,00000000
20963,12287.069,00000000
20964,12294.023,00000000
20965,12309.903,00000000
20966,12316.407,00000000
20967,12266.614,00000000
20968,12289.550,00000000
20969,12285.498,00000000
20970,12279.341,00000000
20971,12301.029,00000000
20972,12289.748,00000000
20973,12303.868,00000000
20974,12310.039,00000000
20975,12252.590,00000000
20976,12271.970,00000000
20977,12314.572,00000000
20978,12313.165,00000000
20979,12286.066,00000000
20980,12313.349,00000000
20981,12307.288,00000000
20982,12306.099,00000000
20983,12340.488,00000000
20984,12320.853,00000000
20985,12301.715,00000000
20986,12311.305,00000000
20987,12325.168,00000000
20988,12349.457,00000000
20989,12330.395,00000000
20990,12339.633,00000000
20991,12332.098,00000000
20992,12319.964,00000000
20993,12315.750,00000000
20994,12320.543,00000000
20995,12272.424,00000000
20996,12315.944,00000000
20997,12324.951,00000000
20998,12316.169,00000000
20999,12303.050,00000000
21000,12330.340,00000000
21001,12317.659,00000000
21002,12299.099,00000000
21003,12336.024,00000000
21004,12315.297,00000000
21005,12330.499,00000000
21006,12322.983,00000000
21007,12323.095,00000000
21008,12320.311,00000000
21009,12282.413,00000000
21010,12287.704,00000000
21011,12307.467,00000000
21012,12309.478,00000000
21013,12302.081,00000000
21014,12305.309,00000000
21015,12307.937,00000000
21016,12269.957,00000000
21017,12296.719,00000000
21018,12299.695,00000000
21019,12297.853,00000000
21020,12304.470,00000000
21021,12289.340,00000000
21022,12302.074,00000000
21023,12309.650,00000000
21024,12287.447,00000000
21025,12317.029,00000000
21026,12276.987,00000000
21027,12306.560,00000000
21028,12291.070,00000000
21029,12314.388,00000000
21030,12304.940,00000000
21031,12288.025,00000000
21032,12274.105,00000000
21033,12313.213,00000000
21034,12308.810,00000000
21035,12288.147,00000000
21036,12329.448,00000000
21037,12289.346,00000000
21038,12325.795,00000000
21039,12297.762,00000000
21040,12295.730,00000000
21041,12287.739,00000000
21042,12278.975,00000000
21043,12288.581,00000000
21044,12286.033,00000000
21045,12294.494,00000000
21046,12292.571,00000000
21047,12271.837,00000000
21048,12264.398,00000000
21049,12287.716,00000000
21050,12278.709,00000000
21051,12273.122,00000000
21052,12261.753,00000000
21053,12275.397,00000000
21054,12262.982,00000000
21055,12275.058,00000000
21056,12262.350,00000000
21057,12249.741,00000000
21058,12292.171,00000000
21059,12267.692,00000000
21060,12297.384,00000000
21061,12296.653,00000000
21062,12278.788,00000000
21063,12256.544,00000000
21064,12279.174,00000000
21065,12267.544,00000000
21066,12286.764,00000000
21067,12281.588,00000000
21068,12276.052,00000000
21069,12281.534,00000000
21070,12293.834,00000000
21071,12276.000,00000000
21072,12245.278,00000000
21073,12258.110,00000000
21074,12278.673,00000000
21075,12263.406,00000000
21076,12272.826,00000000
21077,12275.956,00000000
21078,12277.482,00000000
21079,12286.455,00000000
21080,12258.312,00000000
21081,12257.610,00000000
21082,12273.028,00000000
21083,12253.358,00000000
21084,12275.873,00000000
21085,12261.325,00000000
21086,12268.229,00000000
21087,12262.593,00000000
21088,12244.310,00000000
21089,12272.486,00000000
21090,12268.055,00000000
21091,12252.631,00000000
21092,12250.144,00000000
21093,12227.669,00000000
21094,12282.707,00000000
21095,12254.604,00000000
21096,12279.222,00000000
21097,12281.646,00000000
21098,12260.316,00000000
21099,12277.053,00000000
21100,12293.752,00000000
21101,12247.148,00000000
21102,12301.428,00000000
21103,12251.165,00000000
21104,12271.039,00000000
21105,12290.206,00000000
21106,12267.427,00000000
21107,12260.954,00000000
21108,12268.409,00000000
21109,12269.618,00000000
21110,12268.362,00000000
21111,12274.578,00000000
21112,12268.717,00000000
21113,12262.756,00000000
21114,12285.904,00000000
21115,12288.894,00000000
21116,12253.069,00000000
21117,12268.256,00000000
21118,12272.283,00000000
21119,12252.801,00000000
21120,12270.657,00000000
21121,12242.471,00000000
21122,12280.806,00000000
21123,12276.933,00000000
21124,12260.246,00000000
21125,12264.382,00000000
21126,12291.771,00000000
21127,12275.274,00000000
21128,12293.548,00000000
21129,12302.342,00000000
21130,12266.970,00000000
21131,12275.319,00000000
21132,12220.840,00000000
21133,12285.055,00000000
21134,12254.808,00000000
21135,12268.276,00000000
21136,12274.237,00000000
21137,12242.710,00000000
21138,12247.617,00000000
21139,12236.528,00000000
21140,12253.954,00000000
21141,12258.728,00000000
21142,12270.809,00000000
21143,12268.391,00000000
21144,12237.611,00000000
21145,12257.823,00000000
21146,12260.302,00000000
21147,12227.722,00000000
21148,12249.416,00000000
21149,12243.800,00000000
21150,12261.155,00000000
21151,12288.881,00000000
21152,12250.786,00000000
21153,12261.521,00000000
21154,12248.558,00000000
21155,12279.823,00000000
21156,12250.150,00000000
21157,12253.881,00000000
21158,12272.267,00000000
21159,12252.898,00000000
21160,12239.957,00000000
21161,12293.621,00000000
21162,12275.645,00000000
21163,12305.429,00000000
21164,12290.571,00000000
21165,12248.983,00000000
21166,12276.794,00000000
21167,12283.036,00000000
21168,12256.907,00000000
21169,12268.892,00000000
21170,12267.091,00000000
21171,12293.774,00000000
21172,12258.759,00000000
21173,12264.735,00000000
21174,12259.515,00000000
21175,12260.297,00000000
21176,12289.679,00000000
21177,12261.663,00000000
21178,12242.468,00000000
21179,12253.526,00000000
21180,12256.368,00000000
21181,12269.793,00000000
21182,12242.496,00000000
21183,12263.792,00000000
21184,12266.839,00000000
21185,12251.821,00000000
21186,12252.474,00000000
21187,12249.638,00000000
21188,12268.612,00000000
21189,12282.222,00000000
21190,12267.791,00000000
21191,12213.826,00000000
21192,12241.236,00000000
21193,12270.266,00000000
21194,12259.557,00000000
21195,12240.584,00000000
21196,12283.676,00000000
21197,12281.845,00000000
21198,12256.516,00000000
21199,12265.178,00000000
21200,12241.209,00000000
21201,12272.344,00000000
21202,12275.437,00000000
21203,12246.326,00000000
21204,12264.498,00000000
21205,12264.434,00000000
21206,12231.547,00000000
21207,12255.042,00000000
21208,12233.971,00000000
21209,12255.396,00000000
21210,12263.902,00000000
21211,12252.355,00000000
21212,12279.528,00000000
21213,12257.293,00000000
21214,12257.414,00000000
21215,12257.097,00000000
21216,12255.267,00000000
21217,12289.814,00000000
21218,12249.677,00000000
21219,12249.455,00000000
21220,12231.767,00000000
21221,12253.850,00000000
21222,12275.906,00000000
21223,12279.622,00000000
21224,12251.092,00000000
21225,12264.697,00000000
21226,12242.178,00000000
21227,12276.488,00000000
21228,12281.178,00000000
21229,12248.885,00000000
21230,12294.613,00000000
21231,12240.977,00000000
21232,12253.199,00000000
21233,12262.229,00000000
21234,12217.629,00000000
21235,12256.229,00000000
21236,12238.470,00000000
21237,12241.268,00000000
21238,12292.841,00000000
21239,12251.185,00000000
21240,12266.373,00000000
21241,12251.406,00000000
21242,12244.776,00000000
21243,12250.646,00000000
21244,12261.994,00000000
21245,12256.726,00000000
21246,12252.640,00000000
21247,12249.415,00000000
21248,12274.885,00000000
21249,12274.381,00000000
21250,12117.051,00000000
21251,12230.416,00000000
21252,12253.087,00000000
21253,12276.593,00000000
21254,12279.518,00000000
21255,12276.765,00000000
21256,12248.294,00000000
21257,12264.346,00000000
21258,12256.261,00000000
21259,12275.913,00000000
21260,12264.108,00000000
21261,12268.392,00000000
21262,12235.427,00000000
21263,12259.316,00000000
21264,12263.274,00000000
21265,12263.175,00000000
21266,12251.378,00000000
21267,12255.769,00000000
21268,12253.769,00000000
21269,12286.188,00000000
21270,12247.924,00000000
21271,12240.566,00000000
21272,12242.813,00000000
21273,12274.108,00000000
21274,12270.494,00000000
21275,12251.599,00000000
21276,12280.099,00000000
21277,12246.227,00000000
21278,12255.979,00000000
21279,12261.028,00000000
21280,12245.216,00000000
21281,12267.006,00000000
21282,12221.660,00000000
21283,12271.077,00000000
21284,12298.716,00000000
21285,12313.245,00000000
21286,12263.635,00000000
21287,12262.409,00000000
21288,12260.033,00000000
21289,12253.738,00000000
21290,12258.590,00000000
21291,12260.002,00000000
21292,12239.665,00000000
21293,12240.537,00000000
21294,12275.291,00000000
21295,12250.906,00000000
21296,12249.917,00000000
21297,12258.527,00000000
21298,12545.911,00000000
21299,12346.416,00000000
21300,12292.481,00000000
21301,12279.753,00000000
21302,12240.298,00000000
21303,12231.105,00000000
21304,12261.335,00000000
21305,12241.416,00000000
21306,12231.842,00000000
21307,12277.188,00000000
21308,12252.668,00000000
21309,12235.087,00000000
21310,12236.023,00000000
21311,12262.478,00000000
21312,12262.621,00000000
21313,12219.417,00000000
21314,12265.192,00000000
21315,12242.626,00000000
21316,12260.973,00000000
21317,12276.053,00000000
21318,12230.311,00000000
21319,12246.252,00000000
21320,12259.900,00000000
21321,12220.885,00000000
21322,12254.310,00000000
21323,12213.596,00000000
21324,12233.068,00000000
21325,12260.062,00000000
21326,12258.584,00000000
21327,12279.183,00000000
21328,12243.188,00000000
21329,12247.143,00000000
21330,12292.602,00000000
21331,12259.640,00000000
21332,12275.718,00000000
21333,12262.345,00000000
21334,12269.567,00000000
21335,12298.949,00000000
21336,12274.817,00000000
21337,12276.886,00000000
21338,12284.645,00000000
21339,12285.172,00000000
21340,12281.762,00000000
21341,12300.296,00000000
21342,12262.188,00000000
21343,12278.602,00000000
21344,12284.679,00000000
21345,12278.012,00000000
21346,12288.877,00000000
21347,12277.578,00000000
21348,12268.763,00000000
21349,12297.516,00000000
21350,12293.864,00000000
21351,12296.687,00000000
21352,12297.489,00000000
21353,12273.657,00000000
21354,12271.530,00000000
21355,12281.176,00000000
21356,12287.111,00000000
21357,12287.515,00000000
21358,12271.267,00000000
21359,12266.860,00000000
21360,12310.885,00000000
21361,12309.422,00000000
21362,12293.584,00000000
21363,12282.446,00000000
21364,12306.703,00000000
21365,12303.922,00000000
21366,12274.793,00000000
21367,12285.261,00000000
21368,12276.796,00000000
21369,12281.868,00000000
21370,12255.204,00000000
21371,12287.971,00000000
21372,12300.886,00000000
21373,12292.796,00000000
21374,12280.110,00000000
21375,12290.754,00000000
21376,12273.857,00000000
21377,12286.745,00000000
21378,12290.668,00000000
21379,12309.562,00000000
21380,12285.908,00000000
21381,12297.188,00000000
21382,12282.045,00000000
21383,12295.834,00000000
21384,12293.753,00000000
21385,12297.031,00000000
21386,12281.614,00000000
21387,12287.699,00000000
21388,12293.982,00000000
21389,12291.344,00000000
21390,12256.171,00000000
21391,12290.378,00000000
21392,12275.662,00000000
21393,12263.479,00000000
21394,12306.342,00000000
21395,12268.287,00000000
21396,12284.437,00000000
21397,12284.950,00000000
21398,12294.933,00000000
21399,12283.602,00000000
21400,12266.302,00000000
21401,12282.530,00000000
21402,12303.408,00000000
21403,12288.509,00000000
21404,12282.478,00000000
21405,12255.776,00000000
21406,12270.844,00000000
21407,12241.842,00000000
21408,12256.330,00000000
21409,12280.309,00000000
21410,12262.141,00000000
21411,12257.678,00000000
21412,12286.228,00000000
21413,12266.103,00000000
21414,12273.726,00000000
21415,12275.466,00000000
21416,12273.457,00000000
21417,12272.541,00000000
21418,12260.764,00000000
21419,12263.646,00000000
21420,12245.362,00000000
21421,12256.771,00000000
21422,12274.136,00000000
21423,12292.092,00000000
21424,12282.760,00000000
21425,12271.598,00000000
21426,12278.922,00000000
21427,12293.374,00000000
21428,12278.047,00000000
21429,12272.463,00000000
21430,12276.438,00000000
21431,12269.729,00000000
21432,12268.683,00000000
21433,12633.279,00000000
21434,12384.095,00000000
21435,12599.406,00000000
21436,12849.715,00000000
21437,12522.803,00000000
21438,12774.264,00000000
21439,12460.422,00000000
21440,12660.227,00000000
21441,12402.940,00000000
21442,12579.595,00000000
21443,12883.108,00000000
21444,12516.043,00000000
21445,12738.922,00000000
21446,12420.522,00000000
21447,12674.833,00000000
21448,12424.077,00000000
21449,12562.313,00000000
21450,12848.143,00000000
21451,12472.591,00000000
21452,12742.311,00000000
21453,13435.277,00000000
21454,14271.525,00000000
21455,14574.135,00000000
21456,14630.909,00000000
21457,15077.390,00000000
21458,15693.040,00000000
21459,17344.480,00000000
21460,19160.252,00000000
21461,20412.113,00000000
21462,21273.637,00000000
21463,21458.541,00000000
21464,21411.102,00000000
21465,21319.191,00000000
21466,21122.227,00000000
21467,21225.697,00000000
21468,21268.113,00000000
21469,21253.365,00000000
21470,21375.535,00000000
21471,21370.713,00000000
21472,21089.998,00000000
21473,21281.408,00000000
21474,21381.402,00000000
21475,21235.449,00000000
21476,21241.096,00000000
21477,21374.113,00000000
21478,21308.564,00000000
21479,21289.498,00000000
21480,21269.320,00000000
21481,21169.971,00000000
21482,21312.811,00000000
21483,21371.053,00000000
21484,21286.180,00000000
21485,21234.473,00000000
21486,21290.621,00000000
21487,21405.580,00000000
21488,21090.348,00000000
21489,21305.344,00000000
21490,21372.096,00000000
21491,21154.229,00000000
21492,21212.646,00000000
21493,21290.225,00000000
21494,21393.406,00000000
21495,21158.162,00000000
21496,21302.566,00000000
21497,21408.705,00000000
21498,21084.303,00000000
21499,21134.379,00000000
21500,21300.258,00000000
21501,21318.221,00000000
21502,21144.775,00000000
21503,21162.418,00000000
21504,21291.631,00000000
21505,21254.775,00000000
21506,21161.496,00000000
21507,21163.125,00000000
21508,21279.002,00000000
21509,21234.111,00000000
21510,21244.389,00000000
21511,21033.795,00000000
21512,21279.463,00000000
21513,21409.287,00000000
21514,21132.693,00000000
21515,21188.533,00000000
21516,21329.492,00000000
21517,21370.791,00000000
21518,21153.031,00000000
21519,21328.477,00000000
21520,21433.506,00000000
21521,21132.914,00000000
21522,21267.307,00000000
21523,21393.461,00000000
21524,21212.189,00000000
21525,21129.037,00000000
21526,21299.420,00000000
21527,21358.453,00000000
21528,21236.738,00000000
21529,21294.313,00000000
21530,21412.354,00000000
21531,21125.127,00000000
21532,21132.008,00000000
21533,21244.494,00000000
21534,21367.830,00000000
21535,21158.162,00000000
21536,21200.965,00000000
21537,21342.047,00000000
21538,21228.967,00000000
21539,21115.887,00000000
21540,21248.979,00000000
21541,21234.570,00000000
21542,21282.223,00000000
21543,21276.773,00000000
21544,21128.252,00000000
21545,21246.895,00000000
21546,21321.953,00000000
21547,21290.467,00000000
21548,21137.174,00000000
21549,21288.941,00000000
21550,21248.047,00000000
21551,21298.572,00000000
21552,21312.586,00000000
21553,21045.432,00000000
21554,21075.508,00000000
21555,21230.459,00000000
21556,21048.666,00000000
21557,21267.195,00000000
21558,21349.750,00000000
21559,21267.504,00000000
21560,21374.863,00000000
21561,21378.641,00000000
21562,21295.170,00000000
21563,21375.799,00000000
21564,21153.939,00000000
21565,21260.580,00000000
21566,21366.854,00000000
21567,21096.018,00000000
21568,21115.838,00000000
21569,21245.754,00000000
21570,20972.084,00000000
21571,21160.982,00000000
21572,21169.643,00000000
21573,21121.268,00000000
21574,21240.568,00000000
21575,21024.340,00000000
21576,21212.424,00000000
21577,21247.369,00000000
21578,21150.904,00000000
21579,21226.908,00000000
21580,21379.740,00000000
21581,21283.098,00000000
21582,21313.650,00000000
21583,21253.625,00000000
21584,21238.957,00000000
21585,21312.693,00000000
21586,21265.814,00000000
21587,21231.627,00000000
21588,21120.912,00000000
21589,21073.641,00000000
21590,21170.855,00000000
21591,20996.695,00000000
21592,21035.135,00000000
21593,21163.416,00000000
21594,20965.473,00000000
21595,21094.143,00000000
21596,21067.775,00000000
21597,21136.730,00000000
21598,21279.988,00000000
21599,21183.727,00000000
21600,21338.947,00000000
21601,21431.982,00000000
21602,21219.148,00000000
21603,21253.611,00000000
21604,21369.012,00000000
21605,21144.018,00000000
21606,21247.723,00000000
21607,21034.217,00000000
21608,21081.324,00000000
21609,21313.301,00000000
21610,21022.373,00000000
21611,21130.564,00000000
21612,21231.438,00000000
21613,20990.363,00000000
21614,21183.918,00000000
21615,21205.313,00000000
21616,21221.002,00000000
21617,21369.881,00000000
21618,21255.979,00000000
21619,21105.387,00000000
21620,21187.820,00000000
21621,21014.107,00000000
21622,21109.385,00000000
21623,21199.381,00000000
21624,21037.334,00000000
21625,21128.480,00000000
21626,21079.586,00000000
21627,21171.781,00000000
21628,21188.707,00000000
21629,21080.535,00000000
21630,21163.883,00000000
21631,21154.014,00000000
21632,21299.014,00000000
21633,21351.846,00000000
21634,21251.996,00000000
21635,21322.184,00000000
21636,21383.859,00000000
21637,21321.320,00000000
21638,21386.451,00000000
21639,21361.439,00000000
21640,21293.086,00000000
21641,21346.168,00000000
21642,21126.840,00000000
21643,21182.391,00000000
21644,21327.047,00000000
21645,21167.992,00000000
21646,21300.727,00000000
21647,21134.459,00000000
21648,21193.639,00000000
21649,21321.936,00000000
21650,21119.736,00000000
21651,21169.689,00000000
21652,21223.896,00000000
21653,20999.566,00000000
21654,21207.525,00000000
21655,20941.008,00000000
21656,20999.445,00000000
21657,21202.594,00000000
21658,20972.242,00000000
21659,21191.926,00000000
21660,21249.115,00000000
21661,21143.281,00000000
21662,21266.639,00000000
21663,21201.305,00000000
21664,21259.207,00000000
21665,21360.223,00000000
21666,21285.207,00000000
21667,21260.939,00000000
21668,21241.551,00000000
21669,21146.691,00000000
21670,21188.789,00000000
21671,21022.967,00000000
21672,21133.654,00000000
21673,21179.777,00000000
21674,21048.352,00000000
21675,21137.854,00000000
21676,21151.473,00000000
21677,21228.680,00000000
21678,21360.281,00000000
21679,21410.502,00000000
21680,21329.201,00000000
21681,21388.830,00000000
21682,21233.920,00000000
21683,21277.932,00000000
21684,21392.896,00000000
21685,21193.633,00000000
21686,21279.111,00000000
21687,21066.727,00000000
21688,21135.205,00000000
21689,21267.885,00000000
21690,20970.408,00000000
21691,21078.891,00000000
21692,21268.980,00000000
21693,20968.555,00000000
21694,21121.383,00000000
21695,20989.855,00000000
21696,21033.377,00000000
21697,21219.600,00000000
21698,21081.148,00000000
21699,21204.223,00000000
21700,21374.484,00000000
21701,21215.396,00000000
21702,21292.803,00000000
21703,21340.629,00000000
21704,21272.199,00000000
21705,21288.666,00000000
21706,21276.504,00000000
21707,21233.525,00000000
21708,21323.447,00000000
21709,21207.209,00000000
21710,21118.281,00000000
21711,21163.920,00000000
21712,21056.109,00000000
21713,21171.500,00000000
21714,20986.846,00000000
21715,21070.723,00000000
21716,21212.813,00000000
21717,21032.641,00000000
21718,21110.813,00000000
21719,20999.096,00000000
21720,21153.205,00000000
21721,21212.252,00000000
21722,21073.430,00000000
21723,21246.047,00000000
21724,21296.420,00000000
21725,21256.053,00000000
21726,21365.270,00000000
21727,21252.158,00000000
21728,21205.078,00000000
21729,21270.066,00000000
21730,21073.738,00000000
21731,21111.135,00000000
21732,21270.604,00000000
21733,21122.162,00000000
21734,21306.189,00000000
21735,21408.160,00000000
21736,21213.885,00000000
21737,21336.006,00000000
21738,21348.922,00000000
21739,21261.770,00000000
21740,21361.869,00000000
21741,21174.947,00000000
21742,21060.533,00000000
21743,21236.928,00000000
21744,20998.369,00000000
21745,21079.471,00000000
21746,21244.350,00000000
21747,21247.209,00000000
21748,21183.994,00000000
21749,21265.137,00000000
21750,21204.428,00000000
21751,21184.391,00000000
21752,21071.969,00000000
21753,20998.920,00000000
21754,21107.287,00000000
21755,20972.541,00000000
21756,21138.861,00000000
21757,21178.666,00000000
21758,21012.984,00000000
21759,21235.270,00000000
21760,21143.867,00000000
21761,21261.639,00000000
21762,21347.084,00000000
21763,21207.723,00000000
21764,21290.945,00000000
21765,21401.977,00000000
21766,21157.289,00000000
21767,21331.363,00000000
21768,21183.215,00000000
21769,20994.332,00000000
21770,21184.463,00000000
21771,20925.158,00000000
21772,21143.129,00000000
21773,21241.684,00000000
21774,21139.033,00000000
21775,21317.920,00000000
21776,21411.020,00000000
21777,21163.637,00000000
21778,21151.863,00000000
21779,21238.100,00000000
21780,20915.449,00000000
21781,21119.957,00000000
21782,21021.471,00000000
21783,20986.701,00000000
21784,21119.596,00000000
21785,21036.074,00000000
21786,21162.064,00000000
21787,21218.031,00000000
21788,21228.889,00000000
21789,21234.723,00000000
21790,21291.328,00000000
21791,21270.387,00000000
21792,21260.301,00000000
21793,21163.008,00000000
21794,21199.234,00000000
21795,21242.902,00000000
21796,21074.148,00000000
21797,21144.791,00000000
21798,21153.170,00000000
21799,21082.957,00000000
21800,21213.014,00000000
21801,21171.408,00000000
21802,21325.693,00000000
21803,21383.859,00000000
21804,21189.186,00000000
21805,21245.793,00000000
21806,21338.531,00000000
21807,21102.004,00000000
21808,21174.232,00000000
21809,21251.732,00000000
21810,21036.645,00000000
21811,21262.842,00000000
21812,21049.006,00000000
21813,21256.873,00000000
21814,21319.832,00000000
21815,21283.352,00000000
21816,21043.865,00000000
21817,21231.938,00000000
21818,20993.660,00000000
21819,21107.830,00000000
21820,21246.777,00000000
21821,20980.414,00000000
21822,21137.406,00000000
21823,21026.367,00000000
21824,20939.852,00000000
21825,21176.834,00000000
21826,20980.428,00000000
21827,21026.432,00000000
21828,21000.824,00000000
21829,20995.490,00000000
21830,21082.156,00000000
21831,20981.977,00000000
21832,21152.002,00000000
21833,21127.980,00000000
21834,21100.570,00000000
21835,21191.938,00000000
21836,21136.953,00000000
21837,21274.152,00000000
21838,21354.559,00000000
21839,21298.123,00000000
21840,21326.258,00000000
21841,21358.814,00000000
21842,21279.256,00000000
21843,21354.410,00000000
21844,21260.309,00000000
21845,21308.529,00000000
21846,21347.469,00000000
21847,21092.203,00000000
21848,21149.623,00000000
21849,21245.145,00000000
21850,21047.639,00000000
21851,21180.010,00000000
21852,21102.213,00000000
21853,21170.980,00000000
21854,21261.465,00000000
21855,20998.309,00000000
21856,21232.176,00000000
21857,21398.531,00000000
21858,21243.389,00000000
21859,21312.934,00000000
21860,21304.760,00000000
21861,21202.537,00000000
21862,21350.549,00000000
21863,21164.146,00000000
21864,21151.846,00000000
21865,21279.348,00000000
21866,21003.453,00000000
21867,21093.186,00000000
21868,21213.799,00000000
21869,21256.512,00000000
21870,21289.045,00000000
21871,21297.996,00000000
21872,21270.914,00000000
21873,21275.145,00000000
21874,21208.885,00000000
21875,21238.779,00000000
21876,21252.406,00000000
21877,21157.664,00000000
21878,21290.623,00000000
21879,21210.826,00000000
21880,21231.617,00000000
21881,21380.797,00000000
21882,21203.232,00000000
21883,21252.758,00000000
21884,21185.873,00000000
21885,21059.854,00000000
21886,21217.920,00000000
21887,20943.895,00000000
21888,21180.066,00000000
21889,21262.623,00000000
21890,20975.516,00000000
21891,21124.463,00000000
21892,20979.494,00000000
21893,21055.260,00000000
21894,21187.068,00000000
21895,21064.625,00000000
21896,21246.637,00000000
21897,21374.008,00000000
21898,21224.738,00000000
21899,21337.000,00000000
21900,21196.158,00000000
21901,21259.072,00000000
21902,21364.781,00000000
21903,21296.424,00000000
21904,21291.264,00000000
21905,21392.316,00000000
21906,21189.813,00000000
21907,21166.795,00000000
21908,21164.811,00000000
21909,20997.371,00000000
21910,21103.770,00000000
21911,21033.924,00000000
21912,21114.160,00000000
21913,21197.477,00000000
21914,21206.184,00000000
21915,21319.127,00000000
21916,21061.951,00000000
21917,21148.332,00000000
21918,21288.930,00000000
21919,21293.379,00000000
21920,21321.945,00000000
21921,21365.191,00000000
21922,21258.666,00000000
21923,21366.000,00000000
21924,21118.629,00000000
21925,21298.824,00000000
21926,21368.449,00000000
21927,21176.057,00000000
21928,21236.045,00000000
21929,21258.594,00000000
21930,21017.164,00000000
21931,21271.156,00000000
21932,21410.645,00000000
21933,21233.514,00000000
21934,21275.773,00000000
21935,21300.816,00000000
21936,21110.482,00000000
21937,21210.432,00000000
21938,20965.324,00000000
21939,21047.041,00000000
21940,21214.783,00000000
21941,21020.246,00000000
21942,21247.393,00000000
21943,21279.785,00000000
21944,21179.879,00000000
21945,21307.043,00000000
21946,21291.297,00000000
21947,21174.287,00000000
21948,21201.656,00000000
21949,21085.225,00000000
21950,21032.965,00000000
21951,21156.125,00000000
21952,21052.561,00000000
21953,21133.203,00000000
21954,21112.334,00000000
21955,21197.643,00000000
21956,21293.791,00000000
21957,21210.254,00000000
21958,21270.551,00000000
21959,21341.859,00000000
21960,21142.203,00000000
21961,21126.396,00000000
21962,21193.803,00000000
21963,20942.910,00000000
21964,21083.846,00000000
21965,20980.098,00000000
21966,21060.492,00000000
21967,21172.648,00000000
21968,20988.340,00000000
21969,21204.682,00000000
21970,21320.117,00000000
21971,21204.486,00000000
21972,21332.230,00000000
21973,21259.879,00000000
21974,21278.967,00000000
21975,21419.059,00000000
21976,21226.725,00000000
21977,21339.289,00000000
21978,21336.703,00000000
21979,21185.381,00000000
21980,21358.242,00000000
21981,21243.662,00000000
21982,21253.766,00000000
21983,21409.426,00000000
21984,21148.510,00000000
21985,21112.912,00000000
21986,21255.594,00000000
21987,21083.787,00000000
21988,21093.553,00000000
21989,20995.748,00000000
21990,21044.980,00000000
21991,21072.715,00000000
21992,21075.895,00000000
21993,21213.789,00000000
21994,21117.518,00000000
21995,21167.152,00000000
21996,21292.707,00000000
21997,21249.262,00000000
21998,21315.486,00000000
21999,21404.457,00000000
22000,21312.404,00000000
22001,21351.414,00000000
22002,21339.488,00000000
22003,21309.566,00000000
22004,21375.932,00000000
22005,21249.223,00000000
22006,21338.904,00000000
22007,21460.994,00000000
22008,21243.434,00000000
22009,21297.182,00000000
22010,21208.973,00000000
22011,21144.904,00000000
22012,21402.188,00000000
22013,21203.758,00000000
22014,21270.146,00000000
22015,21317.475,00000000
22016,21131.361,00000000
22017,21208.789,00000000
22018,20979.445,00000000
22019,21045.029,00000000
22020,21160.996,00000000
22021,21117.914,00000000
22022,21263.988,00000000
22023,21335.000,00000000
22024,21240.799,00000000
22025,21292.762,00000000
22026,21327.516,00000000
22027,21253.922,00000000
22028,21261.783,00000000
22029,21166.623,00000000
22030,21045.529,00000000
22031,21137.449,00000000
22032,21028.213,00000000
22033,21020.664,00000000
22034,20978.693,00000000
22035,21017.781,00000000
22036,21141.822,00000000
22037,21117.363,00000000
22038,21260.195,00000000
22039,21366.256,00000000
22040,21251.531,00000000
22041,21249.035,00000000
22042,21380.080,00000000
22043,21228.826,00000000
22044,21256.426,00000000
22045,21211.094,00000000
22046,21070.801,00000000
22047,21246.711,00000000
22048,21485.469,00000000
22049,21283.422,00000000
22050,21303.650,00000000
22051,21245.336,00000000
22052,21295.014,00000000
22053,21365.494,00000000
22054,21156.510,00000000
22055,21172.168,00000000
22056,21220.010,00000000
22057,21007.641,00000000
22058,21197.936,00000000
22059,20957.135,00000000
22060,21016.227,00000000
22061,21184.432,00000000
22062,20934.445,00000000
22063,21147.068,00000000
22064,21111.240,00000000
22065,20957.744,00000000
22066,21150.916,00000000
22067,21043.287,00000000
22068,21071.416,00000000
22069,21290.680,00000000
22070,21270.463,00000000
22071,21280.055,00000000
22072,21282.648,00000000
22073,21210.059,00000000
22074,21204.916,00000000
22075,21121.596,00000000
22076,21098.297,00000000
22077,21202.154,00000000
22078,20995.262,00000000
22079,21094.486,00000000
22080,21141.324,00000000
22081,20981.705,00000000
22082,21097.371,00000000
22083,20959.086,00000000
22084,21220.529,00000000
22085,21258.816,00000000
22086,21035.049,00000000
22087,21226.033,00000000
22088,21139.730,00000000
22089,21271.889,00000000
22090,21436.318,00000000
22091,21208.572,00000000
22092,21366.332,00000000
22093,21453.889,00000000
22094,21260.588,00000000
22095,21425.764,00000000
22096,21214.539,00000000
22097,21361.102,00000000
22098,21459.287,00000000
22099,21273.807,00000000
22100,21310.100,00000000
22101,21410.303,00000000
22102,21115.234,00000000
22103,21227.246,00000000
22104,21108.064,00000000
22105,20983.709,00000000
22106,21214.188,00000000
22107,20959.443,00000000
22108,21074.063,00000000
22109,21205.672,00000000
22110,21214.877,00000000
22111,21267.813,00000000
22112,21265.482,00000000
22113,21315.223,00000000
22114,21365.082,00000000
22115,21289.529,00000000
22116,21342.105,00000000
22117,21265.693,00000000
22118,21289.936,00000000
22119,21303.240,00000000
22120,21149.373,00000000
22121,21156.303,00000000
22122,21218.291,00000000
22123,21042.201,00000000
22124,21225.555,00000000
22125,21308.742,00000000
22126,21210.088,00000000
22127,21335.715,00000000
22128,21403.891,00000000
22129,21313.004,00000000
22130,21357.926,00000000
22131,21350.650,00000000
22132,21045.287,00000000
22133,21202.313,00000000
22134,20973.420,00000000
22135,21115.225,00000000
22136,21239.184,00000000
22137,21054.320,00000000
22138,21292.461,00000000
22139,21291.971,00000000
22140,21206.146,00000000
22141,21341.344,00000000
22142,21248.141,00000000
22143,21141.088,00000000
22144,21293.807,00000000
22145,21035.188,00000000
22146,20966.367,00000000
22147,21156.682,00000000
22148,21008.869,00000000
22149,21187.814,00000000
22150,21323.135,00000000
22151,21279.293,00000000
22152,21294.082,00000000
22153,21244.309,00000000
22154,21230.359,00000000
22155,21270.223,00000000
22156,21140.588,00000000
22157,21208.529,00000000
22158,21252.678,00000000
22159,21075.408,00000000
22160,21155.494,00000000
22161,21143.654,00000000
22162,21099.484,00000000
22163,21184.264,00000000
22164,21047.104,00000000
22165,21222.914,00000000
22166,21283.445,00000000
22167,21188.678,00000000
22168,21210.709,00000000
22169,20993.900,00000000
22170,21225.023,00000000
22171,21311.977,00000000
22172,21188.654,00000000
22173,21327.824,00000000
22174,21403.229,00000000
22175,21283.447,00000000
22176,21390.059,00000000
22177,21250.629,00000000
22178,21206.955,00000000
22179,21297.420,00000000
22180,20998.967,00000000
22181,21081.475,00000000
22182,21211.510,00000000
22183,21109.207,00000000
22184,21179.289,00000000
22185,21364.373,00000000
22186,21206.301,00000000
22187,21102.510,00000000
22188,21259.057,00000000
22189,21023.127,00000000
22190,21029.762,00000000
22191,21063.830,00000000
22192,21099.480,00000000
22193,21125.594,00000000
22194,21064.969,00000000
22195,21286.781,00000000
22196,21291.441,00000000
22197,21289.365,00000000
22198,21278.543,00000000
22199,21378.611,00000000
22200,21070.518,00000000
22201,21120.139,00000000
22202,20997.213,00000000
22203,21166.840,00000000
22204,21289.545,00000000
22205,21164.895,00000000
22206,21328.447,00000000
22207,21423.188,00000000
22208,21294.693,00000000
22209,21261.549,00000000
22210,21371.131,00000000
22211,21070.416,00000000
22212,21155.432,00000000
22213,21218.910,00000000
22214,21061.820,00000000
22215,21280.129,00000000
22216,21346.740,00000000
22217,21255.668,00000000
22218,21384.627,00000000
22219,21152.645,00000000
22220,21342.451,00000000
22221,21437.141,00000000
22222,21260.023,00000000
22223,21379.109,00000000
22224,21133.355,00000000
22225,21273.063,00000000
22226,21387.105,00000000
22227,21277.299,00000000
22228,21270.436,00000000
22229,21310.617,00000000
22230,21286.051,00000000
22231,21377.451,00000000
22232,21256.037,00000000
22233,21310.553,00000000
22234,21316.273,00000000
22235,21299.521,00000000
22236,21349.418,00000000
22237,21268.156,00000000
22238,21290.893,00000000
22239,21303.604,00000000
22240,21197.063,00000000
22241,21293.996,00000000
22242,21226.367,00000000
22243,21236.482,00000000
22244,21391.350,00000000
22245,21187.889,00000000
22246,21224.754,00000000
22247,21314.342,00000000
22248,21079.592,00000000
22249,21143.994,00000000
22250,20932.566,00000000
22251,21089.053,00000000
22252,21206.430,00000000
22253,20997.596,00000000
22254,21177.176,00000000
22255,21187.635,00000000
22256,21092.529,00000000
22257,21300.830,00000000
22258,21214.301,00000000
22259,21257.182,00000000
22260,21336.148,00000000
22261,21102.283,00000000
22262,21086.143,00000000
22263,21187.594,00000000
22264,20919.861,00000000
22265,21131.301,00000000
22266,21306.201,00000000
22267,21105.367,00000000
22268,21285.795,00000000
22269,21167.746,00000000
22270,21225.949,00000000
22271,21281.117,00000000
22272,21313.449,00000000
22273,21252.604,00000000
22274,21286.492,00000000
22275,21230.895,00000000
22276,21176.242,00000000
22277,21151.039,00000000
22278,21141.717,00000000
22279,21280.977,00000000
22280,21320.559,00000000
22281,21257.221,00000000
22282,21350.734,00000000
22283,21201.506,00000000
22284,21187.705,00000000
22285,21238.613,00000000
22286,21000.580,00000000
22287,21153.641,00000000
22288,21269.639,00000000
22289,21129.775,00000000
22290,21305.814,00000000
22291,21330.266,00000000
22292,21290.238,00000000
22293,21366.748,00000000
22294,21161.629,00000000
22295,21312.963,00000000
22296,21373.283,00000000
22297,21246.414,00000000
22298,21380.186,00000000
22299,21205.238,00000000
22300,21279.939,00000000
22301,21387.654,00000000
22302,21165.682,00000000
22303,21231.242,00000000
22304,21326.818,00000000
22305,21064.725,00000000
22306,21240.859,00000000
22307,21141.602,00000000
22308,21015.230,00000000
22309,21171.742,00000000
22310,20988.449,00000000
22311,21009.355,00000000
22312,21194.775,00000000
22313,21052.594,00000000
22314,21163.711,00000000
22315,21099.943,00000000
22316,21191.672,00000000
22317,21202.889,00000000
22318,21160.785,00000000
22319,21252.189,00000000
22320,21156.648,00000000
22321,21217.717,00000000
22322,21273.439,00000000
22323,21203.150,00000000
22324,21308.246,00000000
22325,21278.643,00000000
22326,21289.246,00000000
22327,21354.947,00000000
22328,21219.016,00000000
22329,21276.277,00000000
22330,21376.008,00000000
22331,21181.953,00000000
22332,21217.807,00000000
22333,21305.004,00000000
22334,21023.551,00000000
22335,21218.813,00000000
22336,21070.199,00000000
22337,21138.156,00000000
22338,21349.557,00000000
22339,21163.068,00000000
22340,21299.076,00000000
22341,21434.631,00000000
22342,21183.332,00000000
22343,21283.928,00000000
22344,21326.988,00000000
22345,20990.900,00000000
22346,21089.199,00000000
22347,20987.303,00000000
22348,20916.664,00000000
22349,21177.463,00000000
22350,20940.721,00000000
22351,21060.705,00000000
22352,21186.240,00000000
22353,21074.779,00000000
22354,21155.785,00000000
22355,21154.125,00000000
22356,21241.734,00000000
22357,21229.055,00000000
22358,21107.619,00000000
22359,21104.740,00000000
22360,21144.590,00000000
22361,20951.381,00000000
22362,21151.311,00000000
22363,21117.281,00000000
22364,21175.223,00000000
22365,21320.375,00000000
22366,21234.500,00000000
22367,21257.283,00000000
22368,21307.982,00000000
22369,21081.080,00000000
22370,21149.092,00000000
22371,21297.879,00000000
22372,21063.557,00000000
22373,21124.381,00000000
22374,21097.246,00000000
22375,21010.529,00000000
22376,21250.844,00000000
22377,21001.049,00000000
22378,21081.895,00000000
22379,21214.111,00000000
22380,20991.801,00000000
22381,21188.111,00000000
22382,21220.506,00000000
22383,21131.105,00000000
22384,21272.135,00000000
22385,21194.639,00000000
22386,21256.648,00000000
22387,21387.090,00000000
22388,21207.785,00000000
22389,21273.475,00000000
22390,21274.547,00000000
22391,21275.691,00000000
22392,21344.369,00000000
22393,21279.605,00000000
22394,21289.980,00000000
22395,21266.744,00000000
22396,21293.436,00000000
22397,21269.793,00000000
22398,21120.570,00000000
22399,21175.408,00000000
22400,21210.365,00000000
22401,21009.521,00000000
22402,21081.346,00000000
22403,20971.408,00000000
22404,21022.074,00000000
22405,21192.395,00000000
22406,20977.885,00000000
22407,21094.908,00000000
22408,21179.170,00000000
22409,20963.260,00000000
22410,21188.580,00000000
22411,20972.256,00000000
22412,21136.607,00000000
22413,21245.375,00000000
22414,21094.646,00000000
22415,21280.748,00000000
22416,21414.938,00000000
22417,21196.391,00000000
22418,21308.406,00000000
22419,21380.668,00000000
22420,21069.201,00000000
22421,21180.711,00000000
22422,20927.809,00000000
22423,21014.098,00000000
22424,21139.518,00000000
22425,20964.633,00000000
22426,21172.639,00000000
22427,21324.791,00000000
22428,21203.957,00000000
22429,21229.625,00000000
22430,21302.008,00000000
22431,21260.615,00000000
22432,21231.670,00000000
22433,21130.789,00000000
22434,21079.854,00000000
22435,21187.822,00000000
22436,21081.859,00000000
22437,21039.580,00000000
22438,21103.324,00000000
22439,21045.055,00000000
22440,21230.824,00000000
22441,21226.672,00000000
22442,21313.432,00000000
22443,21389.158,00000000
22444,21293.771,00000000
22445,21243.594,00000000
22446,17953.152,00000000
22447,14336.180,00000000
22448,13050.357,00000000
22449,12525.345,00000000
22450,12343.914,00000000
22451,12307.132,00000000
22452,12259.013,00000000
22453,12260.358,00000000
22454,12274.746,00000000
22455,12252.709,00000000
22456,12264.743,00000000
22457,12263.021,00000000
22458,12254.974,00000000
22459,12257.330,00000000
22460,12243.283,00000000
22461,12274.864,00000000
22462,12278.776,00000000
22463,12274.176,00000000
22464,12250.520,00000000
22465,12255.803,00000000
22466,12270.764,00000000
22467,12253.334,00000000
22468,12277.573,00000000
22469,12124.615,00000000
22470,12222.224,00000000
22471,12256.031,00000000
22472,12269.343,00000000
22473,12288.024,00000000
22474,12268.302,00000000
22475,12246.871,00000000
22476,12261.624,00000000
22477,12285.422,00000000
22478,12285.339,00000000
22479,12283.002,00000000
22480,12234.968,00000000
22481,12249.119,00000000
22482,12277.396,00000000
22483,12233.155,00000000
22484,12263.868,00000000
22485,12259.316,00000000
22486,12260.583,00000000
22487,12270.154,00000000
22488,12282.455,00000000
22489,12261.798,00000000
22490,12269.767,00000000
22491,12238.640,00000000
22492,12259.943,00000000
22493,12276.429,00000000
22494,12254.082,00000000
22495,12234.679,00000000
22496,12272.350,00000000
22497,12283.268,00000000
22498,12269.229,00000000
22499,12246.084,00000000
22500,12235.323,00000000
22501,12246.787,00000000
22502,12264.895,00000000
22503,12266.016,00000000
22504,12252.552,00000000
22505,12213.861,00000000
22506,12247.863,00000000
22507,12261.925,00000000
22508,12225.758,00000000
22509,12285.312,00000000
22510,12263.422,00000000
22511,12250.043,00000000
22512,12261.668,00000000
22513,12271.834,00000000
22514,12252.231,00000000
22515,12262.573,00000000
22516,12250.313,00000000
22517,12278.926,00000000
22518,12265.900,00000000
22519,12261.181,00000000
22520,12284.846,00000000
22521,12252.732,00000000
22522,12252.836,00000000
22523,12272.181,00000000
22524,12309.125,00000000
22525,12310.004,00000000
22526,12275.129,00000000
22527,12260.483,00000000
22528,12265.055,00000000
22529,12272.301,00000000
22530,12288.939,00000000
22531,12271.704,00000000
22532,12280.670,00000000
22533,12271.829,00000000
22534,12308.057,00000000
22535,12283.726,00000000
22536,12284.599,00000000
22537,12269.825,00000000
22538,12281.666,00000000
22539,12316.270,00000000
22540,12274.056,00000000
22541,12303.374,00000000
22542,12265.181,00000000
22543,12291.353,00000000
22544,12279.703,00000000
22545,12276.541,00000000
22546,12303.288,00000000
22547,12262.490,00000000
22548,12266.164,00000000
22549,12288.533,00000000
22550,12285.641,00000000
22551,12286.781,00000000
22552,12276.277,00000000
22553,12280.186,00000000
22554,12276.047,00000000
22555,12326.812,00000000
22556,12297.516,00000000
22557,12291.376,00000000
22558,12292.303,00000000
22559,12288.979,00000000
22560,12294.324,00000000
22561,12306.007,00000000
22562,12285.051,00000000
22563,12284.385,00000000
22564,12283.387,00000000
22565,12283.294,00000000
22566,12312.523,00000000
22567,12272.799,00000000
22568,12288.248,00000000
22569,12311.350,00000000
22570,12286.168,00000000
22571,12311.337,00000000
22572,12285.312,00000000
22573,12284.593,00000000
22574,12327.735,00000000
22575,12293.444,00000000
22576,12278.599,00000000
22577,12297.620,00000000
22578,12268.038,00000000
22579,12305.288,00000000
22580,12305.216,00000000
22581,12332.039,00000000
22582,12325.773,00000000
22583,12308.021,00000000
22584,12346.481,00000000
22585,12314.053,00000000
22586,12348.283,00000000
22587,12298.705,00000000
22588,12317.764,00000000
22589,12331.343,00000000
22590,12320.253,00000000
22591,12335.962,00000000
22592,12320.335,00000000
22593,12280.604,00000000
22594,12294.966,00000000
22595,12315.788,00000000
22596,12329.826,00000000
22597,12310.754,00000000
22598,12318.338,00000000
22599,12335.741,00000000
22600,12350.245,00000000
22601,12311.948,00000000
22602,12335.847,00000000
22603,12307.913,00000000
22604,12328.760,00000000
22605,12315.563,00000000
22606,12296.574,00000000
22607,12333.975,00000000
22608,12318.042,00000000
22609,12334.262,00000000
22610,12356.769,00000000
22611,12309.909,00000000
22612,12326.439,00000000
22613,12315.180,00000000
22614,12304.892,00000000
22615,12313.576,00000000
22616,12333.501,00000000
22617,12335.692,00000000
22618,12308.843,00000000
22619,12279.493,00000000
22620,12333.002,00000000
22621,12312.524,00000000
22622,12315.142,00000000
22623,12321.371,00000000
22624,12284.976,00000000
22625,12312.889,00000000
22626,12297.857,00000000
22627,12292.530,00000000
22628,12284.981,00000000
22629,12315.871,00000000
22630,12303.883,00000000
22631,12308.627,00000000
22632,12270.827,00000000
22633,12326.769,00000000
22634,12288.006,00000000
22635,12327.309,00000000
22636,12296.363,00000000
22637,12291.362,00000000
22638,12307.420,00000000
22639,12297.045,00000000
22640,12297.507,00000000
22641,12311.939,00000000
22642,12317.948,00000000
22643,12295.384,00000000
22644,12281.241,00000000
22645,12293.928,00000000
22646,12314.856,00000000
22647,12309.260,00000000
22648,12285.756,00000000
22649,12300.980,00000000
22650,12284.735,00000000
22651,12264.491,00000000
22652,12269.096,00000000
22653,12287.390,00000000
22654,12252.773,00000000
22655,12283.626,00000000
22656,12285.282,00000000
22657,12295.654,00000000
22658,12290.110,00000000
22659,12270.403,00000000
22660,12271.342,00000000
22661,12279.300,00000000
22662,12300.752,00000000
22663,12311.115,00000000
22664,12323.861,00000000
22665,12257.134,00000000
22666,12299.096,00000000
22667,12283.451,00000000
22668,12297.456,00000000
22669,12303.138,00000000
22670,12292.773,00000000
22671,12282.036,00000000
22672,12325.169,00000000
22673,12279.911,00000000
22674,12303.556,00000000
22675,12260.156,00000000
22676,12272.069,00000000
22677,12281.960,00000000
22678,12287.464,00000000
22679,12287.994,00000000
22680,12290.593,00000000
22681,12288.046,00000000
22682,12298.471,00000000
22683,12284.932,00000000
22684,12284.287,00000000
22685,12255.379,00000000
22686,12306.890,00000000
22687,12295.396,00000000
22688,12314.791,00000000
22689,12316.295,00000000
22690,12295.091,00000000
22691,12300.168,00000000
22692,12306.374,00000000
22693,12293.685,00000000
22694,12302.874,00000000
22695,12302.308,00000000
22696,12297.069,00000000
22697,12323.043,00000000
22698,12301.535,00000000
22699,12283.509,00000000
22700,12309.000,00000000
22701,12295.316,00000000
22702,12288.788,00000000
22703,12277.142,00000000
22704,12275.804,00000000
22705,12259.810,00000000
22706,12283.480,00000000
22707,12311.573,00000000
22708,12300.296,00000000
22709,12297.850,00000000
22710,12333.182,00000000
22711,12317.146,00000000
22712,12312.271,00000000
22713,12294.668,00000000
22714,12288.083,00000000
22715,12287.408,00000000
22716,12286.094,00000000
22717,12294.002,00000000
22718,12288.720,00000000
22719,12297.449,00000000
22720,12285.091,00000000
22721,12298.986,00000000
22722,12312.180,00000000
22723,12289.571,00000000
22724,12333.157,00000000
22725,12311.047,00000000
22726,12291.743,00000000
22727,12273.771,00000000
22728,12315.538,00000000
22729,12284.756,00000000
22730,12287.419,00000000
22731,12255.109,00000000
22732,12274.099,00000000
22733,12277.256,00000000
22734,12264.165,00000000
22735,12275.743,00000000
22736,12251.809,00000000
22737,12260.545,00000000
22738,12263.153,00000000
22739,12243.340,00000000
22740,12272.260,00000000
22741,12258.032,00000000
22742,12277.073,00000000
22743,12290.676,00000000
22744,12267.229,00000000
22745,12249.169,00000000
22746,12264.115,00000000
22747,12245.881,00000000
22748,12280.177,00000000
22749,12257.724,00000000
22750,12257.298,00000000
22751,12290.766,00000000
22752,12269.820,00000000
22753,12290.926,00000000
22754,12294.422,00000000
22755,12289.030,00000000
22756,12263.786,00000000
22757,12278.769,00000000
22758,12309.339,00000000
22759,12280.186,00000000
22760,12283.199,00000000
22761,12255.245,00000000
22762,12264.794,00000000
22763,12251.013,00000000
22764,12246.454,00000000
22765,12255.555,00000000
22766,12275.390,00000000
22767,12234.785,00000000
22768,12261.982,00000000
22769,12247.319,00000000
22770,12269.886,00000000
22771,12245.705,00000000
22772,12217.026,00000000
22773,12278.626,00000000
22774,12286.014,00000000
22775,12268.835,00000000
22776,12290.394,00000000
22777,12257.102,00000000
22778,12268.292,00000000
22779,12279.792,00000000
22780,12274.869,00000000
22781,12287.306,00000000
22782,12267.524,00000000
22783,12530.511,00000000
22784,12370.206,00000000
22785,12289.634,00000000
22786,12274.371,00000000
22787,12237.668,00000000
22788,12241.571,00000000
22789,12270.430,00000000
22790,12291.277,00000000
22791,12251.319,00000000
22792,12259.687,00000000
22793,12244.419,00000000
22794,12241.621,00000000
22795,12255.802,00000000
22796,12272.990,00000000
22797,12260.043,00000000
22798,12252.989,00000000
22799,12268.054,00000000
22800,12267.618,00000000
22801,12258.661,00000000
22802,12268.780,00000000
22803,12247.633,00000000
22804,12273.121,00000000
22805,12274.913,00000000
22806,12289.606,00000000
22807,12274.065,00000000
22808,12258.813,00000000
22809,12267.262,00000000
22810,12293.562,00000000
22811,12262.207,00000000
22812,12244.746,00000000
22813,12242.469,00000000
22814,12239.918,00000000
22815,12262.979,00000000
22816,12258.819,00000000
22817,12252.282,00000000
22818,12256.689,00000000
22819,12258.492,00000000
22820,12259.668,00000000
22821,12245.306,00000000
22822,12229.511,00000000
22823,12240.803,00000000
22824,12236.945,00000000
22825,12254.656,00000000
22826,12272.109,00000000
22827,12276.951,00000000
22828,12247.096,00000000
22829,12238.857,00000000
22830,12243.983,00000000
22831,12239.499,00000000
22832,12241.301,00000000
22833,12252.492,00000000
22834,12269.583,00000000
22835,12251.826,00000000
22836,12248.520,00000000
22837,12267.928,00000000
22838,12236.457,00000000
22839,12248.414,00000000
22840,12280.047,00000000
22841,12266.313,00000000
22842,12257.647,00000000
22843,12253.150,00000000
22844,12244.401,00000000
22845,12258.544,00000000
22846,12232.790,00000000
22847,12289.036,00000000
22848,12269.737,00000000
22849,12262.165,00000000
22850,12282.524,00000000
22851,12247.634,00000000
22852,12247.786,00000000
22853,12264.621,00000000
22854,12243.888,00000000
22855,12257.428,00000000
22856,12232.286,00000000
22857,12266.014,00000000
22858,12269.260,00000000
22859,12229.661,00000000
22860,12275.954,00000000
22861,12268.797,00000000
22862,12245.793,00000000
22863,12279.197,00000000
22864,12281.215,00000000
22865,12262.020,00000000
22866,12300.316,00000000
22867,12266.566,00000000
22868,12254.090,00000000
22869,12261.362,00000000
22870,12257.443,00000000
22871,12280.404,00000000
22872,12283.797,00000000
22873,12300.612,00000000
22874,12294.385,00000000
22875,12279.858,00000000
22876,12286.058,00000000
22877,12268.646,00000000
22878,12270.008,00000000
22879,12285.839,00000000
22880,12263.188,00000000
22881,12170.424,00000000
22882,12252.749,00000000
22883,12265.618,00000000
22884,12286.098,00000000
22885,12265.418,00000000
22886,12269.916,00000000
22887,12256.161,00000000
22888,12256.488,00000000
22889,12267.368,00000000
22890,12229.230,00000000
22891,12261.724,00000000
22892,12247.045,00000000
22893,12267.918,00000000
22894,12265.746,00000000
22895,12243.457,00000000
22896,12224.583,00000000
22897,12261.319,00000000
22898,12276.057,00000000
22899,12273.696,00000000
22900,12260.315,00000000
22901,12277.149,00000000
22902,12263.759,00000000
22903,12279.968,00000000
22904,12279.182,00000000
22905,12262.357,00000000
22906,12259.468,00000000
22907,12268.475,00000000
22908,12279.824,00000000
22909,12241.875,00000000
22910,12241.147,00000000
22911,12233.874,00000000
22912,12282.771,00000000
22913,12257.133,00000000
22914,12261.040,00000000
22915,12229.571,00000000
22916,12227.546,00000000
22917,12252.180,00000000
22918,12256.667,00000000
22919,12241.100,00000000
22920,12236.063,00000000
22921,12224.344,00000000
22922,12248.240,00000000
22923,12246.180,00000000
22924,12268.305,00000000
22925,12242.110,00000000
22926,12221.471,00000000
22927,12245.203,00000000
22928,12263.192,00000000
22929,12256.714,00000000
22930,12250.221,00000000
22931,12222.546,00000000
22932,12238.539,00000000
22933,12258.115,00000000
22934,12251.648,00000000
22935,12281.414,00000000
22936,12244.957,00000000
22937,12253.192,00000000
