sample_index,time_us,current_ua,digital_bits
0,3479.4998355209827,660.4659908322575,128
100,3631.6998302936554,275.2241446785454,128
200,3740.2999587357044,795.7320488906493,128
300,3853.2998878508806,2276.0484190848447,128
400,3970.2998474240303,1801.731911796956,128
500,4088.799934834242,363.51370753865916,128
600,15509.199816733599,421.78639432209394,128
700,15617.999946698546,246.98451153725668,128
800,15728.899976238608,276.99396232759113,128
900,15836.199978366494,622.5224032334571,128
1000,15945.499995723367,320.53238596024875,128
1100,16053.400002419949,711.1257276577333,128
1200,16160.399885848165,2311.4344436397387,128
1300,16267.400002107024,2046.8847137815071,128
1400,16374.199884012341,374.7605936638775,128
1500,16480.89988157153,431.32870381997276,128
1600,19482.199801132083,249.1854829851478,128
1700,19649.700028821826,430.8739522047656,128
1800,19763.2999625057,251.82782327456277,128
1900,19872.199976816773,292.9479477569076,128
2000,19983.100006356835,285.85159276878824,128
2100,23882.20001012087,447.723466561243,128
2200,23996.699834242463,261.5273668205766,128
2300,24107.499979436398,96.4107971876276,128
2400,24217.699887230992,1038.049390987136,128
2500,24327.399907633662,944.3147455143385,128
2600,27915.499871596694,3139.411564646524,128
2700,28144.899988546968,390.0920580548244,128
2800,28386.799851432443,462.7925211161977,128
2900,28625.299921259284,238.18952386649227,128
3000,28864.39999565482,481.11000681434257,128
3100,33918.39982941747,1636.346161521911,128
3200,34026.59995481372,357.67411809689617,128
3300,34132.79983215034,412.2597811093064,128
3400,34238.19993622601,244.34452035173297,128
3500,34343.29992160201,264.6171978586259,128
3600,37969.09982338548,588.8316229486067,128
3700,38084.39988642931,1571.27774098915,128
3800,38196.09992206097,1187.7132935950763,128
3900,38305.899826809764,4180.704904586411,128
4000,38417.99986548722,414.0731639577896,128
4100,43312.399880960584,226.7773241994524,128
4200,43425.999814644456,250.06612071168658,128
4300,43534.499825909734,113.54945984217532,128
4400,43660.89985705912,257.1163478415783,128
4500,43772.90001139045,650.2112832327218,128
4600,43881.299905478954,324.99430219022366,128
4700,48998.19986894727,230.28620759205884,128
4800,49109.899904578924,298.7204453678379,128
4900,49222.6998321712,761.8635064189145,128
5000,49327.5998160243,2422.2393280021065,128
5100,49430.70001900196,1718.9412132608586,128
5200,53490.599850192666,363.51370753865916,128
5300,53606.69991932809,423.60276693916586,128
5400,53718.09983626008,237.75014820402768,128
5500,53828.29997688532,269.0342675597683,128
5600,53938.69988620281,643.596754542811,128
5700,59372.29981645942,1727.6468103490026,128
5800,59481.69995099306,1363.878235609221,128
5900,59587.99994550645,1213.4243302058105,128
6000,59694.199822843075,409.08773143506426,128
6100,59797.999914735556,305.38849395576796,128
6200,63348.39994087815,1910.965118287479,128
6300,63455.49994148314,382.8721259650332,128
6400,63559.499802067876,443.164738776963,128
6500,63672.0999609679,263.7342110281958,0
6600,63777.299830690026,436.33332069114306,0
6700,69333.79988186061,244.78442990144555,0
6800,69446.49992510676,295.61142998134363,0
6900,69554.39993180335,757.6323774204383,0
7000,69662.69994154572,2351.2851810423385,0
7100,69769.89982649684,1919.7184076696658,0
7200,74879.19996492565,360.8177649695444,0
7300,74985.69996096194,2515.577196525839,0
7400,75089.49982002378,85.72805192113559,0
7500,75192.20001995564,1493.3565978422293,0
7600,75296.79988510907,1256.352196462252,0
7700,79168.99980045855,2237.60961178226,0
7800,79284.19997915626,403.2014090628591,0
7900,79396.10001631081,471.48622612241803,0
8000,79506.59980997443,436.33332069114306,0
8100,79613.1999231875,230.7249781823091,0
8200,84434.59984846413,273.45489650923076,0
8300,84546.60000279546,112.2620847602666,0
8400,84655.19989840686,1450.1429479758758,0
8500,84762.80001923442,93.84490955212708,0
8600,84870.5000244081,1775.5663443227065,0
8700,85037.4000146985,1493.3565978422293,0
8800,90105.59995658696,2341.2705027760403,0
8900,90217.59987808764,413.1664013485816,0
9000,90338.19986507297,416.7943060050102,0
9100,90457.89996162057,270.80209202975493,0
9200,90567.09986180067,462.7437489043231,0
9300,95379.59983572364,1114.9364784859613,0
9400,95492.09987744689,81.03469131555279,0
9500,95602.50001959503,279.2070352197705,0
9600,95712.89992891252,534.1580822372784,0
9700,95823.09983670712,1893.465043017748,0
9800,99364.90003019571,1389.73488708797,0
9900,99475.99982842803,1212.5617327939117,0
10000,99585.8998503536,421.332390149034,0
10100,99702.09980383515,229.40877318900806,0
10200,99808.79980139434,279.2070352197705,0
10300,105144.79991979897,618.3091588452468,0
10400,105254.69994172454,306.7230646704004,0
10500,105361.09982058406,588.8316229486067,0
10600,105505.79987466335,1897.8392488983504,0
10700,105683.29994566739,1320.8271731089205,0
10800,110668.59983839095,371.60922322237474,0
10900,110782.69989229739,416.7943060050102,0
11000,110894.79993097484,390.0920580548244,0
11100,111004.79983724654,630.9505178835382,0
11200,111114.39997330308,982.629032307739,0
11300,114659.89984571934,2729.818378269269,0
11400,114768.49997416139,400.9390405814473,0
11500,114873.39995801449,438.60957024100304,0
11600,114978.09994034469,243.46480802975728,0
11700,115081.50002919137,315.6283890390861,0
11800,120254.59995493293,957.0812968244903,0
11900,120362.8999646753,732.2569845452056,0
12000,120473.19998964667,2196.556681981854,0
12100,120689.69989195466,374.7605936638775,0
12200,120803.3999428153,443.6204513892166,0
12300,125760.099850595,254.03075230902988,0
12400,125868.09997446835,291.173004790281,0
12500,125972.29983657598,273.8971551628346,0
12600,126077.69994065166,465.0790924861858,0
12700,126182.99992755055,253.59009531717004,0
12800,129743.20002831519,154.04947853955858,0
12900,129860.59999093413,1123.4903273657899,0
13000,129969.59988959134,87.86282135027398,0
13100,130078.00001651049,1558.2786897455426,0
13200,130185.9999075532,991.1492797985832,0
13300,130293.80002990365,1954.7532435138862,0
13400,135931.29999935627,1424.240772034632,0
13500,136042.00002737343,5667.161052056096,0
13600,136159.2998728156,1614.6431390638197,0
13700,136374.09987859428,371.15916981495,0
13800,136500.49990974367,406.82304944224444,0
13900,142176.09982006252,397.7732195917652,0
14000,142412.19987161458,2895.8148513068895,0
14100,142554.69990894198,402.74886418161043,0
14200,142666.29982739687,465.5365135376329,0
14300,142772.39982038736,396.8690196413477,0
14400,146450.7000055164,464.16435716074085,0
14500,146561.4999178797,430.8739522047656,0
14600,146669.8998119682,368.00979255250644,0
14700,146778.09993736446,419.06290317098205,0
14800,146885.99994406104,816.917501566806,0
14900,150687.09990009665,2783.57377854439,0
15000,150799.49982464314,605.6726774279372,0
15100,150907.59983286262,1732.0004218299052,0
15200,151028.59982289374,1385.4240902801282,0
15300,151133.89980979264,1807.4638605757466,0
15400,156438.8999249786,419.06290317098205,0
15500,156544.1999118775,320.53238596024875,0
15600,156645.89987136424,269.4761702885402,0
15700,156747.09994345903,123.85999246200186,0
15800,156848.79990294576,269.4761702885402,0
15900,160835.39999090135,580.4143474562624,0
16000,161062.49997392297,1784.2860323159089,0
16100,161285.29980778694,1303.6219229296316,0
16200,161507.99999013543,345.56495996647044,0
16300,161733.89996401966,400.4866736626146,0
16400,166192.39980354905,398.22537295569873,0
16500,166293.59987564385,265.05874466256574,0
16600,166391.4998061955,242.58523807771445,0
16700,166488.999966532,275.666545702082,0
16800,166592.39982254803,584.6227142234911,0
16900,172080.99993877113,1645.0311642103552,0
17000,172188.59982676804,1260.6467345334888,0
17100,172290.19990190864,4087.8391451580133,0
17200,172391.49985834956,400.4866736626146,0
17300,172492.1998102218,397.7732195917652,0
17400,172592.89999492466,265.05874466256574,0
17500,176191.39980524778,118.27257576371365,0
17600,176293.90000365674,1183.427968807916,0
17700,176393.6998322606,906.0443573097722,0
17800,176499.09993633628,2985.8515905659683,0
17900,176598.59987907112,390.5436063465435,0
18000,181717.99997799098,455.9381458787135,0
18100,181820.99983096123,388.73762673456616,0
18200,181921.79990001023,1231.2052660896884,0
18300,182023.19997362792,409.99385337957455,0
18400,182123.89992550015,237.31080813404628,0
18500,187389.39985632896,270.80209202975493,0
18600,187495.69985084236,569.3073667599473,0
18700,187598.49993512034,1295.0225495873085,0
18800,187699.59989003837,1119.213131946932,0
18900,187800.0998403877,3329.9682621216703,0
19000,191267.89993606508,401.84388119656245,0
19100,191369.50001120567,464.16435716074085,0
19200,191468.19994784892,410.9001176940177,0
19300,191567.49988906085,408.18175186048677,0
19400,191669.19984854758,456.39485508049665,0
19500,196795.89988663793,248.30498762854168,0
19600,196899.8999800533,300.0534144207263,0
19700,197000.79993344843,225.90045927613278,0
19800,197100.09987466037,281.4209979240297,0
19900,197203.69996502995,690.0080197174319,0
20000,203004.4998973608,2086.4427939252114,0
20100,203107.89998620749,1897.8392488983504,0
20200,203206.99992589653,1217.8490899315887,0
20300,203307.49987624586,417.70163809394927,0
20400,203406.399814412,229.84747259429187,0
20500,207078.2999508083,423.14862039617304,0
20600,207180.89980073273,254.47144489337288,0
20700,207279.89985607564,279.64975657565583,0
20800,207378.20002250373,677.3438984478931,0
20900,207476.3998389244,1884.7182571302037,0
21000,212789.40001502633,1536.624443497267,0
21100,212889.1998436302,378.3642954317298,0
21200,212986.19988374412,416.34069334926545,0
21300,213083.59992690384,384.22516917844666,0
21400,213180.0998467952,2382.3105486638015,0
21500,213277.29988843203,373.8600241467464,0
21600,218510.7998084277,454.1116649964126,0
21700,218972.49994799495,252.26833789648975,0
21800,219181.69991113245,294.2795287029512,0
21900,219348.99990446866,804.2046040874515,0
22000,219461.79983206093,576.2065226469206,0
22100,222930.69981969893,1985.4371776666376,0
22200,223033.29990245402,373.40979277690565,0
22300,223135.19986346364,428.1461899556696,0
22400,223236.19993403554,244.78442990144555,0
22500,223336.80000156164,276.55145452660486,0
22600,228550.5998879671,630.9505178835382,0
22700,228653.09985354543,1658.0627329271736,0
22800,228753.19980084896,1467.421904427775,0
22900,228853.09997946024,2279.3111478561377,0
23000,228953.6998141557,402.29635489284476,0
23100,232788.29990886152,382.8721259650332,0
23200,232891.8999992311,622.5224032334571,0
23300,232992.79995262623,250.06612071168658,0
23400,233093.60002167523,283.635850440369,0
23500,233193.49996745586,232.4804164681419,0
23600,238396.59988880157,283.1928087521347,0
23700,238496.99995480478,270.80209202975493,0
23800,238593.1999888271,319.64042982405215,0
23900,238689.00001980364,846.5998975446728,0
24000,238786.6999488324,2577.935221890604,0
24100,242575.69992914796,681.5647302465192,0
24200,242676.1998794973,884.801999055497,0
24300,242773.49980548024,2747.7281737014537,0
24400,242870.09984254837,380.1670005352528,0
24500,242966.19999222457,3562.6437907558516,0
24600,248227.4998910725,397.7732195917652,0
24700,248326.99983380735,460.9639046849047,0
24800,248423.59987087548,245.66435577832036,0
24900,248519.7999048978,321.4244844663781,0
25000,248617.29983240366,1080.742761282121,0
25100,253915.00000841916,690.0080197174319,0
25200,254016.1998476833,2466.65612437725,0
25300,254112.7000004053,386.02972509109605,0
25400,254208.6998000741,439.97574708071744,0
25500,254304.7999497503,267.708772928352,0
25600,257926.3998195529,441.34224425278063,0
25700,258036.19995713234,252.70888811089995,0
25800,258137.00002618134,322.31672534244035,0
25900,258237.5998608768,1102.10976985037,0
26000,258338.5999314487,787.2616615253946,0
26100,258438.5999944061,2267.2073325249894,0
26200,263763.09990882874,369.809223147575,0
26300,263974.8998917639,1222.0154023762855,0
26400,264189.2998944968,1080.742761282121,0
26500,264401.6998820007,279.2070352197705,0
26600,264615.89988321066,271.24413712845956,0
26700,268389.89998213947,453.65513375704546,0
26800,268643.2998161763,250.06612071168658,0
26900,269144.40002292395,225.4620802031978,0
27000,269310.9998945147,264.1756866471692,0
27100,269750.899868086,234.23642423370595,0
27200,281670.699827373,284.5220405942871,0
27300,281872.4999669939,618.3091588452468,0
27400,282076.69989205897,1497.6809435972423,0
27500,282277.9999114573,1187.7132935950763,0
27600,282478.89992780983,2300.944127792832,0
27700,282676.599919796,424.9654201230434,0
27800,282881.8999696523,354.0835143628616,0
27900,283084.09987948835,425.87403354137774,0
28000,283286.99991106987,387.83485048347666,0
28100,283485.2999076247,431.32870381997276,0
28200,284943.19994933903,254.03075230902988,0
28300,285259.09991003573,281.4209979240297,0
28400,285372.3999578506,690.0080197174319,0
28500,285481.89997673035,1862.8607766743621,0
28600,286108.79997722805,1458.7813422860515,0
28700,290373.79985675216,5614.049949205483,0
28800,290621.69999815524,1893.465043017748,0
28900,290858.39982144535,373.8600241467464,0
29000,291102.29993239045,2564.563845578736,0
29100,291338.1999824196,81.03469131555279,0
29200,293824.59982298315,1502.0058313101422,0
29300,293930.29981292784,1157.7274012005778,0
29400,294072.899967432,3985.937194330498,0
29500,294199.39988292754,407.27591465584203,0
29600,294301.9999656826,1875.7027557443855,0
29700,299184.50000695884,407.72881546192275,0
29800,299283.399945125,234.67551515630495,0
29900,299379.5999791473,261.0861047565024,0
30000,299476.80002078414,114.83715525643281,0
30100,299584.7000274807,250.50649296368084,0
30200,299684.4998560846,668.9038607243016,0
30300,305091.2998151034,1762.4908770170543,0
30400,305195.60002721846,1277.8303063973037,0
30500,305299.30000193417,468.739457487293,0
30600,305398.799944669,397.7732195917652,0
30700,305498.49988892674,225.4620802031978,0
30800,309060.10000035167,267.708772928352,0
30900,309163.8998594135,240.38693606606336,0
31000,309269.3998478353,276.55145452660486,0
31100,309417.59981215,619.5530603322545,0
31200,309514.8999709636,326.3335711126386,0
31300,314355.09980656207,694.2304773897184,128
31400,314458.2000095397,1753.7766086027204,128
31500,314558.89996141195,1454.4618741520203,128
31600,314659.1999102384,1207.9615680705024,128
31700,314758.8998544961,416.34069334926545,128
31800,320231.9999691099,630.9505178835382,128
31900,320343.70000474155,2060.065862875094,128
32000,320447.8998668492,371.15916981495,128
32100,320549.8999450356,434.0579609533631,128
32200,320650.5000125617,251.3873442451189,128
32300,325139.7998537868,280.09251352402447,128
32400,325244.7999548167,622.5224032334571,128
32500,325346.2999127805,2011.7588290122978,128
32600,325447.99987226725,107.54445008114114,128
32700,325554.29986678064,2457.7684294391265,128
32800,330970.0998943299,1867.2311888497563,128
32900,331075.3998812288,361.26699974985553,128
33000,331179.79997769,434.51296171595277,128
33100,331281.6999386996,239.5078644087853,128
33200,331383.1998966634,434.9679980710254,128
33300,334903.699811548,243.9046463945035,128
33400,335007.80002214015,300.0534144207263,128
33500,335136.89995743334,795.7320488906493,128
33600,335428.99996973574,529.956218964692,128
33700,335904.29998002946,948.5697206598356,128
33800,341267.6998414099,774.5601451616637,128
33900,341397.00001105666,2609.15406847767,128
34000,341523.2999250293,374.7605936638775,128
34100,341629.299800843,446.35547450488536,128
34200,341740.89995212853,268.5924004234797,128
34300,341838.7998826802,304.498958108429,128
34400,345508.3000008017,804.2046040874515,128
34500,345614.3999937922,2475.545987146921,128
34600,345717.2999624163,1972.2836684252804,128
34700,345820.49981690943,372.5094368146739,128
34800,345923.0000153184,436.33332069114306,128
34900,350993.19997243583,248.30498762854168,128
35000,351100.19985586405,273.8971551628346,128
35100,351201.99993252754,597.2510662724982,128
35200,351313.3998494595,317.41116235201673,128
35300,351412.7000235021,715.350895119454,128
35400,356671.30001820624,2104.0382537830274,128
35500,356784.79983471334,1579.9464849409894,128
35600,356886.5000270307,374.3102911090703,128
35700,356989.3999956548,2223.0344171989245,128
35800,357090.49995057285,365.76130513954286,128
35900,360421.59982025623,431.32870381997276,128
36000,360524.500021711,247.42463464186847,128
36100,360622.79995530844,450.9166937629894,128
36200,360728.69994677603,251.82782327456277,128
36300,360831.1000280082,452.285753593843,128
36400,366169.8999349028,254.03075230902988,128
36500,366276.4998152852,321.4244844663781,128
36600,366379.60001826286,957.0812968244903,128
36700,366485.3998925537,744.9422421723311,128
36800,366586.1999616027,2582.3934312436677,128
36900,371845.9999654442,597.2510662724982,128
37000,371958.5998915136,1510.6572326096023,128
37100,372064.2998814583,88.28988201355125,128
37200,372169.49998401105,1924.0958652975894,128
37300,372274.79997090995,1536.624443497267,128
37400,375746.09997682273,367.1102908098714,128
37500,375847.8998206556,436.33332069114306,128
37600,375945.9999855608,618.3091588452468,128
37700,376043.4999130666,2658.2659098024274,128
37800,376141.3998436183,391.8984647766002,128
37900,381207.2998844087,448.1795350983286,128
38000,381309.59984846413,264.1756866471692,128
38100,381408.300017938,287.6248272962212,128
38200,381506.6998358816,774.5601451616637,128
38300,381603.6998759955,2382.3105486638015,128
38400,386924.7999973595,1718.7674214123558,128
38500,387057.6999615878,690.0080197174319,128
38600,387193.89983452857,2280.469775301603,128
38700,387294.09989900887,381.51940308396865,128
38800,387417.20002144575,2832.918119802603,128
38900,387518.7998637557,396.8690196413477,128
39000,391377.1999068558,472.4021004073252,128
39100,391481.4998861402,250.06612071168658,128
39200,391583.2999628037,304.498958108429,128
39300,391687.3999405652,816.917501566806,128
39400,391791.49991832674,706.9011021538993,128
39500,396873.3998481184,2214.206337628354,128
39600,396981.1999704689,368.4595968125488,128
39700,397086.5998417139,436.33332069114306,128
39800,397192.6998347044,248.30498762854168,128
39900,397296.8999296427,290.28574686186687,128
40000,403337.59994246066,580.4143474562624,128
40100,403449.0999765694,2117.2405392342007,128
40200,403552.7999512851,1640.6883918871897,128
40300,403654.49991077185,1259.920120729219,128
40400,403757.59988091886,413.619764856944,128
40500,407147.59984984994,229.84747259429187,128
40600,407251.69982761145,265.941945047895,128
40700,407352.4000123143,508.9550319700617,128
40800,407452.599843964,1597.2904763393096,128
40900,407552.1999038756,1140.604528620089,128
41000,411857.7998597175,7297.286662049887,128
41100,411956.7999150604,1549.615365372572,128
41200,412053.09983342886,1217.794332879909,128
41300,412149.79998767376,416.34069334926545,128
41400,412246.6999106109,383.3231047770212,128
41500,417391.49997010827,419.9705911847532,128
41600,417490.1000224054,248.30498762854168,128
41700,417586.2998235971,288.51165811483696,128
41800,417682.7999763191,241.7058104956044,128
41900,417874.9998100102,287.1814652756382,128
42000,421809.5999676734,269.0342675597683,128
42100,421910.7998069376,450.4604116710046,128
42200,422008.49996879697,254.47144489337288,128
42300,422108.1999130547,112.2620847602666,128
42400,422207.09985122085,1055.1202356104877,128
42500,427300.29998347163,872.0630875975739,128
42600,427407.5999855995,2770.127612044137,128
42700,427510.79984009266,384.67625476788425,128
42800,427616.29982851446,446.35547450488536,128
42900,427715.29988385737,262.40999772617477,128
43000,427816.09995290637,482.02737598354423,128
43100,433154.69985827804,405.0119445126862,128
43200,433259.8999608308,227.21581004983705,128
43300,433362.09980770946,290.28574686186687,128
43400,433463.8000000268,234.23642423370595,128
43500,433565.1998408139,293.8356327951201,128
43600,437291.4999257773,231.1637843650425,128
43700,437397.199915722,279.64975657565583,128
43800,437502.8999056667,278.3216992854491,128
43900,437653.2998867333,308.0579557173816,128
44000,437753.6999527365,753.4017903798491,128
44100,442603.4998614341,2408.924857268356,128
44200,442706.5998315811,2165.690649979123,128
44300,442807.1000147611,363.064294795932,128
44400,442909.69986468554,436.33332069114306,128
44500,443009.49992612004,246.98451153725668,128
44600,448134.09983180463,441.34224425278063,128
44700,448236.2999115139,256.67544170233606,128
44800,448336.6999775171,291.6166871432128,128
44900,448435.79991720617,647.8132506783423,128
45000,448575.5998175591,2227.44926992104,128
45100,453723.79990294576,1954.7532435138862,128
45200,453830.8000192046,366.66059332727866,128
45300,453934.4999939203,418.15535752714374,128
45400,454037.19996102154,239.06838196887108,128
45500,454140.29993116856,294.2795287029512,128
45600,457732.99993015826,559.3806429884215,128
45700,457837.40002661943,1710.2377840042611,128
45800,457939.1998704523,1346.6513071144589,128
45900,458041.1999486387,2338.648056937814,128
46000,458144.2999187857,404.5592572615046,128
46100,463477.30001434684,381.0685666419135,128
46200,463585.4000225663,274.78177924749195,128
46300,463689.39988315105,138.07044954471334,128
46400,463802.2999279201,1363.878235609221,128
46500,463929.4999651611,1033.783034726015,128
46600,469836.3000061363,5340.214616511536,128
46700,469945.0999032706,1222.0154023762855,128
46800,470054.7999236733,4171.408573401608,128
46900,470155.1999896765,410.4469677405546,128
47000,470256.19982741773,433.6029957832567,128
47100,470355.2999999374,258.88032832337916,128
47200,473680.79982697964,111.40401266807682,128
47300,473785.49980930984,263.29277100170555,128
47400,473887.8000061959,578.5904521934845,128
47500,473993.3998789638,1450.1429479758758,128
47600,474092.39993430674,1209.1480468991804,128
47700,479187.29996308684,3981.311519990399,128
47800,479289.6998114884,410.4469677405546,128
47900,479390.2998790145,470.5704942074436,128
48000,479535.7999391854,432.2383138278368,128
48100,479639.2999123782,370.70915200000843,128
48200,483204.7999370843,2635.9342161955983,128
48300,483308.4999118,88.28988201355125,128
48400,483410.4999899864,269.4761702885402,128
48500,483512.29983381927,580.4143474562624,128
48600,483614.09991048276,2011.7588290122978,128
48700,488772.99996092916,1506.3312609809286,128
48800,488877.9998291284,1829.5778503909996,128
48900,488979.7999057919,404.1066056028062,128
49000,489081.6998668015,381.0685666419135,128
49100,489181.6999297589,285.40837311813794,128
49200,494519.0998259932,642.4999073664046,128
49300,494618.8998874277,1523.638399242944,128
49400,494714.99980427325,1299.3219652795267,128
49500,494811.1998382956,2299.385777201225,128
49600,494907.199870795,407.72881546192275,128
49700,498559.599975124,455.4814722694135,128
49800,498662.2999422252,263.29277100170555,128
49900,498762.1000036597,107.97314799864564,128
50000,498863.59996162355,1050.8517115178197,128
50100,498963.00002001226,795.7320488906493,128
50200,504449.7000053525,2747.7281737014537,128
50300,504556.2998857349,555.1755279685141,128
50400,504659.4999730587,1814.822011965553,128
50500,504756.5000131726,1398.3581065773144,128
50600,504853.4998204559,1217.0164104396767,128
50700,509860.2999933064,411.8065243783937,128
50800,509967.0998752117,221.956328949113,128
50900,510069.8999594897,270.80209202975493,128
51000,510174.399940297,536.4852889932728,128
51100,510276.09989978373,1394.0462258536988,128
51200,514080.3998801857,1020.987217689974,128
51300,514190.60002081096,3640.5155519591735,128
51400,514295.50000466406,404.1066056028062,128
51500,514398.8998606801,470.11268163868107,128
51600,514502.2999495268,391.44680970743144,128
51700,514605.6998055428,223.2707187257708,128
51800,520479.99994829297,254.91217307019917,128
51900,520701.0998856276,465.4706639941572,128
52000,520826.2000232935,1338.0410946143986,128
52100,520927.79986560345,906.0443573097722,128
52200,521028.79993617535,3166.5754185483374,128
52300,524760.8998324722,396.4169730548637,128
52400,524864.6999243647,3741.5232722734,128
52500,524966.0999979824,407.72881546192275,128
52600,525067.7999574691,390.5436063465435,128
52700,525174.5998393744,442.2534203299054,128
52800,530855.6000236422,639.3808003651666,128
52900,531027.5999363512,2377.8767274156467,128
53000,531143.7000054866,389.18906824883567,128
53100,531242.5999436527,446.35547450488536,128
53200,531346.2999183685,236.43223477153302,128
53300,544403.9998110384,293.3917724797723,128
53400,544516.1999668926,757.6323774204383,128
53500,544625.5998685956,2284.891673476248,128
53600,544733.4998752922,1902.21399673684,128
53700,544841.4999991655,372.9595969995481,128
53800,544948.4998825938,2765.646640459827,128
53900,545055.7000003755,377.0126403251612,128
54000,545164.6998990327,446.8114362645214,128
54100,545273.1000259519,249.62578405217562,128
54200,545381.3998028636,283.1928087521347,128
54300,546250.1000147313,601.4616008712742,128
54400,546362.5998236239,1854.1215781972332,128
54500,546473.2998516411,1658.0627329271736,128
54600,546582.399867475,1238.3193991719788,128
54700,546692.8998939693,414.0731639577896,128
54800,550560.7998929918,234.67551515630495,128
54900,550673.6999377608,423.60276693916586,128
55000,550786.399981007,249.1854829851478,128
55100,550897.799897939,288.51165811483696,128
55200,551008.699927479,753.4017903798491,128
55300,556120.6999700516,1884.7182571302037,128
55400,556229.6998687088,1506.3312609809286,128
55500,556333.2999590784,424.511166802601,128
55600,556446.6998912394,425.419709035969,128
55700,556559.5999360085,375.21093181116777,128
55800,556666.7998209596,2355.7157505431724,128
55900,560111.6998586804,97.69422150390105,128
56000,560230.4998319596,1359.5706905487004,0
56100,560341.9998660684,1114.9364784859613,0
56200,560452.0998895168,6953.987099388953,0
56300,560562.1000286192,1303.6219229296316,0
56400,565373.3999934047,2372.324199304547,0
56500,565486.2998053432,417.70163809394927,0
56600,565596.0999429226,216.26434153518204,0
56700,565704.7999557108,271.24413712845956,0
56800,565814.7998619825,117.84302362661234,0
56900,571017.9000161588,263.29277100170555,0
57000,571135.7998661697,622.5224032334571,0
57100,571246.099891141,1562.6111648688584,0
57200,571357.499808073,1256.352196462252,0
57300,571473.0999898165,3962.814242208879,0
57400,576521.5000137687,412.2597811093064,0
57500,576636.099955067,446.35547450488536,0
57600,576746.3999800384,431.7834910276631,0
57700,576856.1998847872,367.1102908098714,0
57800,576967.3998001963,723.8028559165562,0
57900,580308.5998632014,940.0603123267282,0
58000,580417.8998805583,270.80209202975493,0
58100,580522.8999815881,559.3806429884215,0
58200,580627.4998467416,283.635850440369,0
58300,580732.1998290718,284.5220405942871,0
58400,586409.3999844044,323.6553536001576,0
58500,586599.0999154747,255.7937362013012,0
58600,586785.9998252243,228.53148115589002,0
58700,586972.099961713,289.8421712863846,0
58800,587156.3998516649,593.0410736316089,0
58900,591204.2998243123,1471.742998435467,0
59000,591318.7998812646,1076.4709854421315,0
59100,591437.6999717206,3782.9202155271605,0
59200,591558.9998476207,410.4469677405546,0
59300,591664.2998345196,464.6217070272217,0
59400,596617.7999507636,1286.4253440765322,0
59500,596728.399861604,375.6613055509414,0
59600,596835.8998652548,414.9800689369303,0
59700,596943.0999830365,239.06838196887108,0
59800,597056.2999136746,286.7381388475384,0
59900,597163.3000299335,517.3538808942533,0
60000,600959.5999494195,304.05424357348437,0
60100,601065.4999408871,273.45489650923076,0
60200,601169.2997999489,452.7421780557605,0
60300,601282.0999603719,252.70888811089995,0
60400,601386.999944225,307.6129564425714,0
60500,606640.1998978108,1012.4593827887138,0
60600,606744.9999973178,893.2973164835464,0
60700,606845.1998289675,3180.1646619307166,0
60800,606945.3000091016,390.9951902307459,0
60900,607045.4998407513,447.723466561243,0
61000,611852.2000033408,270.80209202975493,0
61100,611955.399857834,454.56823182826304,0
61200,612055.3999207914,255.35293683950857,0
61300,612154.6998620033,148.86175188496654,0
61400,612253.8999188691,1050.8517115178197,0
61500,617370.1998777688,867.81786769404,0
61600,617474.399972707,2591.3114758234537,0
61700,617575.699929148,1106.38479743768,0
61800,617676.0999951512,3466.6655034074215,0
61900,617776.1999424547,396.4169730548637,0
62000,622062.3999834061,461.8781417155848,0
62100,622171.3998820633,1277.8303063973037,0
62200,622275.9999800473,373.40979277690565,0
62300,622381.0999654233,420.4244885803636,0
62400,622484.4998214394,228.97010937620743,0
62500,627574.2999278009,282.7498026563836,0
62600,627678.3999055624,235.55380377895258,0
62700,627776.9999578595,287.1814652756382,0
62800,627876.6999021173,269.0342675597683,0
62900,627976.099960506,442.7090617571925,0
63000,632362.2998315841,258.88032832337916,0
63100,632576.9999530166,462.7925211161977,0
63200,632788.899820298,432.2383138278368,0
63300,632933.699991554,677.3438984478931,0
63400,633036.5999601781,2644.865267764669,0
63500,637394.4999650121,386.02972509109605,0
63600,637498.1999397278,442.7090617571925,0
63700,637596.7999920249,243.46480802975728,0
63800,637695.4999286681,436.7884994161487,0
63900,637797.7000083774,259.32141242503747,0
64000,642966.1000147462,309.83830874145474,0
64100,643075.5998007953,880.5551532783023,0
64200,643176.7998728901,889.0493867905782,0
64300,643277.3999404162,2373.443448125378,0
64400,643378.4998953342,374.3102911090703,0
64500,643479.0999628603,454.1116649964126,0
64600,647090.9998752177,246.10437210548258,0
64700,647190.6998194754,475.1505774816438,0
64800,647289.5999904722,395.0610468503112,0
64900,647387.59980537,452.285753593843,0
65000,647487.4999839813,433.1480662056336,0
65100,653219.3999737501,365.3117144343997,0
65200,653368.6998300254,1059.389301661043,0
65300,653479.1998565197,867.81786769404,0
65400,653588.4998738766,2999.3757990019267,0
65500,653697.7998912334,392.35015543825216,0
65600,658551.8999490887,466.9089902468737,0
65700,658657.1999359876,389.18906824883567,0
65800,658759.8999030888,455.9381458787135,0
65900,658865.1000056416,257.99826689751234,0
66000,658967.699855566,112.6911741950863,0
66100,662763.400003314,1085.015079079997,0
66200,662866.8999765068,863.5731897483929,0
66300,662967.5999283791,3003.884952396352,0
66400,663067.8998772055,378.3642954317298,0
66500,663167.999824509,468.739457487293,0
66600,668338.3998461068,255.7937362013012,0
66700,668442.8998269141,296.94365159208485,0
66800,668545.0000222772,923.0479991551554,0
66900,668646.5998645872,2351.2851810423385,0
67000,668846.1999874562,1976.6676295478458,0
67100,674068.4998221695,366.21093143716917,0
67200,674285.4998447001,681.5647302465192,0
67300,674500.8998550475,1046.5837293830384,0
67400,674715.7999780029,278.76434945636817,0
67500,674931.1999883503,626.7361895795541,0
67600,678530.2998032421,1854.1215781972332,0
67700,678634.2000123113,1467.421904427775,0
67800,678734.9998485297,380.61776579234146,0
67900,678834.9999114871,1967.9002492606012,0
68000,678936.3999851048,381.9702751185069,0
68100,684082.9998254776,2779.0911810864186,0
68200,684187.8998093307,381.9702751185069,0
68300,684288.2998753339,442.7090617571925,0
68400,684387.6999337226,268.1505688796742,0
68500,684487.4999951571,305.8333152681623,0
68600,684586.3999333233,859.3290537606325,0
68700,688780.6998565793,2104.0382537830274,0
68800,688910.4000292718,2020.5370484572793,0
68900,689037.3998321593,371.15916981495,0
69000,689140.799921006,660.4659908322575,0
69100,689240.8998683095,927.3002645112184,0
69200,694222.2998477519,3434.7258528308553,0
69300,694327.9998376966,395.964962060863,0
69400,694428.7000223994,463.70704288674324,0
69500,694532.1999955922,398.67756191211555,0
69600,694630.7998150587,440.43121054558856,0
69700,698222.4998064339,264.1756866471692,0
69800,698325.8998952806,106.25856988352686,0
69900,698426.199844107,1217.7257419260302,0
70000,698527.499800548,859.3290537606325,0
70100,698699.6999476105,2635.9342161955983,0
70200,703995.699994266,720.0650770417183,0
70300,704096.1999446154,1749.4202873323836,0
70400,704193.6998721212,1684.1405032237542,0
70500,704289.8000217974,1210.4790556454952,0
70600,704386.2999416888,402.74886418161043,0
70700,709569.7999466211,444.98780278087656,0
70800,709673.5998056829,271.68621781964737,0
70900,709774.5998762548,105.40149438086668,0
71000,709876.4998372644,1307.9224225376233,0
71100,709976.4000158757,1097.8352842209463,0
71200,713808.6999766529,3216.4264904307483,0
71300,713960.7998542488,395.964962060863,0
71400,714081.0999553651,458.6789349766607,0
71500,714182.100025937,249.62578405217562,0
71600,714280.9999641031,292.9479477569076,0
71700,719954.1998561472,1085.015079079997,0
71800,720061.0998552293,72.08659832470458,0
71900,720164.799829945,1204.860012322586,0
72000,720268.5999218374,1033.783034726015,0
72100,720370.8000015467,276.1089823181019,0
72200,725164.3999479711,677.3438984478931,0
72300,725269.0999303013,2183.325130804791,0
72400,725368.999876082,99.4059522203638,0
72500,725468.5999359936,2369.010710792996,0
72600,725568.1999959052,2016.1476677558449,0
72700,725667.8999401629,362.614917645688,0
72800,731050.8999507874,419.516729381626,0
72900,731267.899973318,241.26615009327418,0
73000,731482.2999760509,283.1928087521347,0
73100,731695.4999696463,235.55380377895258,0
73200,731906.599830836,288.51165811483696,0
73300,733951.0000310838,271.68621781964737,0
73400,734053.7998825312,456.85159987476305,0
73500,734154.6998359263,253.14947391779344,0
73600,734254.6000145376,138.50167452852503,0
73700,734355.3998507559,1067.9290596358137,0
73800,739746.8998096883,897.5457881344015,0
73900,739853.2999213785,2720.866732300498,0
74000,739956.9998960942,389.18906824883567,0
74100,740058.8998571038,470.11268163868107,0
74200,740160.3998150676,245.66435577832036,0
74300,745583.9000176638,320.9784174170719,0
74400,745686.6998691112,867.81786769404,0
74500,745786.0999274999,2426.6785688291293,0
74600,745885.0999828428,2249.531662899922,0
74700,745983.8998038322,370.2591697775502,0
74800,749403.2999966294,1368.186322627629,0
74900,749504.2998343706,1097.8352842209463,0
75000,749604.6999003738,3603.8505067913316,0
75100,749703.6999557167,405.917425792499,0
75200,749802.7000110596,449.54795426448453,0
75300,755082.2999328375,263.7342110281958,0
75400,755185.3999029845,287.6248272962212,0
75500,755285.6998518109,974.1109526484422,0
75600,755385.6999147683,78.47649165642356,0
75700,755499.399965629,1264.941814562612,0
75800,760800.3998175263,986.8888850742177,0
75900,760902.7000144124,3193.758782934077,0
76000,761004.1999723762,408.6347238515339,0
76100,761105.5998131633,456.39485508049665,0
76200,761204.5998685062,425.419709035969,0
76300,766071.5999081731,465.5365135376329,0
76400,766176.4998920262,261.0861047565024,0
76500,766277.3998454213,97.69422150390105,0
76600,766443.399945274,1162.009474240417,0
76700,766544.0000128001,876.3088494589948,0
76800,770775.199867785,3021.926985552926,0
76900,770887.2000221163,399.1297864610155,0
77000,770988.7998644263,459.5928160825088,0
77100,771087.1999152005,257.1163478415783,0
77200,771185.5999659747,317.41116235201673,0
77300,771289.7998280823,914.54509431669,0
77400,774917.8998637944,795.7320488906493,0
77500,775016.8999191374,2435.558676356837,0
77600,775112.9998359829,389.6405453555885,0
77700,775214.3000252545,446.8114362645214,0
77800,775313.6998508126,262.40999772617477,0
77900,780797.7998163551,441.79781449510136,0
78000,781016.0999651998,255.7937362013012,0
78100,781230.5998522788,282.7498026563836,0
78200,781472.9998353869,243.46480802975728,0
78300,781690.9998655319,320.9784174170719,0
78400,787181.1999939382,1046.5837293830384,0
78500,787286.999868229,825.3954763424765,0
78600,787387.4998185784,2649.331606486035,0
78700,787558.9998438954,241.7058104956044,0
78800,787706.4999192953,277.87908470701325,0
78900,791623.5998272896,609.8842959424869,0
79000,791843.3998711407,9064.728612471206,0
79100,792060.3000093251,1368.186322627629,0
79200,792270.5998644233,511.91937661476715,0
79300,792480.7998351753,412.71307343270246,0
79400,796265.099896118,228.97010937620743,0
79500,796374.699799344,291.173004790281,0
79600,796481.0999110341,689.9145926084683,0
79700,796614.3998783082,1493.3565978422293,0
79800,796754.8999004066,88.71697826931172,0
79900,813762.1998321265,1937.231489928681,0
80000,813868.0998235941,1579.9464849409894,0
80100,813976.1998318136,1229.8219141737893,0
80200,814077.1000180393,1718.9412132608586,0
80300,814176.8998466432,72.93812139998552,0
80400,814276.8000252545,1179.1431859786426,0
80500,814376.3998523355,74.64159466034577,0
80600,814475.9000279009,1471.742998435467,0
80700,814575.1999691129,1187.7132935950763,0
80800,814678.2999392599,3466.6655034074215,128
80900,814774.7998591512,403.2014090628591,128
81000,814872.7999068797,1433.3237397255627,128
81100,814969.299826771,422.69450944566347,128
81200,815066.5999855846,220.2043075416674,128
81300,815164.0999130905,274.78177924749195,128
81400,815261.1998375505,105.40149438086668,128
81500,816039.8998297751,1295.0225495873085,128
81600,816142.4999125302,935.8064210970047,128
81700,816243.999870494,3801.3329478783353,128
81800,816345.2998269349,409.08773143506426,128
81900,816446.6999005526,4143.5325868364835,128
82000,822711.9999937713,429.9645557518009,128
82100,822915.1999112219,2426.6785688291293,128
82200,823020.0000107288,2051.2778881881495,128
82300,823120.6999626011,372.05931222228264,128
82400,823220.3999068588,614.0964564149234,128
82500,827443.1999307126,1046.5837293830384,128
82600,827549.1998065263,3325.420087759391,128
82700,827653.1000155956,404.5592572615046,128
82800,827756.3999872655,1806.9399410749584,128
82900,827859.2999558896,1614.6431390638197,128
83000,831739.6999336779,1250.8257889142285,128
83100,831959.699979052,425.87403354137774,128
83200,832177.5998920202,386.93221660231995,128
83300,832396.0998095572,2320.286369357331,128
83400,832620.0998853892,87.86282135027398,128
83500,837086.0998984426,1545.2845161229168,128
83600,837193.9000207931,1256.352196462252,128
83700,837296.9999909401,3856.623172888994,128
83800,837399.9998439103,413.619764856944,128
83900,837561.1999072134,347.805439070714,128
84000,842587.6998808235,418.15535752714374,128
84100,842688.9998372644,226.7773241994524,128
84200,842786.9000006467,264.6171978586259,128
84300,842893.0998779833,122.1401466593694,128
84400,842997.7998603135,1411.2970004954825,128
84500,848121.8998786062,83.16750315811517,128
84600,848227.2999826819,272.57048597947266,128
84700,848340.6000304967,605.6726774279372,128
84800,848448.5999215394,1941.611115388152,128
84900,848554.200027138,1710.2377840042611,128
85000,852151.0998252779,1188.1807382864095,128
85100,852429.5999668539,407.72881546192275,128
85200,852903.8999695331,228.53148115589002,128
85300,853193.299844861,290.28574686186687,128
85400,853379.09986265,680.0836679092927,128
85500,853513.3998375386,1445.8245637576176,128
85600,857264.4998785108,1166.2920892381428,128
85700,857368.6999734491,4092.4772845295083,128
85800,857469.2998081446,415.4335748152254,128
85900,857570.1999943703,462.7925211161977,128
86000,857674.4999736547,255.7937362013012,128
86100,863010.8998622745,102.40285128477682,128
86200,863113.4999450296,1059.389301661043,128
86300,863215.9000262618,940.0603123267282,128
86400,863316.8998640031,3026.438848736787,128
86500,863419.2999452353,392.8018816923873,128
86600,867041.2998180836,455.4814722694135,128
86700,867144.0000180155,254.47144489337288,128
86800,867244.2999668419,461.4210054040032,128
86900,867344.3999141455,261.5273668205766,128
87000,867445.0998660177,111.40401266807682,128
87100,872943.4998240322,1102.10976985037,128
87200,873054.799856618,986.8888850742177,128
87300,873165.4000002891,2756.686323164866,128
87400,873270.4999856651,383.3231047770212,128
87500,873374.2998447269,465.5365135376329,128
87600,878464.2999526113,253.14947391779344,128
87700,878568.5999318957,452.7421780557605,128
87800,878669.6000024676,442.7090617571925,128
87900,878770.7998417318,228.53148115589002,128
88000,878872.1000310034,279.64975657565583,128
88100,882661.5998987108,110.11717147341612,128
88200,882765.4998749495,259.7625321191789,128
88300,882868.0999577045,529.956218964692,128
88400,882970.1999202371,1745.0645080199338,128
88500,883077.9998097569,1183.427968807916,128
88600,888551.7998132855,1211.0860345156334,128
88700,888657.5999204069,414.52659865111826,128
88800,888758.699875325,220.642259504804,128
88900,888858.9998241514,266.8252878031571,128
89000,888959.7998932004,103.6877704853447,128
89100,892772.4999375641,1290.723675852977,128
89200,892873.5998924822,1025.2519480774342,128
89300,892970.799934119,264.1756866471692,128
89400,893067.6998570561,626.7361895795541,128
89500,893165.4000189155,2311.4344436397387,128
89600,898305.7998120785,1562.6111648688584,128
89700,898409.399902448,375.21093181116777,128
89800,898507.3999501765,433.6029957832567,128
89900,898604.5999918133,234.23642423370595,128
90000,898703.1998112798,294.2795287029512,128
90100,898799.9998498708,580.7325501531195,128
90200,904311.1999053508,294.7234602032655,128
90300,904448.0000156909,227.6543314927048,128
90400,904551.0999858379,300.0534144207263,128
90500,904652.6998281479,778.7934419916871,128
90600,904766.2999946624,2360.1468620018936,128
90700,908600.7999721915,2156.8766613136104,128
90800,908700.9998038411,365.76130513954286,128
90900,908797.8999596089,425.419709035969,128
91000,908907.2998613119,250.06612071168658,128
91100,909007.7998116612,430.4192361820416,128
91200,914337.3998813331,242.14550649041783,128
91300,914443.2998728007,284.9651890599709,128
91400,914545.6999540329,278.3216992854491,128
91500,914647.5999150425,319.64042982405215,128
91600,914750.3999993205,867.81786769404,128
91700,920660.4999490082,1368.186322627629,128
91800,920773.1999922544,2121.6423849670323,128
91900,920881.5000019968,371.60922322237474,128
92000,920989.0000056475,432.2383138278368,128
92100,921094.0999910235,250.94690080815832,128
92200,923419.1998839378,285.85159276878824,128
92300,923520.6998419017,271.24413712845956,128
92400,923618.2998865843,454.1116649964126,128
92500,923719.3998415023,255.35293683950857,128
92600,923822.4998116493,329.9065209750057,128
92700,928998.7999945879,1217.7257419260302,128
92800,929107.3000058532,918.7962757569794,128
92900,929213.6000003666,2373.443448125378,128
93000,929320.7000009716,85.30120481275752,128
93100,929426.0998722166,1493.3565978422293,128
93200,934736.7000300437,1183.427968807916,128
93300,934841.2998951972,3649.6872328300037,128
93400,934942.9998546839,423.60276693916586,128
93500,935045.1999343932,451.8293647244086,128
93600,935219.599865377,254.03075230902988,128
93700,940331.7999094725,235.99300147900118,128
93800,940465.6998813152,279.2070352197705,128
93900,940603.9000023156,504.7564204447963,128
94000,940716.1998096853,1428.5564464634556,128
94100,940824.5999366045,1114.9364784859613,128
94200,940929.7998063266,3755.3173757370055,128
94300,944241.1998752505,407.27591465584203,128
94400,944348.2998758554,455.9381458787135,128
94500,944454.2999844998,433.1480662056336,128
94600,944560.3999774903,601.4616008712742,128
94700,944665.9998502582,2209.793110779899,128
94800,949906.1999376863,371.15916981495,128
94900,950013.9998272061,443.164738776963,128
95000,950131.8000257015,263.7342110281958,128
95100,950235.900003463,282.7498026563836,128
95200,950340.3999842703,270.80209202975493,128
95300,955408.2998074591,476.06702124628225,128
95400,955511.6000119597,256.67544170233606,128
95500,955610.1998314261,323.20910858843536,128
95600,955709.1000024229,1008.196278274914,128
95700,955807.7999390662,795.7320488906493,128
95800,959323.7999361008,2918.303712700903,128
95900,959429.8999290913,397.32110182031494,128
96000,959535.6998033822,451.37301144745743,128
96100,959650.999866426,384.22516917844666,128
96200,959755.1999613643,476.98360738085347,128
96300,965079.3999899179,400.4866736626146,128
96400,965182.3998428881,258.88032832337916,128
96500,965281.9999027997,267.708772928352,128
96600,965385.9999962151,109.68829559349561,128
96700,965486.6999480873,1273.5336004945198,128
96800,970802.0000252873,931.5530718251681,128
96900,970909.700030461,3270.884268127217,128
97000,971030.7999048382,397.32110182031494,128
97100,971133.7999906391,446.35547450488536,128
97200,971235.8999531716,244.78442990144555,128
97300,975350.4998516291,313.4007232287946,128
97400,975457.9998552799,910.2944548342876,128
97500,975562.3999517411,846.5998975446728,128
97600,975666.3998123258,2475.545987146921,128
97700,975770.9000259638,78.47649165642356,128
97800,980881.6998265684,1489.032794045103,128
97900,980992.3998545855,1076.4709854421315,128
98000,981096.6998338699,287.1814652756382,128
98100,981221.1999669671,288.51165811483696,128
98200,981336.8998002261,324.1016342043631,128
98300,981490.0998026133,1614.6431390638197,128
98400,985001.6999989748,359.47027418351024,128
98500,985105.8998610824,2488.0510160451354,128
98600,985206.8999316543,961.3378978436481,128
98700,985309.7000159323,2940.8061230420867,128
98800,985407.9999495298,391.8984647766002,128
98900,991035.7999615371,446.8114362645214,128
99000,991138.9998160303,253.14947391779344,128
99100,991238.09998855,332.14077139468924,128
99200,991341.2998430431,399.1297864610155,128
99300,991438.4000003338,380.1670005352528,128
99400,994995.0999580324,435.42307001858154,128
99500,995100.0998262316,388.73762673456616,128
99600,995203.4000307322,441.79781449510136,128
99700,995306.0999978334,239.94738244118273,128
99800,995409.1999679804,300.49780862332216,128
99900,1000531.2999710441,829.6352766671422,128
100000,1000639.3999792635,2426.6785688291293,128
100100,1000743.3998398483,1981.0521326282985,128
100200,1000846.9999302179,365.76130513954286,128
100300,1000950.2999018878,431.7834910276631,128
100400,1006092.5998259336,251.3873442451189,128
100500,1006197.0998067409,290.28574686186687,128
100600,1006297.7999914438,656.2478688230655,128
100700,1006436.3998826593,2060.065862875094,128
100800,1006544.6000080556,1292.9995459649335,128
100900,1011898.9998009056,2400.05125323529,128
101000,1012008.1999339163,1884.7182571302037,128
101100,1012112.0999101549,365.3117144343997,128
101200,1012215.4999990016,432.2383138278368,128
101300,1012318.5999691486,255.7937362013012,128
101400,1015894.1999543458,274.78177924749195,128
101500,1015997.7998118848,656.2478688230655,128
101600,1016097.5998733193,1981.0521326282985,128
101700,1016200.5999591202,1549.615365372572,128
101800,1016384.799964726,2271.627604825974,128
101900,1021698.9999171346,538.3604874677519,128
102000,1021805.4999131709,728.0296492519375,128
102100,1021910.5000142008,2448.88290233255,128
102200,1022007.699823007,81.03469131555279,128
102300,1022104.9999818206,1411.2970004954825,128
102400,1025890.1999332011,1204.860012322586,128
102500,1025998.0999398977,2199.375775109508,128
102600,1026096.299989149,418.6091125528213,128
102700,1026193.5000307858,1178.7567466844737,128
102800,1026291.1999598145,407.27591465584203,128
102900,1026388.4000014514,381.9702751185069,128
103000,1031274.8998403549,2698.4971016415902,128
103100,1031374.8999033123,82.31427164364061,128
103200,1031472.1998292953,1523.638399242944,128
103300,1031570.1998770237,1179.1431859786426,128
103400,1031667.1999171376,4120.3175018741,128
103500,1037183.4000106901,413.619764856944,128
103600,1037294.5999260992,1198.4707012937959,128
103700,1037393.8998673111,412.2597811093064,128
103800,1037492.4999196082,378.81491831888576,128
103900,1037594.3998806179,2209.793110779899,128
104000,1042453.6999780685,387.83485048347666,128
104100,1042559.0998493135,442.2534203299054,128
104200,1042662.2999366373,240.38693606606336,128
104300,1042764.1000133008,296.94365159208485,128
104400,1042865.8998571336,694.2304773897184,128
104500,1046492.9998852313,2360.1468620018936,128
104600,1046594.0998401493,1433.9838302200308,128
104700,1046692.8000096232,855.0854597307591,128
104800,1046791.0999432206,2369.010710792996,128
104900,1046889.7998798639,78.47649165642356,128
105000,1052335.3000171483,1510.6572326096023,128
105100,1052630.3998194635,97.26637780599336,128
105200,1053134.9999364465,308.0579557173816,128
105300,1053345.1000228524,872.0630875975739,128
105400,1053569.2998673767,2471.100784783142,128
105500,1056901.799980551,1749.4202873323836,0
105600,1057007.6999720186,390.5436063465435,0
105700,1057149.0998845547,436.7884994161487,0
105800,1057362.199993804,240.82652528342717,0
105900,1057574.899867177,277.4365057210606,0
106000,1063125.0999867916,521.5541182931793,0
106100,1063227.399950847,1618.9826596396642,0
106200,1063326.40000619,1256.352196462252,0
106300,1063424.3998210877,1808.7922996306413,0
106400,1063524.9000042677,393.2536435390057,0
106500,1077103.5000216216,234.67551515630495,0
106600,1077321.3999345899,269.4761702885402,0
106700,1077538.4998414665,230.7249781823091,0
106800,1077753.7999674678,282.7498026563836,0
106900,1077968.4998560697,664.2008395311179,0
107000,1078184.7999896854,1441.506721497247,0
107100,1078321.199864149,1342.3459298854852,0
107200,1078423.4998282045,4060.0216900446676,0
107300,1078523.299889639,400.03434233626496,0
107400,1078622.1998278052,446.35547450488536,0
107500,1078720.7998801023,272.1283341033184,0
107600,1079450.299963355,98.55001567716603,0
107700,1079549.9999076128,1196.2855690430572,0
107800,1079648.899845779,948.5697206598356,0
107900,1079746.6998919845,2967.8269000617734,0
108000,1079845.9998331964,403.6539895365911,0
108100,1083099.399926141,477.44195383686395,0
108200,1083202.499896288,390.5436063465435,0
108300,1083303.9998542517,235.55380377895258,0
108400,1083404.7999233007,265.05874466256574,0
108500,1083505.5999923497,104.11614807050039,0
108600,1088732.7999807894,1264.941814562612,0
108700,1088862.4999206513,867.81786769404,0
108800,1088967.1000186354,3017.415664326952,0
108900,1089076.7998062074,392.8018816923873,0
109000,1089196.8999058008,465.9939701815634,0
109100,1093359.0999338776,428.1461899556696,0
109200,1093536.8998907506,460.0498100241575,0
109300,1093644.5998959243,426.32839363926973,0
109400,1093768.9000274986,643.596754542811,0
109500,1093933.4998838603,2130.447702306355,0
109600,1097652.7000311762,373.40979277690565,0
109700,1097783.3999786526,5315.795628216515,0
109800,1097952.8999887407,660.4659908322575,0
109900,1098153.4000020474,318.30276256338135,0
110000,1098344.1998250782,34.1269020629226,0
110100,1104276.399826631,462.3353136196496,0
110200,1104433.599859476,254.03075230902988,0
110300,1104573.5999941826,332.14077139468924,0
110400,1104688.299819827,1038.049390987136,0
110500,1104802.5998752564,761.8635064189145,0
110600,1108698.0998516083,2779.0911810864186,0
110700,1108832.0999406278,386.93221660231995,0
110800,1108948.6998971552,453.65513375704546,0
110900,1109129.1999910027,251.82782327456277,0
111000,1109267.0999933034,444.5319833911734,0
111100,1109443.899942562,251.3873442451189,0
111200,1112962.3998422176,251.82782327456277,0
111300,1113076.299894601,414.52659865111826,0
111400,1113185.1999089122,390.0920580548244,0
111500,1113333.9998777956,442.7090617571925,0
111600,1113441.8998844922,249.1854829851478,0
111700,1118483.6998581886,287.1814652756382,0
111800,1118599.3999242783,639.3808003651666,0
111900,1118720.6998001784,1985.4371776666376,0
112000,1118831.7998312414,1575.6118419861261,0
112100,1118940.4998440295,1220.8804849824567,0
112200,1123995.2999167144,413.619764856944,0
112300,1124111.0998671502,389.6405453555885,0
112400,1124234.0998724103,434.9679980710254,0
112500,1124342.1998806298,246.10437210548258,0
112600,1124449.8000014573,274.33944940892167,0
112700,1129946.7999488115,559.3806429884215,0
112800,1130122.7000076324,1950.3719921807544,0
112900,1130286.7999766022,108.83065061110422,0
113000,1130451.7998360097,2542.2890575500255,0
113100,1130608.9998688549,1875.9736390742062,0
113200,1134666.2999130785,375.21093181116777,0
113300,1134779.3999593705,436.33332069114306,0
113400,1134886.4999599755,243.9046463945035,0
113500,1134992.699837312,298.7204453678379,0
113600,1135097.999824211,241.26615009327418,0
113700,1138987.3998705298,305.8333152681623,0
113800,1139099.0000218153,275.2241446785454,0
113900,1139204.500010237,434.9679980710254,0
114000,1139380.5998377502,261.0861047565024,0
114100,1139494.4998901337,108.40188150863332,0
114200,1144616.900011897,1149.1648809945596,0
114300,1144730.6999471039,76.77173706666812,0
114400,1144839.0998411924,1338.0410946143986,0
114500,1144948.299974203,1046.5837293830384,0
114600,1145055.9999793768,3421.0455605234874,0
114700,1148867.999901995,398.22537295569873,0
114800,1149055.5999334902,2280.46598309296,0
114900,1149207.4998095632,410.9001176940177,0
115000,1149322.799872607,371.15916981495,0
115100,1149434.6999097615,269.4761702885402,0
115200,1154990.0998361409,234.67551515630495,0
115300,1155207.6998632401,288.51165811483696,0
115400,1155401.1998232454,563.5862999662161,0
115500,1155587.799847126,324.99430219022366,0
115600,1155775.6999973208,252.26833789648975,0
115700,1155968.4998355806,473.31811706216524,0
115800,1159483.4998250008,409.5407746110779,0
115900,1159593.499964103,373.8600241467464,0
116000,1159700.899850577,273.45489650923076,0
116100,1159823.4998527914,106.68716102358175,0
116200,1159933.099988848,263.7342110281958,0
116300,1165264.799958095,534.1580822372784,0
116400,1165373.5998552293,318.7486160577884,0
116500,1165479.1999608278,237.75014820402768,0
116600,1165592.199889943,303.6095646310228,0
116700,1165699.8000107706,884.801999055497,0
116800,1171433.1998955458,76.34563740043723,0
116900,1171632.699901238,986.8888850742177,0
117000,1171805.7999387383,84.44761737345097,0
117100,1171919.0999865532,1187.7132935950763,0
117200,1172027.3999962956,965.5950408206926,0
117300,1175768.9998485148,3384.5886271841914,0
117400,1175879.9999952316,385.1273759498049,0
117500,1175988.799892366,472.8600909385037,0
117600,1176096.0000101477,243.9046463945035,0
117700,1176203.3000122756,348.70187985979385,0
117800,1179744.7998542339,410.9001176940177,0
117900,1179854.3999902904,397.32110182031494,0
118000,1179962.9000015557,2618.0786165520985,0
118100,1180073.40002805,517.3538808942533,0
118200,1180182.2998095304,308.9480610444518,0
118300,1185482.8000068665,246.54442402512808,0
118400,1185595.0998142362,480.65137561846655,0
118500,1185704.4999487698,260.2036874058035,0
118600,1185819.8998961598,318.7486160577884,0
118700,1185964.4998330623,918.7962757569794,0
118800,1191077.6998847723,863.5731897483929,0
118900,1191189.9999249727,2475.545987146921,0
119000,1191298.0999331921,982.629032307739,0
119100,1191406.2998257577,3439.2870341824187,0
119200,1191513.8999465853,403.2014090628591,0
119300,1195018.5999739915,463.70704288674324,0
119400,1195130.9000141919,257.99826689751234,0
119500,1195239.0999067575,265.5003270589888,0
119600,1195346.700027585,889.0493867905782,0
119700,1195455.3998075426,744.9422421723311,0
119800,1195563.8998188078,2439.9995430575214,0
119900,1200679.2000029236,83.16750315811517,0
120000,1200790.4998026788,297.3877966472983,0
120100,1200896.2999098003,597.2510662724982,0
120200,1201018.0000215769,1959.1350368049045,0
120300,1201127.3999232799,1649.374478491408,0
120400,1206222.399836406,1253.5925172939424,0
120500,1206335.2998811752,2095.239439938345,0
120600,1206444.300012663,464.16435716074085,0
120700,1206553.0999097973,2196.556681981854,0
120800,1206661.299802363,372.05931222228264,0
120900,1210495.499894023,464.16435716074085,0
121000,1210604.599909857,249.1854829851478,0
121100,1210708.0998830497,284.9651890599709,0
121200,1210811.4999718964,274.33944940892167,0
121300,1210914.4998248667,441.79781449510136,0
121400,1216252.5998428464,436.7884994161487,0
121500,1216364.499880001,698.4534770198918,0
121600,1216473.300009966,2280.469775301603,0
121700,1216588.799841702,375.6613055509414,0
121800,1216695.599956438,441.79781449510136,0
121900,1220743.3998119086,262.40999772617477,0
122000,1220856.8998612463,444.5319833911734,0
122100,1220968.1998938322,240.38693606606336,0
122200,1221075.49989596,468.2817872884635,0
122300,1221184.300025925,404.5592572615046,0
122400,1226034.6999391913,728.0296492519375,0
122500,1226148.499874398,1976.6676295478458,0
122600,1226263.6998202652,375.21093181116777,0
122700,1226372.4999502301,430.4192361820416,0
122800,1226483.3999797702,377.9137081370571,0
122900,1231592.4998838454,451.37301144745743,0
123000,1231711.6998601705,243.46480802975728,0
123100,1231820.4999901354,490.2901051533353,0
123200,1231929.0000014007,402.74886418161043,0
123300,1232037.599897012,456.85159987476305,0
123400,1237365.0998342782,275.666545702082,0
123500,1237473.7998470664,106.25856988352686,0
123600,1237578.1999435276,257.1163478415783,0
123700,1237680.8000262827,647.8132506783423,0
123800,1237784.0999979526,311.1739472305832,0
123900,1237887.7999726683,263.29277100170555,0
124000,1241656.299913302,456.39485508049665,0
124100,1241767.899831757,248.30498762854168,0
124200,1241876.999847591,241.26615009327418,0
124300,1241983.9999638498,261.5273668205766,0
124400,1242088.899947703,119.13178681536586,0
124500,1247174.3000205606,1200.5725197038785,0
124600,1247281.8999085575,1204.860012322586,0
124700,1247386.1000034958,274.33944940892167,0
124800,1247490.2998656034,261.0861047565024,0
124900,1247594.099957496,294.7234602032655,0
125000,1251809.3998078257,833.8756189496944,0
125100,1251921.899849549,2400.05125323529,0
125200,1252031.0999825597,1884.7182571302037,0
125300,1252141.600009054,370.2591697775502,0
125400,1252252.1999198943,416.34069334926545,0
125500,1258036.6998445243,245.66435577832036,0
125600,1258239.2999902368,279.64975657565583,0
125700,1258437.1999837458,538.3604874677519,0
125800,1258596.799802035,1749.4202873323836,0
125900,1258709.799963981,1402.6705292588172,0
126000,1263089.600019157,1213.484557152798,0
126100,1263285.0999943912,412.2597811093064,0
126200,1263480.3999681026,237.31080813404628,0
126300,1263675.79982616,277.4365057210606,0
126400,1263867.50000529,111.83303091793012,0
126500,1267659.7000099719,1428.5564464634556,0
126600,1267767.6999010146,1234.8876354743716,0
126700,1267872.2999989986,3416.4865470034715,0
126800,1267976.0998580605,412.71307343270246,0
126900,1268080.4999545217,463.70704288674324,0
127000,1272014.5999919623,238.6289351214401,0
127100,1272125.7999073714,486.15729907287005,0
127200,1272233.8000312448,2033.708442308902,0
127300,1272342.4998112023,372.5094368146739,0
127400,1272449.1998087615,425.419709035969,0
127500,1277423.1999646872,254.03075230902988,0
127600,1277539.299800992,294.7234602032655,0
127700,1277650.6999507546,719.5766045390617,0
127800,1277761.499863118,2024.9269711166,0
127900,1277871.900005266,1597.2904763393096,0
128000,1283004.6999733895,1221.4844065316445,0
128100,1283124.6999558061,414.0731639577896,0
128200,1283234.8998636007,664.684654799336,0
128300,1283345.599891618,2493.332216180905,0
128400,1283455.4999135435,368.00979255250644,0
128500,1283565.1999339461,426.7827893296449,0
128600,1287459.6000183374,267.708772928352,0
128700,1287577.799987048,304.9437082358569,0
128800,1287691.9999253005,694.2304773897184,0
128900,1287805.4999746382,280.09251352402447,0
129000,1287925.8999601007,1008.196278274914,0
129100,1293154.5998435467,635.1653881454089,0
129200,1293270.6999126822,2126.0447726577504,0
129300,1293382.3999483138,378.3642954317298,0
129400,1293492.3998545855,1299.3219652795267,0
129500,1293603.1999997795,1046.5837293830384,0
129600,1297650.699969381,3411.9280754413426,0
129700,1297771.899960935,400.03434233626496,0
129800,1297887.8000285476,446.8114362645214,0
129900,1298006.0998816043,246.98451153725668,0
130000,1298119.6998152882,327.2265950233312,0
130100,1303955.1998954266,1003.9337157190013,0
130200,1304134.8999831825,1945.9912828055094,128
130300,1304251.8999427557,2156.8766613136104,128
130400,1304372.699931264,377.9137081370571,128
130500,1304484.3999668956,439.97574708071744,128
130600,1308403.2000042498,234.23642423370595,128
130700,1308520.499849692,275.2241446785454,128
130800,1308631.6999979317,271.24413712845956,128
130900,1308742.699911818,479.2756955857376,128
131000,1308855.0998363644,257.99826689751234,128
131100,1313843.0998660624,479.2756955857376,128
131200,1313962.6998454332,432.6931722204935,128
131300,1314075.3998886794,702.6770186079522,128
131400,1314210.4998696595,2685.081826740887,128
131500,1314322.399906814,504.7564204447963,128
131600,1318089.9999570101,1502.0058313101422,128
131700,1318206.9999165833,1200.5725197038785,128
131800,1318318.1998319924,4166.761220746037,128
131900,1318429.0998615324,414.0731639577896,128
132000,1318584.8998837173,357.67411809689617,128
132100,1323084.0999167413,421.78639432209394,128
132200,1323205.4999098182,229.40877318900806,128
132300,1323320.599971339,280.53530606487635,128
132400,1323434.3000221997,653.528311227281,128
132500,1323548.0999574065,1333.7368013011987,128
132600,1323661.4998895675,1179.1431859786426,128
132700,1328917.0998614281,3475.7959954788507,128
132800,1329029.1000157595,411.8065243783937,128
132900,1329136.0998991877,1787.1236725196072,128
133000,1329243.9999058843,410.4469677405546,128
133100,1329370.2998198569,385.5785327242089,128
133200,1334763.600025326,1994.2088936169773,128
133300,1334995.7999307662,386.02972509109605,128
133400,1335224.699927494,444.07619959395333,128
133500,1335458.799963817,245.22437504364132,128
133600,1335701.399948448,294.2795287029512,128
133700,1346750.299911946,281.86389724233106,128
133800,1346860.9999399632,32.98853500668143,128
133900,1346964.799799025,407.27591465584203,128
134000,1347069.9999015778,373.40979277690565,128
134100,1347172.899870202,2364.5785154185014,128
134200,1348014.5998764783,379.7162708706472,128
134300,1348143.3999259025,440.43121054558856,128
134400,1348256.4999721944,235.99300147900118,128
134500,1348362.2998464853,281.86389724233106,128
134600,1348472.3998699337,270.80209202975493,128
134700,1349273.3000312,455.4814722694135,128
134800,1349383.5998233408,252.26833789648975,128
134900,1349501.800024882,469.19716327860584,128
135000,1349610.2998033166,403.6539895365911,128
135100,1349719.6999378502,395.0610468503112,128
135200,1355603.2998021692,429.9645557518009,128
135300,1355741.7998090386,247.42463464186847,128
135400,1355853.6998461932,277.4365057210606,128
135500,1355960.999848321,694.2304773897184,128
135600,1356068.9999721944,330.35329987397597,128
135700,1359934.1998342425,243.02500525749426,128
135800,1360042.5999611616,419.06290317098205,128
135900,1360154.2999967933,415.88711628600385,128
136000,1360266.9998072088,231.1637843650425,128
136100,1360371.199902147,416.7943060050102,128
136200,1365239.5999524742,392.8018816923873,128
136300,1365349.099971354,447.723466561243,128
136400,1365452.9999475926,266.3835986292844,128
136500,1365568.3000106364,439.06492692842465,128
136600,1365673.2998788357,256.23457115557704,128
136700,1365777.499973774,316.96541563505923,128
136800,1369251.0998807847,829.6352766671422,128
136900,1369463.8998713344,668.9038607243016,128
137000,1369589.6998979151,2170.09845724871,128
137100,1369751.8999688327,382.4211827455285,128
137200,1369919.6998495609,437.69896364360943,128
137300,1374517.1998161823,245.66435577832036,128
137400,1374628.9999689907,285.85159276878824,128
137500,1374735.3998478502,268.5924004234797,128
137600,1374841.7999595404,461.4210054040032,128
137700,1374948.1998384,252.26833789648975,128
137800,1380117.5998523831,106.68716102358175,128
137900,1380235.199816525,1067.9290596358137,128
138000,1380350.299878046,948.5697206598356,128
138100,1380463.7999273837,3416.4865470034715,128
138200,1380576.099967584,390.0920580548244,128
138300,1385471.1998719722,3617.5958340451216,128
138400,1385578.5999912769,402.74886418161043,128
138500,1385683.3998579532,2248.931135755676,128
138600,1385787.5999528915,422.2404340876371,128
138700,1385891.1998104304,368.00979255250644,128
138800,1389667.899813503,416.7943060050102,128
138900,1389779.0999617428,228.09288852805582,128
139000,1389886.8998512626,277.87908470701325,128
139100,1389992.1998381615,222.83255320773497,128
139200,1390097.0998220146,279.2070352197705,128
139300,1394953.3998966217,690.0080197174319,128
139400,1395063.699921593,322.31672534244035,128
139500,1395170.0998004526,256.23457115557704,128
139600,1395276.8999151886,487.534580767343,128
139700,1395382.999908179,271.24413712845956,128
139800,1400511.8999630213,109.68829559349561,128
139900,1400626.0000169277,252.70888811089995,128
140000,1400744.899874553,601.4616008712742,128
140100,1400854.9998980016,1519.31080174061,128
140200,1400964.4999168813,1243.471833995863,128
140300,1406210.8998186886,3930.4648714698596,128
140400,1406379.299936816,417.24795425323816,128
140500,1406578.8998268545,1202.0717217134613,128
140600,1406762.5999450684,421.78639432209394,128
140700,1406930.9998303652,227.6543314927048,128
140800,1410834.699869156,280.53530606487635,128
140900,1410965.2999322861,591.1554025291576,128
141000,1411086.4999238402,1450.1429479758758,128
141100,1411193.6998087913,1170.575246193756,128
141200,1411300.2999220043,2249.3612552831582,128
141300,1411406.6998008639,391.8984647766002,128
141400,1415456.400020048,423.14862039617304,128
141500,1415566.6998121887,1497.6809435972423,128
141600,1415671.6000288725,368.4595968125488,128
141700,1415777.700021863,1102.10976985037,128
141800,1415882.899891585,935.8064210970047,128
141900,1421299.499925226,3062.553264691597,128
142000,1421438.1999336183,396.8690196413477,128
142100,1421548.8999616355,439.06492692842465,128
142200,1421676.3000003994,246.10437210548258,128
142300,1421794.49996911,482.9448875226787,128
142400,1425480.3999792784,407.72881546192275,128
142500,1425592.799903825,240.82652528342717,128
142600,1425701.2999150902,269.0342675597683,128
142700,1425809.299806133,118.70216349329814,128
142800,1425916.9998113066,1303.6219229296316,128
142900,1430984.9999845028,1072.199751560029,128
143000,1431098.3999166638,37.32308649006127,128
143100,1431208.9998275042,234.67551515630495,128
143200,1431318.8998494297,302.7203135235495,128
143300,1431428.0999824405,706.9011021538993,128
143400,1436790.1999503374,289.8421712863846,128
143500,1436975.6998494267,931.5530718251681,128
143600,1437159.8998550326,719.5766045390617,128
143700,1437325.7998377085,2676.1410199298534,128
143800,1437436.9999859482,373.8600241467464,128
143900,1440846.199868247,458.2220478124615,128
144000,1440955.8998886496,391.8984647766002,128
144100,1441062.3000003397,465.0790924861858,128
144200,1441178.6999553442,244.34452035173297,128
144300,1441287.4998524785,323.6553536001576,128
144400,1446378.2999664545,991.1492797985832,128
144500,1446490.2998879552,897.5457881344015,128
144600,1446599.1000179201,597.2510662724982,128
144700,1446707.2000261396,770.3273902895271,128
144800,1446814.9000313133,3125.83695412709,128
144900,1451728.9998475462,395.0610468503112,128
145000,1451842.499896884,476.52529651732624,128
145100,1451952.0998001099,248.74521751060314,128
145200,1452112.6998588443,307.16799276024426,128
145300,1452219.3998564035,910.2944548342876,128
145400,1452324.0998387337,75.06755195664385,128
145500,1457360.7998900115,1038.049390987136,128
145600,1457468.4998951852,884.801999055497,128
145700,1457572.2999870777,2765.646640459827,128
145800,1457676.0998461396,386.02972509109605,128
145900,1457779.2999334633,3842.7933002048576,128
146000,1461628.0999034643,400.03434233626496,128
146100,1461736.5999147296,464.16435716074085,128
146200,1461842.0000188053,429.9645557518009,128
146300,1461946.199880913,311.6192312452591,128
146400,1462050.1999743283,278.76434945636817,128
146500,1467126.6998630017,237.75014820402768,128
146600,1467237.5998925418,287.1814652756382,128
146700,1467346.8000255525,246.10437210548258,128
146800,1467466.6000064462,282.30683215311575,128
146900,1467571.3998731226,643.596754542811,128
147000,1471505.800029263,2258.3684137966825,128
147100,1471614.8998122662,1902.21399673684,128
147200,1471718.6999041587,442.7090617571925,128
147300,1471823.10000062,412.2597811093064,128
147400,1471927.4998642504,230.28620759205884,128
147500,1476975.099882111,285.40837311813794,128
147600,1477087.6998081803,221.5182702085268,128
147700,1477196.4999381453,287.1814652756382,128
147800,1477304.699830711,778.7934419916871,128
147900,1477412.5998374075,2099.6385758817432,128
148000,1482301.4999274164,1658.0627329271736,128
148100,1482409.699819982,350.9436047009494,128
148200,1482514.2999179661,417.24795425323816,128
148300,1482621.4998029172,226.33887394155101,128
148400,1482728.7998050451,284.5220405942871,128
148500,1487859.2998720706,584.6227142234911,128
148600,1487973.0998072773,318.30276256338135,128
148700,1488082.1998231113,237.75014820402768,128
148800,1488190.6998343766,300.94223841840125,128
148900,1488298.5998410732,901.7948017431434,128
149000,1493219.2999403924,2400.05125323529,128
149100,1493330.4998558015,2245.1141003883718,128
149200,1493437.6999735832,371.15916981495,128
149300,1493545.399978757,432.2383138278368,128
149400,1493652.8999824077,257.5572895733037,128
149500,1493759.399978444,434.51296171595277,128
149600,1497045.5998554826,248.30498762854168,128
149700,1497149.9999519438,309.3931670967117,128
149800,1497256.799833849,791.4965842290785,128
149900,1497353.999875486,2395.6152641555877,128
150000,1497451.8998060375,2170.09845724871,128
150100,1503151.6999006271,374.3102911090703,128
150200,1503351.1000219733,433.6029957832567,128
150300,1503530.0999879837,249.62578405217562,128
150400,1503672.4999081343,306.2781721730397,128
150500,1503812.699811533,605.6726774279372,128
150600,1507426.1999689043,1797.369628989864,128
150700,1507524.6000196785,1381.1138354301731,128
150800,1507620.5998193473,1250.8770182341902,128
150900,1507716.2999659777,1793.0078881406587,128
151000,1507813.5998919606,360.3685657817164,128
151100,1513176.2998644263,656.2478688230655,128
151200,1513281.8999700248,978.3697214991471,128
151300,1513385.7999462634,2783.57377854439,128
151400,1513488.2000274956,265.5003270589888,128
151500,1513592.3000052571,284.9651890599709,128
151600,1518432.6998423785,673.123608607154,128
151700,1518537.0999388397,2546.742931239994,128
151800,1518648.3999714255,571.9992397954655,128
151900,1518814.1998369247,728.0296492519375,128
152000,1519035.9998960048,2533.3829360437494,128
152100,1522662.5998038799,113.1202992223892,128
152200,1522776.3999719173,1346.6513071144589,128
152300,1522881.0999542475,1140.604528620089,128
152400,1522984.1999243945,3580.9524671927525,128
152500,1523087.0998930186,414.0731639577896,128
152600,1528030.7999346405,464.16435716074085,128
152700,1528137.8999352455,254.91217307019917,128
152800,1528241.900028661,106.68716102358175,128
152900,1528345.2000003308,247.86479333896352,128
153000,1528449.2999780923,113.1202992223892,128
153100,1533813.799964264,257.5572895733037,128
153200,1533916.2999298424,691.8588107578088,128
153300,1534014.7998649627,1727.6468103490026,128
153400,1534112.700028345,102.83112209248293,128
153500,1534211.3999649882,2293.737095699197,128
153600,1538591.4999060333,1854.1215781972332,128
153700,1538703.0998244882,372.05931222228264,128
153800,1538806.4999133348,420.4244885803636,128
153900,1538908.2999899983,246.98451153725668,128
154000,1539014.0998642892,427.69168748784494,128
154100,1539116.1998268217,262.85136656769856,128
154200,1544611.0998746008,280.97813419821136,128
154300,1544821.7999655753,635.1653881454089,128
154400,1544999.6998067945,294.2795287029512,128
154500,1545104.8999093473,948.5697206598356,128
154600,1545206.599868834,292.06040508862793,128
154700,1549228.9999965578,1033.783034726015,128
154800,1549340.3999134898,78.47649165642356,128
154900,1549450.7998228073,1484.7095322058638,128
155000,1549565.4998812824,81.46118249909887,0
155100,1549674.3998955935,1536.624443497267,0
155200,1554828.6999110132,1243.471833995863,0
155300,1554942.49984622,4325.075249409974,0
155400,1555064.6998453885,429.9645557518009,0
155500,1555172.499967739,230.28620759205884,0
155600,1555284.2998877168,267.26701256951293,0
155700,1558843.8999839127,104.11614807050039,0
155800,1558956.0000225902,1247.7647461934394,0
155900,1559065.0998055935,1025.2519480774342,0
156000,1559173.4999325126,3198.2912405176376,0
156100,1559280.6998174638,390.9951902307459,0
156200,1564300.699857995,455.9381458787135,0
156300,1564406.9998525083,390.9951902307459,0
156400,1564510.0998226553,451.8293647244086,0
156500,1564612.6000210643,434.51296171595277,0
156600,1564715.4999896884,367.1102908098714,0
156700,1570334.699936211,421.332390149034,0
156800,1570671.5998239815,250.50649296368084,0
156900,1570814.3999800086,423.60276693916586,0
157000,1570933.099836111,277.4365057210606,0
157100,1571045.0999904424,293.3917724797723,0
157200,1574913.4998768568,749.1717452971468,0
157300,1575027.6998151094,2320.286369357331,0
157400,1575137.8999557346,2104.0382537830274,0
157500,1575248.199980706,367.5600238849473,0
157600,1575353.399850428,529.956218964692,0
157700,1578795.599984005,982.629032307739,0
157800,1578903.4999907017,279.2070352197705,0
157900,1579007.3999669403,660.4659908322575,0
158000,1579115.099972114,1784.2860323159089,0
158100,1579219.2998342216,1458.7813422860515,0
158200,1579325.6999459118,3673.8467812303584,0
158300,1584709.599846974,1797.369628989864,0
158400,1584822.400007397,363.51370753865916,0
158500,1584932.5999151915,416.7943060050102,0
158600,1585041.6999310255,239.5078644087853,0
158700,1585150.8998312056,436.7884994161487,0
158800,1590325.6998863071,255.7937362013012,0
158900,1590439.3999371678,451.37301144745743,0
159000,1590560.8998145908,248.74521751060314,0
159100,1590669.099939987,480.19278001507365,0
159200,1590777.3999497294,401.84388119656245,0
159300,1595626.899972558,223.2707187257708,0
159400,1595739.4000142813,445.8995483377326,0
159500,1595848.3000285923,234.23642423370595,0
159600,1595957.6999302953,293.8356327951201,0
159700,1596066.8998304754,694.2304773897184,0
159800,1609061.3999404013,1745.0645080199338,0
159900,1609313.5999981314,1290.723675852977,0
160000,1609536.999836564,9352.617361051787,0
160100,1609754.1998606175,1640.6883918871897,0
160200,1609971.7000033706,479.2756955857376,0
160300,1610188.3000228554,2024.9269711166,0
160400,1610403.300030157,378.3642954317298,0
160500,1610620.099818334,1239.1794637561738,0
160600,1610833.8998164982,957.0812968244903,0
160700,1611059.2999029905,3645.101121415645,0
160800,1612503.3998396248,410.9001176940177,0
160900,1612717.0999534428,456.39485508049665,0
161000,1612830.8000043035,414.52659865111826,0
161100,1612939.7000186145,354.53221525592477,0
161200,1613046.000013128,412.2597811093064,0
161300,1614966.7999707162,397.32110182031494,0
161400,1615079.9999013543,438.15424914606456,0
161500,1615210.5999644846,252.70888811089995,0
161600,1615323.7998951226,279.2070352197705,0
161700,1615429.2998835444,233.35834916595755,0
161800,1620952.1999116987,303.6095646310228,0
161900,1621066.699968651,889.0493867905782,0
162000,1621205.5999785662,299.6090558106136,0
162100,1621315.9998878837,1008.196278274914,0
162200,1621423.2000056654,732.2569845452056,0
162300,1621532.3000214994,2644.865267764669,0
162400,1625308.6000215262,395.5129866593454,0
162500,1625430.499901995,454.1116649964126,0
162600,1625540.6998097897,264.6171978586259,0
162700,1625647.199805826,442.2534203299054,0
162800,1625753.599917516,255.35293683950857,0
162900,1630616.799928248,445.443657763063,0
163000,1630729.0999684483,411.8065243783937,0
163100,1630837.4998625368,228.53148115589002,0
163200,1630945.899989456,267.26701256951293,0
163300,1631054.4000007212,571.9992397954655,0
163400,1637404.799927026,1471.742998435467,0
163500,1637566.499877721,1213.436623433662,0
163600,1637692.6000230014,292.06040508862793,0
163700,1637802.8998151422,34.47716884945835,0
163800,1637959.1999575496,366.66059332727866,0
163900,1641387.099865824,251.3873442451189,0
164000,1641505.2998345345,94.27246851016918,0
164100,1641624.8998139054,1110.6603669828773,0
164200,1641729.6999134123,87.00880680116903,0
164300,1641832.6999992132,1359.5706905487004,0
164400,1646874.2999713868,1016.7230292604003,0
164500,1646982.999984175,3516.9100367156802,0
164600,1647088.9998599887,397.7732195917652,0
164700,1647199.8000051826,462.3353136196496,0
164800,1647304.1998688132,250.50649296368084,0
164900,1651127.8999969363,242.14550649041783,0
165000,1651235.899887979,1183.427968807916,0
165100,1651339.3998611718,761.8635064189145,0
165200,1651443.2998374104,3343.616036955828,0
165300,1651547.4999323487,388.73762673456616,0
165400,1657201.600028202,3325.420087759391,0
165500,1657314.6998416632,397.32110182031494,0
165600,1657419.2999396473,451.8293647244086,0
165700,1657523.199915886,257.1163478415783,0
165800,1657629.4000260532,258.4392798142042,0
165900,1661946.5998373926,421.332390149034,0
166000,1662163.999862969,388.73762673456616,0
166100,1662315.8999718726,2689.553043083235,0
166200,1662454.399978742,378.81491831888576,0
166300,1662572.5999474525,449.0917789499494,0
166400,1665838.799905032,265.5003270589888,0
166500,1665949.799818918,443.164738776963,0
166600,1666052.3999016732,251.3873442451189,0
166700,1666154.2998626828,319.19450514467866,0
166800,1666302.1999411285,914.54509431669,0
166900,1666414.399864152,740.7132810054026,0
167000,1672108.5000317544,2635.9342161955983,0
167100,1672213.8000186533,117.84302362661234,0
167200,1672403.8999527693,1688.4886951257881,0
167300,1672620.8999752998,1136.3251653696839,0
167400,1672836.1998684704,295.16742729606295,0
167500,1676432.0998918265,719.5766045390617,0
167600,1676534.8999761045,308.0579557173816,0
167700,1676635.9999310225,829.6352766671422,0
167800,1676739.8999072611,863.5731897483929,0
167900,1676840.3998576105,2448.88290233255,0
168000,1682140.699820593,377.46315643486747,0
168100,1682238.8998698443,442.7090617571925,0
168200,1682334.499899298,247.42463464186847,0
168300,1682430.2999302745,455.4814722694135,0
168400,1682525.4999566823,249.62578405217562,0
168500,1686508.199898526,327.67316036740226,0
168600,1686672.9999892414,1085.015079079997,0
168700,1687173.7998444587,799.9680555101069,0
168800,1687404.1999690235,2431.11835161404,0
168900,1687543.0999789387,374.7605936638775,0
169000,1692047.2998172045,1282.1275542579747,0
169100,1692261.7999371141,1200.5725197038785,0
169200,1692471.5999048203,3121.313167869719,0
169300,1692627.799930051,408.6347238515339,0
169400,1692732.899915427,455.0248342525967,0
169500,1698291.1999803036,426.32839363926973,0
169600,1698516.2999480963,359.91940218637177,0
169700,1698738.3998930454,419.06290317098205,0
169800,1698961.0998425633,245.22437504364132,0
169900,1699186.9998164475,276.99396232759113,0
170000,1701610.199874267,614.0964564149234,0
170100,1701714.3999692053,322.76289916919615,0
170200,1701811.600010842,239.5078644087853,0
170300,1701908.3998166025,300.49780862332216,0
170400,1702005.899976939,294.2795287029512,0
170500,1707332.7999096364,232.91936502080813,0
170600,1707554.5999687165,1967.9002492606012,0
170700,1707770.09986341,369.35931211008307,0
170800,1707994.4999422878,1303.6219229296316,0
170900,1708206.8999297917,901.7948017431434,0
171000,1708421.1998153478,3709.35599938436,0
171100,1713213.1999824196,398.67756191211555,0
171200,1713319.799862802,461.8781417155848,0
171300,1713423.5999546945,251.3873442451189,0
171400,1713527.999818325,308.5029905846751,0
171500,1713637.5999543816,906.0443573097722,0
171600,1717626.1998247355,829.6352766671422,0
171700,1717730.8998070657,2386.7449118698432,0
171800,1717831.8998776376,75.49354484542512,0
171900,1717933.9998401701,1432.8726628501659,0
172000,1718041.7999625206,1200.5725197038785,0
172100,1724012.4000236392,5993.252980871843,0
172200,1724114.8999892175,1450.1429479758758,0
172300,1724212.1999152005,3910.9785519843686,0
172400,1724307.6998274773,2042.4920813327522,0
172500,1724403.8998614997,377.46315643486747,0
172600,1728009.8998453468,426.7827893296449,0
172700,1728114.7998292,244.34452035173297,0
172800,1728216.3999043405,433.6029957832567,0
172900,1728317.6998607814,236.87150365654801,0
173000,1728419.799823314,292.06040508862793,0
173100,1733773.599844426,282.7498026563836,0
173200,1733987.1998410672,452.285753593843,0
173300,1734202.7998529375,268.5924004234797,0
173400,1734417.799860239,101.11825241655775,0
173500,1734632.4999816716,1234.8876354743716,0
173600,1738299.3998471648,974.1109526484422,0
173700,1738406.7999664694,2904.808769990834,0
173800,1738509.0999305248,402.29635489284476,0
173900,1738624.299876392,468.739457487293,0
174000,1738729.2999774218,247.86479333896352,0
174100,1744081.4999863505,451.8293647244086,0
174200,1744185.0998438895,424.9654201230434,0
174300,1744290.699949488,559.3806429884215,0
174400,1744390.1000078768,263.7342110281958,0
174500,1744489.8998364806,103.25942849267221,0
174600,1748056.499985978,1350.9572263013192,0
174700,1748161.899857223,1046.5837293830384,0
174800,1748264.0999369323,295.16742729606295,0
174900,1748365.799896419,770.3273902895271,0
175000,1748489.9000264704,2064.4606631553966,0
175100,1748636.599862948,1753.7766086027204,0
175200,1754481.9000177085,364.86215932173974,0
175300,1754589.0999026597,961.3378978436481,0
175400,1754691.299982369,863.5731897483929,0
175500,1754791.4998140186,2533.3829360437494,0
175600,1754892.4000002444,923.0479991551554,0
175700,1758517.9000161588,36.57876956867281,0
175800,1758618.8998539,268.1505688796742,0
175900,1758715.2998894453,444.98780278087656,0
176000,1758813.3998215199,243.46480802975728,0
176100,1758909.499971196,458.2220478124615,0
176200,1764371.8998879194,412.2597811093064,0
176300,1764470.7998260856,723.8028559165562,0
176400,1764567.5998646766,1363.878235609221,0
176500,1764664.3999032676,1059.389301661043,0
176600,1764760.59993729,3116.789923570235,0
176700,1768351.9998099655,395.0610468503112,0
176800,1768451.8999885768,235.99300147900118,0
176900,1768550.1999221742,402.29635489284476,0
177000,1768649.0998603404,319.64042982405215,0
177100,1768745.2000100166,439.97574708071744,0
177200,1774091.6998591274,761.8635064189145,0
177300,1774197.099963203,2533.3829360437494,0
177400,1774298.0998009443,1029.5172204227813,0
177500,1774398.6998684704,3815.148187699527,0
177600,1774498.9998172969,407.72881546192275,0
177700,1780108.4998063743,476.52529651732624,0
177800,1780212.099896744,409.08773143506426,0
177900,1780311.3998379558,443.6204513892166,0
178000,1780411.50001809,446.35547450488536,0
178100,1780509.7999516875,795.7320488906493,0
178200,1784192.4999374896,2810.480744407839,0
178300,1784293.7998939306,394.6091426337599,0
178400,1784392.3999462277,457.3083802615127,0
178500,1784490.799997002,255.35293683950857,0
178600,1784588.9998134226,306.7230646704004,0
178700,1789859.5998995006,833.8756189496944,0
178800,1790084.4998657703,978.3697214991471,0
178900,1790304.2999096215,673.123608607154,0
179000,1790526.9998591393,889.0493867905782,0
179100,1790744.5000018924,2694.024801383469,0
179200,1794237.7999424934,389.6405453555885,0
179300,1794445.7000121474,454.56823182826304,0
179400,1794684.3998506665,240.82652528342717,0
179500,1794890.4000222683,307.16799276024426,0
179600,1795092.0998118818,774.5601451616637,0
179700,1795196.200022474,2413.362472221719,128
179800,1800546.6000176966,1716.2685334314363,128
179900,1800651.3000000268,753.4017903798491,128
180000,1800754.7999732196,2560.10780405722,128
180100,1800878.1999815255,999.6716951209751,128
180200,1800977.0999196917,3325.420087759391,128
180300,1804942.399961874,395.964962060863,128
180400,1805130.6998822838,457.7651962407455,128
180500,1805331.1998955905,262.40999772617477,128
180600,1805553.6998435855,316.51970451058503,128
180700,1805739.8998644203,1025.2519480774342,128
180800,1809701.0999917984,76.34563740043723,128
180900,1809807.299869135,1179.1431859786426,128
181000,1809911.2999625504,927.3002645112184,128
181100,1810091.899940744,3053.5214089555734,128
181200,1810194.5000234991,397.7732195917652,128
181300,1814976.4998815954,442.2534203299054,128
181400,1815077.3998349905,263.29277100170555,128
181500,1815176.900010556,318.7486160577884,128
181600,1815276.299836114,1050.8517115178197,128
181700,1815379.399806261,744.9422421723311,128
181800,1821309.0000208467,2333.5683226178708,128
181900,1821411.2999849021,889.0493867905782,128
182000,1821510.2998074144,269.91810860979524,128
182100,1821683.1998433918,542.5634346561122,128
182200,1821809.499990195,1902.21399673684,128
182300,1825455.3999286145,1333.7368013011987,128
182400,1825678.199995309,1233.720124347228,128
182500,1825898.2999250293,421.78639432209394,128
182600,1826161.599950865,400.03434233626496,128
182700,1826309.199910611,2435.558676356837,128
182800,1829602.2999566048,382.4211827455285,128
182900,1829704.8998065293,468.739457487293,128
183000,1829806.6998831928,256.67544170233606,128
183100,1829906.2999431044,296.05546825910744,128
183200,1830005.9998873621,287.6248272962212,128
183300,1835928.9998188615,230.7249781823091,128
183400,1836150.9998794645,262.40999772617477,128
183500,1836324.4999200106,235.55380377895258,128
183600,1836645.4998031259,297.83197729499494,128
183700,1837131.1000082642,618.3091588452468,128
183800,1837344.3998862058,322.76289916919615,128
183900,1840926.4998044819,246.54442402512808,128
184000,1841027.8998780996,482.9448875226787,128
184100,1841125.999810174,405.4646673563509,128
184200,1841288.9000028372,217.13964038924078,128
184300,1841393.8998710364,269.91810860979524,128
184400,1844929.5999016613,495.1486383855434,128
184500,1845028.5999570042,1350.9572263013192,128
184600,1845124.7999910265,991.1492797985832,128
184700,1845245.9999825805,3645.101121415645,128
184800,1845342.4000181258,414.52659865111826,128
184900,1850693.4999022633,454.56823182826304,128
185000,1850798.999890685,247.42463464186847,128
185100,1850901.1999703944,92.13502964479078,128
185200,1851003.9998218417,1012.4593827887138,128
185300,1851106.1000172049,92.98989841349253,128
185400,1856826.2998014688,1307.9224225376233,128
185500,1856935.9998218715,1016.7230292604003,128
185600,1857046.8998514116,3939.7048390344303,128
185700,1857149.199815467,403.2014090628591,128
185800,1857251.1000093073,1823.7303697593086,128
185900,1861172.6998351514,404.5592572615046,128
186000,1861305.0999119878,235.55380377895258,128
186100,1861417.0998334885,263.7342110281958,128
186200,1861545.299878344,111.83303091793012,128
186300,1861674.9998182058,270.80209202975493,128
186400,1874697.6999100298,622.5224032334571,128
186500,1874921.399867162,1976.6676295478458,128
186600,1875207.3999494314,1204.860012322586,128
186700,1875426.499871537,1880.1723939816977,128
186800,1875642.400002107,396.8690196413477,128
186900,1875856.0998830944,219.32851039284378,128
187000,1876089.9999178946,450.9166937629894,128
187100,1876194.499898702,799.9680555101069,128
187200,1876296.4999768883,2685.081826740887,128
187300,1876398.199936375,578.7274569253753,128
187400,1877194.399945438,315.1827846920613,128
187500,1877297.799801454,234.23642423370595,128
187600,1877400.399884209,482.02737598354423,128
187700,1877502.4998467416,255.35293683950857,128
187800,1877605.1998138428,305.38849395576796,128
187900,1877728.7998236716,261.5273668205766,128
188000,1881972.000002861,104.11614807050039,128
188100,1882221.199804917,1359.5706905487004,128
188200,1882455.5999599397,1187.7132935950763,128
188300,1882694.9999202043,3202.824240059085,128
188400,1882938.3999109268,407.72881546192275,128
188500,1887727.7998253703,456.85159987476305,128
188600,1887977.8999835253,253.59009531717004,128
188700,1888230.7999301702,318.30276256338135,128
188800,1888474.3999224156,1085.015079079997,128
188900,1888717.1000242233,808.4416946226828,128
189000,1892475.500004366,2801.5095879551423,128
189100,1892577.6998512447,383.7741191814923,128
189200,1892677.0999096334,455.9381458787135,128
189300,1892780.3998813033,247.42463464186847,128
189400,1892880.3999442607,312.0645508524181,128
189500,1896199.8999584466,254.91217307019917,128
189600,1896301.7999194562,110.11717147341612,128
189700,1896401.3999793679,1059.389301661043,128
189800,1896508.9998673648,918.7962757569794,128
189900,1896619.6000110358,2542.2890575500255,128
190000,1901942.9998006672,1114.9364784859613,128
190100,1902043.899986893,3293.59804204427,128
190200,1902142.2998048365,412.71307343270246,128
190300,1902240.099851042,442.2534203299054,128
190400,1902337.6998957247,1432.8726628501659,128
190500,1907611.500006169,358.12310372982483,128
190600,1907719.2000113428,416.34069334926545,128
190700,1907822.5998673588,816.917501566806,128
190800,1907952.7999274433,2963.3220823304414,128
190900,1908052.699873224,390.0920580548244,128
191000,1912929.8999905586,453.1986381101614,128
191100,1913031.7999515682,277.87908470701325,128
191200,1913135.8999293298,454.56823182826304,128
191300,1913240.5000273138,417.70163809394927,128
191400,1913340.3999730945,378.81491831888576,128
191500,1916931.6999614239,414.52659865111826,128
191600,1917034.0998098254,243.9046463945035,128
191700,1917132.8998636454,282.30683215311575,128
191800,1917231.4000315964,534.1580822372784,128
191900,1917341.6998237371,1411.2970004954825,128
192000,1922823.4000038356,1222.0154023762855,128
192100,1922943.4998705983,3732.329913087097,128
192200,1923045.8999518305,418.6091125528213,128
192300,1923147.5999113172,383.7741191814923,128
192400,1923248.3999803662,259.7625321191789,128
192500,1923349.89993833,102.83112209248293,128
192600,1926912.5999417156,1183.427968807916,128
192700,1927018.1998144835,918.7962757569794,128
192800,1927120.1000083238,3008.3946477486656,128
192900,1927224.799990654,396.4169730548637,128
193000,1927327.2999562323,467.36655366825386,128
193100,1932695.3999698162,387.83485048347666,128
193200,1932795.5998014659,337.0592544565145,128
193300,1932894.4999724627,247.86479333896352,128
193400,1932996.2998162955,145.40611484722788,128
193500,1933095.899876207,1149.1648809945596,128
193600,1938332.5998205692,982.629032307739,128
193700,1938434.5998987556,2694.024801383469,128
193800,1938533.5999540985,392.35015543825216,128
193900,1938631.2998831272,469.19716327860584,128
194000,1938730.1998212934,249.62578405217562,128
194100,1942848.6998658627,484.780337710746,128
194200,1943062.1999781579,409.5407746110779,128
194300,1943274.0998454392,225.02373672274598,128
194400,1943483.9999303222,265.5003270589888,128
194500,1943652.2999312729,615.3396545931588,128
194600,1949120.4000078142,1299.3219652795267,128
194700,1949338.2999207824,1183.427968807916,128
194800,1949553.0999265611,5890.479043877945,128
194900,1949767.0999262482,1450.1429479758758,128
195000,1950262.3998560011,1825.377522345981,128
195100,1954618.8998501748,403.2014090628591,128
195200,1954726.4999710023,347.35727206489884,128
195300,1954832.5999639928,435.42307001858154,128
195400,1954933.200031519,239.5078644087853,128
195500,1955034.099984914,295.16742729606295,128
195600,1958664.3998045474,783.0272807795974,128
195700,1958771.6998066753,1836.6496847376181,128
195800,1958874.2998894304,1307.9224225376233,128
195900,1958976.6999706626,4969.535786364198,128
196000,1959080.4998297244,1671.099179264973,128
196100,1962910.2998878807,363.064294795932,128
196200,1963018.500013277,656.2478688230655,128
196300,1963120.9999788553,901.7948017431434,128
196400,1963330.9999480844,2882.3280379651233,128
196500,1963551.6998823732,555.1755279685141,128
196600,1963770.4999186099,1766.8488241610517,128
196700,1969300.8998874575,1432.8726628501659,128
196800,1969403.3998530358,1800.899240319217,128
196900,1969502.5999099016,414.52659865111826,128
197000,1969607.6000109315,222.39442328218237,128
197100,1969707.0999536663,260.6448782849114,128
197200,1973688.5000020266,104.97301001826138,128
197300,1973799.2000300437,1191.9991603401234,128
197400,1973920.299904421,1076.4709854421315,128
197500,1974313.5999888182,3407.3701458371006,128
197600,1974470.2000170946,388.2862208127798,128
197700,1980265.700025484,478.3587535263344,128
197800,1980482.7999323606,254.03075230902988,128
197900,1980697.7999396622,398.67756191211555,128
198000,1980954.7998011112,417.24795425323816,128
198100,1981145.4999726266,227.21581004983705,128
198200,1985250.8998010308,277.4365057210606,128
198300,1985465.7999239862,109.68829559349561,128
198400,1985684.0998400003,1338.0410946143986,128
198500,1985898.1999568641,1110.6603669828773,128
198600,1986111.3999504596,3953.5688550654386,128
198700,1988228.8000080734,426.32839363926973,128
198800,1988329.6999614686,1778.3383159149234,128
198900,1988464.19993788,405.4646673563509,128
199000,1988571.499940008,386.02972509109605,128
199100,1988670.399878174,417.70163809394927,128
199200,1994355.9998646379,242.58523807771445,128
199300,1994571.0999891162,274.78177924749195,128
199400,1994785.3998746723,647.8132506783423,128
199500,1994999.2999900132,1688.4886951257881,128
199600,1995214.099995792,1222.0154023762855,128
199700,1999248.8999851048,1830.8485293128226,128
199800,1999355.0998624414,408.18175186048677,128
199900,1999456.899939105,237.75014820402768,128
200000,1999561.4998042583,2435.558676356837,128
200100,1999663.5999996215,81.88770927512815,128
200200,2004939.3000081182,1398.3581065773144,128
200300,2005044.6998793632,1059.389301661043,128
200400,2005163.5999698192,37.36686983837824,128
200500,2005370.8998020738,240.38693606606336,128
200600,2005485.6999777257,312.9552968441859,128
200700,2005586.199928075,753.4017903798491,128
200800,2010460.2000210434,2479.9917314685867,128
200900,2010560.6999713928,2011.7588290122978,128
201000,2010661.899810657,370.2591697775502,128
201100,2010787.099832669,605.6726774279372,128
201200,2010889.499913901,605.6726774279372,128
201300,2014746.8999493867,303.1649212810446,128
201400,2014855.2998434752,677.3438984478931,128
201500,2014960.699947551,1994.2088936169773,128
201600,2015066.099818796,1710.2377840042611,128
201700,2015173.4999381006,366.66059332727866,128
201800,2021047.1998434514,412.2597811093064,128
201900,2021156.0998577625,685.7861040030322,128
202000,2021260.4999542236,2444.4409517160925,128
202100,2021366.3999456912,593.970388544965,128
202200,2021471.6999325901,1493.3565978422293,128
202300,2025306.5000288188,1170.575246193756,128
202400,2025415.499927476,3787.5225856781244,128
202500,2025521.2998017669,419.9705911847532,128
202600,2025627.2999104112,1809.9247127043623,128
202700,2025749.6999111027,409.99385337957455,128
202800,2029686.199966818,223.70891983628977,128
202900,2029899.5999619365,270.3600825235334,128
203000,2030112.3999524862,111.83303091793012,128
203100,2030321.1000282317,257.5572895733037,128
203200,2030533.1000126898,576.2065226469206,128
203300,2035632.8999623656,320.08639009590894,128
203400,2035864.4998632371,244.34452035173297,128
203500,2036088.7998249382,1526.1508737679767,128
203600,2036310.999887064,416.7943060050102,128
203700,2036563.4998306632,229.40877318900806,128
203800,2040521.8999367207,266.3835986292844,128
203900,2040626.2998003513,238.6289351214401,128
204000,2040761.0000111163,267.708772928352,128
204100,2041023.1000278145,496.36082326792575,128
204200,2041235.7000168413,1701.5365225792118,128
204300,2045144.0999750048,1252.0582003489023,128
204400,2045250.6998553872,4087.8391451580133,128
204500,2045356.6999640316,409.5407746110779,0
204600,2045567.2999378294,1821.607274859034,0
204700,2045792.7999086678,429.9645557518009,0
204800,2050265.8998593688,221.5182702085268,0
204900,2050487.799802795,280.09251352402447,0
205000,2050643.8999436796,229.40877318900806,0
205100,2050744.5000112057,291.173004790281,0
205200,2050844.6998428553,237.31080813404628,0
205300,2050948.599819094,278.76434945636817,0
205400,2055923.4998654574,266.8252878031571,0
205500,2056085.699936375,455.4814722694135,0
205600,2056213.8999812305,260.2036874058035,0
205700,2056313.4998083115,316.51970451058503,0
205800,2056414.1999930143,910.2944548342876,0
205900,2061253.0999351293,83.16750315811517,0
206000,2061363.3999601007,1368.186322627629,0
206100,2061464.2999134958,1008.196278274914,0
206200,2061566.8999962509,3930.4648714698596,0
206300,2061669.2998446524,404.1066056028062,0
206400,2065293.2999655604,471.02834236868915,0
206500,2065397.7999463677,399.1297864610155,0
206600,2065505.6999530643,464.16435716074085,0
206700,2065602.9998790473,259.32141242503747,0
206800,2065700.2998050302,111.40401266807682,0
206900,2071408.5998479277,261.5273668205766,0
207000,2071515.1999611408,504.7564204447963,0
207100,2071615.400025621,1545.2845161229168,0
207200,2071717.8999911994,1217.7257419260302,0
207300,2071822.7999750525,4157.4681413085555,0
207400,2076795.3000031412,415.4335748152254,0
207500,2076895.1999489218,1836.2101469011275,0
207600,2076991.599984467,419.06290317098205,0
207700,2077088.0999043584,384.22516917844666,0
207800,2077238.199999556,2582.3934312436677,0
207900,2081587.6999404281,583.5330101133578,0
208000,2081692.999927327,1540.9542088311487,0
208100,2081790.3999704868,1042.316289206144,0
208200,2081886.8998903781,282.7498026563836,0
208300,2081982.7998057008,278.76434945636817,0
208400,2086028.3998772502,460.0498100241575,0
208500,2086166.1999952048,251.82782327456277,0
208600,2086302.9998727143,102.40285128477682,0
208700,2086433.6998201907,251.82782327456277,0
208800,2087540.2998644859,110.11717147341612,0
208900,2091560.1998567581,1506.3312609809286,0
209000,2091699.399985373,1080.742761282121,0
209100,2091835.5998583138,4115.676110755285,0
209200,2091968.7999412417,422.2404340876371,0
209300,2092101.2999024242,451.8293647244086,0
209400,2092234.3998681754,274.78177924749195,0
209500,2096171.5998128057,95.55535893919462,0
209600,2096339.7999294102,1127.768064742534,0
209700,2096471.6000016779,1303.6219229296316,0
209800,2096603.5998426378,3334.5169784418363,0
209900,2096732.7998951077,390.9951902307459,0
210000,2102346.599800512,449.54795426448453,0
210100,2102561.2999219447,255.7937362013012,0
210200,2102710.8998969197,315.1827846920613,0
210300,2102812.5998564065,1016.7230292604003,0
210400,2102911.3999102265,833.8756189496944,0
210500,2107251.799898222,2404.4877842728797,0
210600,2107479.4998858124,372.9595969995481,0
210700,2107700.099935755,443.6204513892166,0
210800,2107920.299982652,246.54442402512808,0
210900,2108140.1999108493,297.83197729499494,0
211000,2111472.79990837,286.29484801192166,0
211100,2111579.400021583,445.8995483377326,0
211200,2111680.699978024,256.23457115557704,0
211300,2111781.699815765,106.25856988352686,0
211400,2111881.999997422,1067.9290596358137,0
211500,2117387.89989613,863.5731897483929,0
211600,2117601.699894294,3239.1077468745907,0
211700,2117818.099912256,381.9702751185069,0
211800,2117926.2998048216,458.6789349766607,0
211900,2118025.1999758184,263.7342110281958,0
212000,2122055.8998174965,315.6283890390861,0
212100,2122246.9999920577,795.7320488906493,0
212200,2122450.199909508,2315.8601355195915,0
212300,2122560.399817303,1812.081591187178,0
212400,2122685.6999564916,850.8424076587725,0
212500,2127935.600001365,2373.443448125378,0
212600,2128043.3998908848,384.67625476788425,0
212700,2128145.0998503715,445.443657763063,0
212800,2128247.59981595,250.06612071168658,0
212900,2128360.099857673,304.498958108429,0
213000,2139464.6000117064,723.8028559165562,0
213100,2139576.699817553,2311.4344436397387,0
213200,2139687.0999597013,1897.8392488983504,0
213300,2139801.299897954,376.56215980793803,0
213400,2139952.400000766,413.619764856944,0
213500,2140081.299934536,246.54442402512808,0
213600,2140192.399965599,268.1505688796742,0
213700,2140304.3998871,690.0080197174319,0
213800,2140410.4998800904,1919.7184076696658,0
213900,2140527.6998411864,1411.2970004954825,0
214000,2140668.5998663306,1194.5330985488308,0
214100,2146475.2999600023,405.4646673563509,0
214200,2146687.699947506,215.8267454968774,0
214300,2146891.1999836564,260.6448782849114,0
214400,2147071.899846196,114.83715525643281,0
214500,2147254.19995375,282.7498026563836,0
214600,2148568.0998302996,576.2065226469206,0
214700,2148795.8999350667,324.5479504010518,0
214800,2149020.5998998135,256.67544170233606,0
214900,2149244.299856946,968.0333627348203,0
215000,2149469.5998262614,401.84388119656245,0
215100,2152996.7999085784,234.23642423370595,0
215200,2153105.7998072356,266.8252878031571,0
215300,2153211.300028488,112.2620847602666,0
215400,2153378.2000187784,1359.5706905487004,0
215500,2153654.00002338,1273.5336004945198,0
215600,2157767.199911177,3339.0662367198884,0
215700,2157881.199847907,404.5592572615046,0
215800,2157990.099862218,458.2220478124615,0
215900,2158099.5998810977,257.99826689751234,0
216000,2158209.0998999774,100.69012397878446,0
216100,2163092.0998286456,1076.4709854421315,0
216200,2163206.9998886436,859.3290537606325,0
216300,2163317.8999181837,2577.935221890604,0
216400,2163427.999941632,375.6613055509414,0
216500,2163537.999847904,3049.006294024392,0
216600,2168651.3000167906,400.9390405814473,0
216700,2168764.7998332977,4148.177229702619,0
216800,2168874.1999678314,413.1664013485816,0
216900,2168983.699986711,468.2817872884635,0
217000,2169094.0998960286,251.3873442451189,0
217100,2173047.4999640137,108.83065061110422,0
217200,2173163.2999144495,1097.8352842209463,0
217300,2173273.0998191983,978.3697214991471,0
217400,2173388.799885288,2582.3934312436677,0
217500,2173497.899901122,664.684654799336,0
217600,2178660.1999774575,286.7381388475384,0
217700,2178778.499830514,273.45489650923076,0
217800,2178887.499962002,458.2220478124615,0
217900,2178996.399976313,248.74521751060314,0
218000,2179106.099996716,480.227613024767,0
218100,2179214.600007981,1055.1202356104877,0
218200,2182984.699960798,808.4416946226828,0
218300,2183092.9999705404,2577.935221890604,0
218400,2183198.499958962,1157.7274012005778,0
218500,2183304.699836299,3870.457923194113,0
218600,2183410.4999434203,406.82304944224444,0
218700,2188732.499955222,457.7651962407455,0
218800,2188842.099858448,258.4392798142042,0
218900,2188947.6999640465,397.7732195917652,0
219000,2189054.299844429,277.4365057210606,0
219100,2189159.4999469817,101.97461606955393,0
219200,2194486.799882725,248.30498762854168,0
219300,2194598.9998057485,576.2065226469206,0
219400,2194707.9999372363,1727.6468103490026,0
219500,2194816.2999469787,107.11578775611984,0
219600,2194924.4998395443,2095.239439938345,0
219700,2198494.1998962313,1718.9412132608586,0
219800,2198601.0000109673,359.47027418351024,0
219900,2198704.699985683,438.15424914606456,0
220000,2198809.699853882,244.78442990144555,0
220100,2198913.199827075,291.173004790281,0
220200,2204748.0000182986,550.9709549064933,0
220300,2204856.59991391,1592.9536655528993,0
220400,2204961.60001494,1191.9991603401234,0
220500,2205068.599898368,2272.639287358797,0
220600,2205173.2998806983,414.9800689369303,0
220700,2208575.0999394804,442.2534203299054,0
220800,2208688.0998685956,445.443657763063,0
220900,2208797.700004652,362.614917645688,0
221000,2208909.49992463,1162.009474240417,0
221100,2209020.39995417,75.49354484542512,0
221200,2214302.3000098765,1632.0044731145192,0
221300,2214406.89987503,1458.7813422860515,0
221400,2214507.499942556,6649.753523513727,0
221500,2214607.1000024676,1575.6118419861261,0
221600,2214706.5999452025,345.56495996647044,0
221700,2219790.000002831,412.71307343270246,0
221800,2219894.0999805927,349.15015364305856,0
221900,2220062.799984589,282.7498026563836,0
222000,2220501.799834892,506.55535707021727,0
222100,2220718.299970031,1363.878235609221,0
222200,2220847.300020978,1136.3251653696839,0
222300,2224113.499978557,3746.1207648033815,0
222400,2224211.9999136776,404.1066056028062,0
222500,2224308.7999522686,1844.845278467236,0
222600,2224405.29987216,1419.9256395636953,0
222700,2224501.600023359,1692.837428985709,0
222800,2229653.90002355,2187.7351059059256,0
222900,2229758.899891749,365.76130513954286,0
223000,2229860.9998542815,441.34224425278063,0
223100,2229960.899800062,239.06838196887108,0
223200,2230060.299858451,288.0682249092876,0
223300,2235359.399812296,622.5224032334571,0
223400,2235457.1998585016,2082.045283855475,0
223500,2235552.700003609,1610.304160445862,0
223600,2235648.399917409,365.3117144343997,0
223700,2235743.9999468625,1854.1215781972332,0
223800,2240411.999868229,378.81491831888576,0
223900,2240632.10003078,2877.833517433642,0
224000,2240848.199930042,372.5094368146739,0
224100,2241062.499815598,449.0917789499494,0
224200,2241280.399961397,262.85136656769856,0
224300,2245598.200010136,450.004165171503,0
224400,2245837.6998547465,255.7937362013012,0
224500,2245992.199983448,433.6029957832567,0
224600,2246132.3998868465,412.71307343270246,0
224700,2246267.8998708725,365.3117144343997,0
224800,2249926.5999067575,2511.127116541078,0
224900,2250067.199813202,373.8600241467464,0
225000,2250211.999984458,432.6931722204935,0
225100,2250349.999871105,262.85136656769856,0
225200,2250487.099867314,453.65513375704546,0
225300,2255327.1998185664,245.22437504364132,0
225400,2255437.5999607146,482.02737598354423,0
225500,2255543.0999491364,418.6091125528213,0
225600,2255643.399897963,382.8721259650332,0
225700,2255743.799963966,2262.787602181892,0
225800,2261391.199892387,77.19787232538216,0
225900,2261609.699809924,1506.3312609809286,0
226000,2261747.5998122245,1114.9364784859613,0
226100,2261908.5998740047,294.7234602032655,0
226200,2262118.099955842,715.350895119454,0
226300,2262329.899938777,2042.4920813327522,0
226400,2266002.499964088,1427.610564305177,0
226500,2266104.099806398,2320.286369357331,0
226600,2266204.1999865323,2073.251889589662,0
226700,2266346.599906683,369.35931211008307,0
226800,2266458.8999468833,436.7884994161487,0
226900,2270973.9999845624,252.70888811089995,0
227000,2271190.4000025243,294.2795287029512,0
227100,2271333.4998115897,33.732851928069884,0
227200,2271433.599991724,465.9939701815634,0
227300,2271530.79980053,251.3873442451189,0
227400,2275307.6998051256,37.717136624913984,0
227500,2275519.5000208914,419.516729381626,0
227600,2275730.699999258,246.10437210548258,0
227700,2275943.6999913305,278.76434945636817,0
227800,2276145.4998981208,670.326680202284,0
227900,2281577.199930325,1445.8245637576176,0
228000,2281682.699918747,1114.9364784859613,0
228100,2281784.199876711,3898.142056667295,0
228200,2281885.3999488056,414.52659865111826,0
228300,2281986.6000209004,1828.0407020062257,0
228400,2285818.8999816775,418.6091125528213,0
228500,2285922.5999563932,379.7162708706472,0
228600,2286024.499917403,2342.4256679143305,0
228700,2286125.8999910206,952.8252377632197,0
228800,2286226.599942893,2936.3045570580766,0
228900,2291316.3998164237,387.38351574665666,0
229000,2291424.199938774,457.3083802615127,0
229100,2291589.699918404,244.34452035173297,0
229200,2291811.1998587847,306.2781721730397,128
229300,2292027.9998797923,897.5457881344015,128
229400,2295861.69985123,2178.915697661544,128
229500,2295964.299933985,2090.840845952835,128
229600,2296063.199872151,369.35931211008307,128
229700,2296180.799836293,425.419709035969,128
229800,2296308.4999937564,245.66435577832036,128
229900,2301636.3999340683,282.30683215311575,128
230000,2301738.8998996466,630.9505178835382,128
230100,2301930.299960077,317.8569446614575,128
230200,2302147.7998699993,253.14947391779344,128
230300,2302366.599906236,322.76289916919615,128
230400,2306203.2000161707,867.81786769404,128
230500,2306318.099843338,770.3273902895271,128
230600,2306422.4999397993,2355.7157505431724,128
230700,2306615.7998982817,375.6613055509414,128
230800,2306831.5000273287,446.8114362645214,128
230900,2307046.4998017997,258.88032832337916,128
231000,2313116.599805653,3257.262507271627,128
231100,2313218.7000010163,408.18175186048677,128
231200,2313318.599946797,455.4814722694135,128
231300,2313421.899918467,424.0569490746418,128
231400,2313520.59985511,355.8785314900132,128
231500,2317125.099943951,406.82304944224444,128
231600,2317227.100022137,250.06612071168658,128
231700,2317325.5999572575,285.40837311813794,128
231800,2317423.800006509,639.3808003651666,128
231900,2317521.6999370605,311.6192312452591,128
232000,2321806.8999703974,234.67551515630495,128
232100,2321909.3999359757,471.02834236868915,128
232200,2322008.1999897957,411.8065243783937,128
232300,2322119.7000239044,378.81491831888576,128
232400,2322220.9999803454,2134.851173912847,128
232500,2327822.4000241607,366.66059332727866,128
232600,2328047.5998762995,437.2437137336374,128
232700,2328203.3998984843,251.82782327456277,128
232800,2328307.0998732,427.69168748784494,128
232900,2328404.9998037517,273.0126734481101,128
233000,2332751.79984048,445.8995483377326,128
233100,2332974.5000228286,250.50649296368084,128
233200,2333119.999850169,322.76289916919615,128
233300,2333224.39994663,940.0603123267282,128
233400,2333325.200015679,736.4848617963606,128
233500,2336959.4998657703,2373.443448125378,128
233600,2337158.8999871165,365.3117144343997,128
233700,2337712.9998989403,434.0579609533631,128
233800,2337880.0998907536,253.59009531717004,128
233900,2338095.400016755,284.07892772108636,128
234000,2342093.799961731,728.0296492519375,128
234100,2342201.3998497277,2099.6385758817432,128
234200,2342306.3999507576,1623.3227221733955,128
234300,2342410.699930042,361.71627012264986,128
234400,2342515.100026503,417.70163809394927,128
234500,2348185.8000159264,698.4534770198918,128
234600,2348403.9998147637,2649.331606486035,128
234700,2348619.499942288,381.9702751185069,128
234800,2348754.599923268,444.07619959395333,128
234900,2348860.6999162585,241.7058104956044,128
235000,2348963.5000005364,300.94223841840125,128
235100,2352699.0998070687,723.8028559165562,128
235200,2352804.800029844,294.7234602032655,128
235300,2352906.6999908537,957.0812968244903,128
235400,2353012.8998681903,833.8756189496944,128
235500,2353114.499943331,2302.584685753694,128
235600,2358228.2999996096,377.9137081370571,128
235700,2358332.599978894,450.004165171503,128
235800,2358433.0999292433,265.5003270589888,128
235900,2358532.899990678,297.83197729499494,128
236000,2358633.699826896,275.666545702082,128
236100,2362483.3999201655,455.0248342525967,128
236200,2362588.2999040186,246.98451153725668,128
236300,2362690.1998650283,255.7937362013012,128
236400,2362799.0998793393,1093.5613405494096,128
236500,2362902.599852532,795.7320488906493,128
236600,2368480.2998322994,2515.577196525839,128
236700,2368583.699921146,654.4865799655593,128
236800,2368685.19987911,2064.4606631553966,128
236900,2368786.8998385966,91.28030324602179,128
237000,2368890.2999274433,2117.2405392342007,128
237100,2373103.8998812437,1710.2377840042611,128
237200,2373212.799895555,372.9595969995481,128
237300,2373318.4998854995,1994.2088936169773,128
237400,2373429.5999165624,375.21093181116777,128
237500,2373541.39983654,427.69168748784494,128
237600,2378825.2000231296,251.3873442451189,128
237700,2378928.8999978453,284.07892772108636,128
237800,2379028.2998234034,694.2304773897184,128
237900,2379126.4998726547,2046.8847137815071,128
238000,2379226.799821481,1736.3545752686946,128
238100,2383081.499952823,364.412639801563,128
238200,2383191.7999777943,414.9800689369303,128
238300,2383295.1998338103,236.87150365654801,128
238400,2383399.8998161405,284.07892772108636,128
238500,2383506.2999278307,576.2065226469206,128
238600,2389288.099948317,1514.9837461961627,128
238700,2389420.799911022,1514.9837461961627,128
238800,2389586.899895221,344.22109961372263,128
238900,2389778.999844566,240.38693606606336,128
239000,2390013.099880889,412.2597811093064,128
239100,2390228.600008413,265.05874466256574,128
239200,2394648.7999055535,102.40285128477682,128
239300,2394818.0999141186,1093.5613405494096,128
239400,2394986.4997994155,893.2973164835464,128
239500,2395207.399968058,2904.808769990834,128
239600,2395467.999856919,389.18906824883567,128
239700,2408955.299993977,459.5928160825088,128
239800,2409098.799806088,389.6405453555885,128
239900,2409299.9999411404,462.7925211161977,128
240000,2409514.1999423504,1350.9572263013192,128
240100,2409726.9999329,373.40979277690565,128
240200,2409938.1000269204,421.78639432209394,128
240300,2410152.3999124765,233.79736890359013,128
240400,2410364.3000125885,259.32141242503747,128
240500,2410575.1998722553,586.2983306295788,128
240600,2410786.7998536676,1671.099179264973,128
240700,2412293.699802831,1239.1794637561738,128
240800,2412508.999928832,2299.784857513247,128
240900,2412717.7000045776,423.14862039617304,128
241000,2412932.7998962253,1164.7733332803275,128
241100,2413152.099819854,414.52659865111826,128
241200,2414296.899922192,382.8721259650332,128
241300,2414430.199889466,2431.11835161404,128
241400,2414561.999961734,74.64159466034577,128
241500,2414695.499930531,1536.624443497267,128
241600,2414835.6998339295,1149.1648809945596,128
241700,2419948.6998841166,3875.0705905449263,128
241800,2420049.6999546885,406.82304944224444,128
241900,2420265.8999711275,468.2817872884635,128
242000,2420652.400003746,254.91217307019917,128
242100,2420839.6999165416,236.43223477153302,128
242200,2424443.3999992907,256.23457115557704,128
242300,2424549.899995327,118.27257576371365,128
242400,2424658.0998878926,273.45489650923076,128
242500,2424760.8999721706,529.956218964692,128
242600,2424862.3999301344,1858.4909064568542,128
242700,2429802.699945867,1213.436623433662,128
242800,2429908.699821681,2269.3108702734953,128
242900,2430012.0000261813,421.332390149034,128
243000,2430116.199888289,424.9654201230434,128
243100,2430221.499875188,251.82782327456277,128
243200,2434055.099962279,110.11717147341612,128
243300,2434172.3998077214,1200.5725197038785,128
243400,2434280.099812895,1050.8517115178197,128
243500,2434386.999811977,263.7342110281958,128
243600,2434493.999928236,584.6227142234911,128
243700,2434600.699925795,325.887112546017,128
243800,2439917.8999010473,34.03933536628867,128
243900,2440032.4998423457,1233.4065930420245,128
244000,2440143.4999890625,401.39144309276327,128
244100,2440252.4000033736,227.21581004983705,128
244200,2440362.500026822,2029.3174357338075,128
244300,2445247.2999691963,381.0685666419135,128
244400,2445360.89990288,456.39485508049665,128
244500,2445498.599903658,260.6448782849114,128
244600,2445606.8000290543,295.16742729606295,128
244700,2445715.7999277115,276.99396232759113,128
244800,2450795.399956405,31.71881790548936,128
244900,2450902.0999539644,408.18175186048677,128
245000,2451008.499832824,225.4620802031978,128
245100,2451112.5998105854,1906.589286533216,128
245200,2451216.5999040008,381.9702751185069,128
245300,2455083.6998969316,436.33332069114306,128
245400,2455210.8999341726,250.50649296368084,128
245500,2455320.6998389214,287.1814652756382,128
245600,2455428.299959749,732.2569845452056,128
245700,2455538.099864498,6943.757176675414,128
245800,2459449.4998455048,1493.3565978422293,128
245900,2459561.299998313,361.71627012264986,128
246000,2459671.099903062,419.516729381626,128
246100,2459779.1999112815,706.9011021538993,128
246200,2459887.299919501,2631.469503347893,128
246300,2465817.8999088705,381.51940308396865,128
246400,2465927.999932319,457.3083802615127,128
246500,2466034.3998111784,246.98451153725668,128
246600,2466193.6999764293,304.05424357348437,128
246700,2466305.800015107,859.3290537606325,128
246800,2469820.69988735,2395.6152641555877,128
246900,2469929.700018838,2165.690649979123,128
247000,2470037.8000270575,369.809223147575,128
247100,2470144.7999104857,702.6770186079522,128
247200,2470289.299963042,974.1109526484422,128
247300,2475407.099816948,266.8252878031571,128
247400,2475517.7998449653,677.3438984478931,128
247500,2475622.799945995,2055.671604552678,128
247600,2475756.000028923,1338.0410946143986,128
247700,2475875.600008294,368.90943666507434,128
247800,2475985.399913043,412.71307343270246,128
247900,2480897.5998312235,382.8721259650332,128
248000,2481006.3999611884,2564.563845578736,128
248100,2481111.3998293877,383.7741191814923,128
248200,2481216.1999288946,453.65513375704546,128
248300,2481321.4000314474,237.75014820402768,128
248400,2486418.299842626,316.51970451058503,128
248500,2486529.199872166,740.7132810054026,128
248600,2486636.5999914706,2373.443448125378,128
248700,2486743.4999905527,1854.1215781972332,128
248800,2486852.099886164,372.05931222228264,128
248900,2490452.699828893,423.14862039617304,128
249000,2490566.3998797536,244.34452035173297,128
249100,2490700.0998500735,296.05546825910744,128
249200,2490808.099973947,542.5634346561122,128
249300,2490914.899855852,317.41116235201673,128
249400,2495789.3998362124,246.54442402512808,128
249500,2495898.799970746,290.72935802983227,128
249600,2496004.199841991,239.06838196887108,128
249700,2496109.7999475896,108.83065061110422,128
249800,2496215.9998249263,259.32141242503747,128
249900,2501310.2998491377,122.99999837571922,128
250000,2501417.4999669194,1359.5706905487004,128
250100,2501520.1999340206,931.5530718251681,128
250200,2501621.8998935074,1527.9665387031648,128
250300,2501723.499968648,1162.009474240417,128
250400,2506854.4999230653,7433.854991945118,128
250500,2506962.399929762,1432.8726628501659,128
250600,2507066.0999044776,372.9595969995481,128
250700,2507169.999880716,417.70163809394927,128
250800,2507272.8998493403,237.31080813404628,128
250900,2511097.599985078,271.68621781964737,128
251000,2511201.8999643624,715.2936104725626,128
251100,2511302.499799058,1623.3227221733955,128
251200,2511403.6998711526,1183.427968807916,128
251300,2511504.4999402016,6563.625673344318,128
251400,2516611.299943179,1588.6173967243758,128
251500,2516713.1999041885,6970.795005529327,128
251600,2516810.8998332173,1675.4457452933466,128
251700,2516910.099890083,363.51370753865916,128
251800,2517009.099945426,429.5099109140432,128
251900,2517107.4999962,395.964962060863,128
252000,2521575.100021437,1290.723675852977,128
252100,2521678.199991584,1247.7647461934394,128
252200,2521776.899928227,3782.9202155271605,128
252300,2521875.699982047,418.15535752714374,128
252400,2521974.599920213,1170.8426512246692,128
252500,2526954.3998874724,412.71307343270246,128
252600,2527059.3999885023,227.21581004983705,128
252700,2527161.499951035,275.666545702082,128
252800,2527263.500029221,563.640915143389,128
252900,2527365.5999917537,1372.4949516039235,128
253000,2532454.9998622388,982.629032307739,128
253100,2532557.399943471,285.40837311813794,128
253200,2532657.6998922974,271.68621781964737,128
253300,2532757.699955255,481.11000681434257,128
253400,2532860.2998051792,251.3873442451189,128
253500,2536842.499859631,323.20910858843536,128
253600,2538086.599903181,1076.4709854421315,128
253700,2538192.000007257,816.917501566806,128
253800,2538291.599834338,2355.7157505431724,128
253900,2538393.599912524,86.58185291534134,0
254000,2541872.1998576075,1346.6513071144589,0
254100,2542003.999929875,1234.8876354743716,0
254200,2542139.499913901,4050.753540669981,0
254300,2542269.6999739856,392.35015543825216,0
254400,2542404.499836266,454.56823182826304,0
254500,2547453.499864787,256.23457115557704,0
254600,2547589.7998549044,201.40604361590118,0
254700,2547725.2998389304,986.8888850742177,0
254800,2547860.899940133,82.74086960463627,0
254900,2547992.7000124007,1338.0410946143986,0
255000,2552038.799971342,1008.196278274914,0
255100,2552178.499987349,3425.6051160013894,0
255200,2552311.999956146,404.1066056028062,0
255300,2552443.000022322,4078.5644922886845,0
255400,2552579.900017008,409.5407746110779,0
255500,2558101.99980624,441.79781449510136,0
255600,2558239.899808541,272.1283341033184,0
255700,2558470.5998189747,245.22437504364132,0
255800,2558612.4998517334,258.88032832337916,0
255900,2558751.6999803483,576.2065226469206,0
256000,2562644.3999353796,1640.6883918871897,0
256100,2562865.999992937,87.4357962794799,0
256200,2563084.299908951,291.173004790281,0
256300,2563240.399817005,753.4017903798491,0
256400,2563378.799939528,285.40837311813794,0
256500,2563515.3998155147,1055.1202356104877,0
256600,2567466.399865225,89.57127755828229,0
256700,2567636.7999985814,1359.5706905487004,0
256800,2567841.2998095155,969.8527257556239,0
256900,2568044.299958274,3293.59804204427,0
257000,2568248.6998848617,401.84388119656245,0
257100,2572595.299920067,456.85159987476305,0
257200,2572738.999966532,242.14550649041783,0
257300,2572872.999822721,329.0130699545147,0
257400,2573005.90001978,948.5697206598356,0
257500,2573138.899868354,876.3088494589948,0
257600,2578441.3998480886,2426.6785688291293,0
257700,2578577.399952337,373.40979277690565,0
257800,2578712.0999302715,429.9645557518009,0
257900,2578844.199888408,250.50649296368084,0
258000,2578984.000021592,446.8114362645214,0
258100,2584115.7999821007,430.4192361820416,0
258200,2584320.900030434,1153.3347051543708,0
258300,2584523.499943316,415.4335748152254,0
258400,2584725.799970329,239.06838196887108,0
258500,2584928.1998816878,262.40999772617477,0
258600,2589307.199930772,115.26645824615171,0
258700,2589451.199863106,1389.73488708797,0
258800,2589580.100029707,961.3378978436481,0
258900,2589705.499820411,37.410653186695214,0
259000,2589898.0000056326,242.58523807771445,0
259100,2593828.1998969615,295.16742729606295,0
259200,2593956.7999448627,804.2046040874515,0
259300,2594129.799865186,296.05546825910744,0
259400,2594272.6999055594,1093.5613405494096,0
259500,2594416.999956593,84.44761737345097,0
259600,2598109.500017017,1179.1431859786426,0
259700,2598238.6998366565,901.7948017431434,0
259800,2598366.9999986887,279.64975657565583,0
259900,2598493.2999126613,626.7361895795541,0
260000,2598620.3998327255,2284.891673476248,0
260100,2605145.9999289364,1428.5564464634556,0
260200,2605252.8999280185,1197.245630170995,0
260300,2605524.400016293,416.34069334926545,0
260400,2605662.9000231624,222.83255320773497,0
260500,2605769.499903545,423.14862039617304,0
260600,2605865.0999329984,243.02500525749426,0
260700,2608181.699877605,277.4365057210606,0
260800,2608308.699913323,614.0964564149234,0
260900,2608527.099946514,1793.0078881406587,0
261000,2608741.39983207,1320.8271731089205,0
261100,2608950.200024992,1840.1878379552938,0
261200,2614275.6999470294,403.6539895365911,0
261300,2614415.4998473823,224.147156539292,0
261400,2614543.699892238,274.33944940892167,0
261500,2614673.199830577,107.54445008114114,0
261600,2614800.4999849945,276.1089823181019,0
261700,2618292.999919504,239.5078644087853,0
261800,2618426.299886778,283.1928087521347,0
261900,2618552.5998007506,266.8252878031571,0
262000,2618683.7998684496,448.63563922789734,0
262100,2618814.7999346256,254.03075230902988,0
262200,2624000.6999578327,483.8625414317459,0
262300,2624202.7999833226,2051.2778881881495,0
262400,2624410.2998171,368.00979255250644,0
262500,2624602.8000023216,438.60957024100304,0
262600,2624766.0999652,251.3873442451189,0
262700,2629326.9000016153,281.4209979240297,0
262800,2629450.300009921,690.0080197174319,0
262900,2629571.2999999523,1701.5365225792118,0
263000,2629694.7998926044,1649.374478491408,0
263100,2629814.8999921978,1212.6568497576372,0
263200,2635162.599850446,405.0119445126862,0
263300,2635293.10002923,386.93221660231995,0
263400,2635416.4998047054,417.70163809394927,0
263500,2635538.899805397,251.3873442451189,0
263600,2635692.6998123527,270.80209202975493,0
263700,2638959.7000088543,643.596754542811,0
263800,2639064.4998755306,1745.0645080199338,0
263900,2639166.899956763,1415.6110490506455,0
264000,2639263.999881223,2285.0608553267657,0
264100,2639359.7000278533,413.1664013485816,0
264200,2644752.899883315,388.73762673456616,0
264300,2644859.299995005,1941.611115388152,0
264400,2644961.499841884,376.56215980793803,0
264500,2645063.2999185473,431.32870381997276,0
264600,2645173.199940473,259.7625321191789,0
264700,2645273.4998892993,283.635850440369,0
264800,2648886.8999294937,643.596754542811,0
264900,2648989.9998996407,1981.0521326282985,0
265000,2649092.9999854416,1618.9826596396642,0
265100,2649194.6999449283,1216.1747328340984,0
265200,2649297.3999120295,429.05530166876883,0
265300,2655271.8998864293,226.33887394155101,0
265400,2655379.100004211,265.05874466256574,0
265500,2655492.799822241,655.0323008524581,0
265600,2655595.399904996,1398.3581065773144,0
265700,2655702.800024301,1153.445870118625,0
265800,2659006.8999212235,1792.3277209412556,0
265900,2659112.900029868,405.0119445126862,0
266000,2659216.6000045836,456.39485508049665,0
266100,2659316.3998331875,250.94690080815832,0
266200,2659415.500005707,317.41116235201673,0
266300,2673006.49988465,991.1492797985832,0
266400,2673119.2998122424,889.0493867905782,0
266500,2673219.2998752,2569.0204290581387,0
266600,2673320.4999472946,1213.436623433662,0
266700,2673420.100007206,3521.4809733092065,0
266800,2673519.4998327643,396.4169730548637,0
266900,2673619.8000144213,450.004165171503,0
267000,2673723.1998704374,422.69450944566347,0
267100,2673831.8998832256,505.46839303923196,0
267200,2673932.7998366207,415.88711628600385,0
267300,2674692.8999200463,677.3438984478931,0
267400,2674790.999852121,2462.212005929245,0
267500,2674888.1998937577,386.02972509109605,0
267600,2674985.2998182178,437.69896364360943,0
267700,2675158.6999744177,239.94738244118273,0
267800,2679960.79986915,302.7203135235495,0
267900,2680178.300011903,265.941945047895,0
268000,2680393.9000237733,301.831204786009,0
268100,2680607.100017369,829.6352766671422,0
268200,2680820.70001401,2382.3105486638015,0
268300,2685905.3999651223,2152.4704799176843,0
268400,2686009.799828753,372.05931222228264,0
268500,2686110.399896279,427.2372206125033,0
268600,2686232.7000126243,232.91936502080813,0
268700,2686340.0998990983,296.05546825910744,0
268800,2690188.4998660535,247.42463464186847,0
268900,2690297.699999064,297.3877966472983,0
269000,2690398.1999494135,273.45489650923076,0
269100,2690495.5999925733,451.37301144745743,0
269200,2690593.699924648,427.2372206125033,0
269300,2690692.599862814,229.40877318900806,0
269400,2695962.3999428004,431.32870381997276,0
269500,2696066.099917516,254.91217307019917,0
269600,2696166.5998678654,293.8356327951201,0
269700,2696266.499813646,593.0410736316089,0
269800,2696365.899872035,1758.133471830944,0
269900,2700329.199898988,1450.1429479758758,0
270000,2700441.2999376655,1213.2735206179161,0
270100,2700543.300015852,404.1066056028062,0
270200,2700643.799966201,232.91936502080813,0
270300,2700744.6999195963,258.88032832337916,0
270400,2705873.299855739,491.9675008995396,0
270500,2705978.199839592,1363.878235609221,0
270600,2706093.09989959,1191.9991603401234,0
270700,2706212.199991569,3252.723004235538,0
270800,2706312.1998216957,399.5820466023987,0
270900,2711133.699864149,460.5068395582896,0
271000,2711241.8999895453,257.5572895733037,0
271100,2711344.8998425156,448.63563922789734,0
271200,2711447.199806571,409.99385337957455,0
271300,2711549.799889326,385.1273759498049,0
271400,2716888.0999088287,420.8784215684572,0
271500,2716995.1999094337,249.1854829851478,0
271600,2717098.4998811036,296.05546825910744,0
271700,2717200.899962336,643.596754542811,0
271800,2717303.4998122603,319.64042982405215,0
271900,2721805.7999853045,241.26615009327418,0
272000,2721978.300018236,477.44195383686395,0
272100,2722083.0998849124,261.5273668205766,0
272200,2722187.7998672426,98.97796615252331,0
272300,2722305.2999470383,1140.604528620089,0
272400,2725558.899808675,90.42571921718564,0
272500,2725657.399976626,1398.3581065773144,0
272600,2725753.4000091255,1042.316289206144,0
272700,2725849.0999229252,37.80470332154792,0
272800,2725944.599835202,246.54442402512808,0
272900,2731336.599914357,473.31811706216524,0
273000,2731444.199802354,247.42463464186847,0
273100,2731545.6999931484,266.8252878031571,0
273200,2731647.899840027,961.3378978436481,0
273300,2731750.999810174,72.51234206610346,0
273400,2731853.3998914063,1290.723675852977,0
273500,2736804.4999893755,1033.783034726015,0
273600,2736905.299825594,279.64975657565583,0
273700,2737003.399990499,571.9992397954655,0
273800,2737197.29995355,2020.5370484572793,0
273900,2737641.799962148,1684.1405032237542,0
274000,2740979.899885133,358.5721249552368,0
274100,2741083.199856803,416.34069334926545,0
274200,2741184.299811721,385.1273759498049,0
274300,2741285.4998838156,1140.604528620089,0
274400,2741385.899949819,1029.5172204227813,0
274500,2746524.1998434067,3266.343139217467,0
274600,2746629.3999459594,391.44680970743144,0
274700,2746732.2999145836,460.0498100241575,0
274800,2746834.29999277,398.22537295569873,0
274900,2746936.2998381257,466.9089902468737,0
275000,2752177.2999316454,430.4192361820416,0
275100,2752282.5999185443,375.6613055509414,0
275200,2752384.699881077,414.9800689369303,0
275300,2752487.399848178,250.50649296368084,0
275400,2752589.4998107105,296.94365159208485,0
275500,2756224.100012332,618.3091588452468,0
275600,2756325.699854642,321.4244844663781,0
275700,2756423.4999008477,251.3873442451189,0
275800,2756522.2999546677,305.8333152681623,0
275900,2756630.59996441,876.3088494589948,0
276000,2762143.2000305504,78.05024962025992,0
276100,2762248.3999002725,1080.742761282121,0
276200,2762348.899850622,761.8635064189145,0
276300,2762450.2999242395,2569.0204290581387,0
276400,2762547.2999643534,597.2510662724982,0
276500,2767568.700015545,317.8569446614575,0
276600,2767673.199996352,242.58523807771445,0
276700,2767775.6999619305,315.1827846920613,0
276800,2767875.700024888,995.4102164808359,0
276900,2768118.7000125647,1981.0521326282985,0
277000,2773125.7998384535,2073.251889589662,0
277100,2773232.8998390585,366.66059332727866,0
277200,2773336.0999263823,614.0964564149234,0
277300,2773436.199873686,246.98451153725668,0
277400,2773532.799910754,288.9551269128697,0
277500,2773628.9999447763,265.5003270589888,0
277600,2777414.9999022484,477.9003358853575,0
277700,2777519.8998861015,267.708772928352,0
277800,2777622.199850157,260.2036874058035,0
277900,2777724.0998111665,412.2597811093064,0
278000,2777827.60001719,228.97010937620743,0
278100,2783446.899848059,281.4209979240297,0
278200,2783661.4998523146,634.071643777121,0
278300,2783841.0998228937,1519.31080174061,0
278400,2783940.8998843282,1196.2855690430572,0
278500,2784040.399827063,4120.3175018741,0
278600,2787823.1999929994,420.4244885803636,0
278700,2788024.199893698,456.85159987476305,128
278800,2788155.199959874,248.30498762854168,128
278900,2788258.59981589,316.96541563505923,128
279000,2788360.7998955995,948.5697206598356,128
279100,2793983.4999851882,884.801999055497,128
279200,2794194.799847901,2475.545987146921,128
279300,2794389.6998185664,374.7605936638775,128
279400,2794515.2998436242,1476.0646344010459,128
279500,2794614.899903536,1119.213131946932,128
279600,2798411.8999447674,3425.6051160013894,128
279700,2798517.699819058,418.15535752714374,128
279800,2798619.6998972446,1159.5084798768821,128
279900,2798721.599858254,408.6347238515339,128
280000,2798824.799945578,265.5003270589888,128
280100,2802630.899939686,267.26701256951293,128
280200,2802735.8998078853,109.68829559349561,128
280300,2802838.2998891175,270.80209202975493,128
280400,2802957.0998623967,609.8842959424869,128
280500,2803055.999800563,319.19450514467866,128
280600,2808200.999861583,267.26701256951293,128
280700,2808302.499819547,455.4814722694135,128
280800,2808400.2998657525,264.1756866471692,128
280900,2808497.400023043,329.45977766851865,128
281000,2808597.199851647,944.3147455143385,128
281100,2813670.199830085,787.2616615253946,128
281200,2813773.10003154,2711.9172541632747,128
281300,2813874.099869281,380.1670005352528,128
281400,2813973.6999291927,467.36655366825386,128
281500,2814073.3998734504,243.46480802975728,128
281600,2817710.099974647,300.94223841840125,128
281700,2817817.199975252,778.7934419916871,128
281800,2817919.099936262,307.6129564425714,128
281900,2818020.9998972714,961.3378978436481,128
282000,2818124.699871987,78.47649165642356,128
282100,2818225.999828428,1097.8352842209463,128
282200,2824384.1999210417,1016.7230292604003,128
282300,2824491.7998090386,2747.7281737014537,128
282400,2824594.3998917937,400.03434233626496,128
282500,2824697.299860418,465.5365135376329,128
282600,2824798.9998199046,243.02500525749426,128
282700,2828287.7998426557,317.41116235201673,128
282800,2828393.1999467313,880.5551532783023,128
282900,2828495.6999123096,2377.8767274156467,128
283000,2828599.700005725,2311.4344436397387,128
283100,2828701.699851081,374.7605936638775,128
283200,2833835.4998268187,442.2534203299054,128
283300,2833941.1998167634,272.1283341033184,128
283400,2834044.59990561,442.2534203299054,128
283500,2834147.199988365,245.22437504364132,128
283600,2834250.0999569893,442.2534203299054,128
283700,2839409.6998963505,432.2383138278368,128
283800,2839512.4999806285,220.642259504804,128
283900,2839611.5999203175,270.3600825235334,128
284000,2839720.099931583,106.68716102358175,128
284100,2839817.2999732196,1342.3459298854852,128
284200,2843634.899938479,1119.213131946932,128
284300,2843743.1999482214,3284.5109066037885,128
284400,2843847.999814898,409.99385337957455,128
284500,2843967.0000225306,480.65137561846655,128
284600,2844071.199884638,406.37021982113015,128
284700,2849179.9000184983,359.0211817731319,128
284800,2849290.4999293387,267.26701256951293,128
284900,2849398.3999360353,107.11578775611984,128
285000,2849507.1998331696,1183.427968807916,128
285100,2849609.199911356,995.4102164808359,128
285200,2854787.5999938697,2904.808769990834,128
285300,2854894.399875775,388.2862208127798,128
285400,2854996.8998413533,470.11268163868107,128
285500,2855119.2998420447,393.2536435390057,128
285600,2855221.499921754,457.3083802615127,128
285700,2858742.499956861,1736.3545752686946,128
285800,2858845.999930054,359.0211817731319,128
285900,2858945.5999899656,643.596754542811,128
286000,2859046.399826184,872.0630875975739,128
286100,2859151.199925691,3058.0370658446423,128
286200,2859252.5999993086,384.22516917844666,128
286300,2864575.099898502,460.9639046849047,128
286400,2864680.500002578,392.8018816923873,128
286500,2864783.199969679,466.9089902468737,128
286600,2864885.8999367803,254.47144489337288,128
286700,2864988.1000164896,89.1441101175554,128
286800,2870189.0998054296,1080.742761282121,128
286900,2870292.600011453,808.4416946226828,128
287000,2870394.6999739856,2649.331606486035,128
287100,2870507.6999031007,258.4392798142042,128
287200,2870988.7999575585,283.1928087521347,128
287300,2874362.399801612,274.33944940892167,128
287400,2874470.2998083085,488.4529465260742,128
287500,2874575.600028038,396.4169730548637,128
287600,2874679.9000073224,312.0645508524181,128
287700,2874783.999985084,266.3835986292844,128
287800,2879900.7998313755,117.41350708199423,128
287900,2880009.3999598175,1277.8303063973037,128
288000,2880115.699954331,1076.4709854421315,128
288100,2880218.599922955,3700.170227608473,128
288200,2880321.899894625,409.08773143506426,128
288300,2885403.099935502,471.94414546863004,128
288400,2885503.700003028,240.82652528342717,128
288500,2885602.99994424,101.97461606955393,128
288600,2885701.399995014,1003.9337157190013,128
288700,2885799.4999270886,918.7962757569794,128
288800,2889558.4999118,2649.331606486035,128
288900,2889663.399895653,381.0685666419135,128
289000,2889766.699867323,1780.4289388476982,128
289100,2889871.899969876,407.27591465584203,128
289200,2889972.399920225,468.2817872884635,128
289300,2895298.9999670535,405.917425792499,128
289400,2895406.5998550504,430.4192361820416,128
289500,2895509.2998221517,437.2437137336374,128
289600,2895611.200015992,804.2046040874515,128
289700,2895713.2999785244,2743.249911906577,128
289800,2900825.1999039203,378.3642954317298,128
289900,2900925.4998527467,459.5928160825088,128
290000,2901025.200029835,235.99300147900118,128
290100,2901123.2999619097,472.4021004073252,128
290200,2901259.599952027,254.91217307019917,128
290300,2901361.299911514,412.2597811093064,128
290400,2905385.699821636,257.5572895733037,128
290500,2905492.3998191953,102.40285128477682,128
290600,2905595.30002065,1307.9224225376233,128
290700,2905698.2998736203,1063.6589096694847,128
290800,2905804.199865088,3590.110057158524,128
290900,2911071.1999237537,400.9390405814473,128
291000,2911178.7998117507,449.54795426448453,128
291100,2911281.9000147283,249.1854829851478,128
291200,2911388.000007719,312.5099060520604,128
291300,2911486.499942839,927.3002645112184,128
291400,2915065.4999539256,795.7320488906493,128
291500,2915171.899832785,2586.8521825546172,128
291600,2915274.999802932,379.7162708706472,128
291700,2915377.700002864,455.4814722694135,128
291800,2915481.5999791026,391.44680970743144,128
291900,2921374.599914998,464.16435716074085,128
292000,2921553.499996662,243.46480802975728,128
292100,2921708.7998986244,330.8001143654295,128
292200,2921811.2998642027,1033.783034726015,128
292300,2921912.2999347746,821.1562179756979,128
292400,2932606.4998749644,2453.325394906895,128
292500,2932782.899821177,375.21093181116777,128
292600,2932970.799971372,435.42307001858154,128
292700,2933113.3998930454,252.26833789648975,128
292800,2933238.3000291884,291.6166871432128,128
292900,2933348.499936983,850.8424076587725,128
293000,2933450.7000166923,293.8356327951201,128
293100,2933550.899848342,880.5551532783023,128
293200,2933650.2999067307,2342.4256679143305,128
293300,2933772.0999028534,652.0302887717605,128
293400,2936255.59983775,829.6352766671422,128
293500,2936410.9998568892,2747.7281737014537,128
293600,2936571.8998014927,571.9992397954655,128
293700,2936749.5998740196,323.6553536001576,128
293800,2936924.899928272,245.22437504364132,128
293900,2942487.2000236064,487.534580767343,128
294000,2942665.4998678714,1762.4908770170543,128
294100,2942833.3998657763,363.9631558738695,128
294200,2943004.6998895705,418.15535752714374,128
294300,2943168.4999726713,778.7934419916871,128
294400,2947165.69990851,3152.99105278694,128
294500,2947282.0998635143,385.1273759498049,128
294600,2947487.3999133706,459.13585773334313,128
294700,2947656.8999234587,386.93221660231995,128
294800,2947820.7998909056,314.29168277546154,128
294900,2947986.5999892354,253.14947391779344,128
295000,2951901.099877432,180.93438207807907,128
295100,2952010.7000134885,1008.196278274914,128
295200,2952109.5999516547,842.3579293884599,128
295300,2952208.299888298,597.2510662724982,128
295400,2952306.899940595,1003.9337157190013,128
295500,2957947.599934414,3225.4973671346247,128
295600,2958175.4999235272,389.6405453555885,128
295700,2958397.0999810845,456.39485508049665,128
295800,2958566.299872473,260.6448782849114,128
295900,2958669.299958274,999.9957534670275,128
296000,2962154.8999566585,1806.0947365619345,128
296100,2962260.999949649,371.60922322237474,128
296200,2962361.600017175,1144.884433828381,128
296300,2962462.699972093,1067.9290596358137,128
296400,2962562.69980222,259.7625321191789,128
296500,2967791.3999184966,681.5647302465192,128
296600,2967896.8000225723,1867.2311888497563,128
296700,2967997.8999774903,100.26203113349438,128
296800,2968099.0998167545,2249.531662899922,128
296900,2968200.200004503,1235.605118834258,128
297000,2972503.599943593,698.4534770198918,128
297100,2972634.4998925924,702.6770186079522,128
297200,2972769.7998750955,842.3579293884599,128
297300,2972882.2999168187,2743.249911906577,128
297400,2972983.0999858677,386.93221660231995,128
297500,2976538.799935952,463.2497642052288,128
297600,2976640.2998939157,269.91810860979524,128
297700,2976740.399841219,450.9166937629894,128
297800,2976839.199895039,256.67544170233606,128
297900,2976938.899839297,324.99430219022366,128
298000,2982315.7999198884,1025.2519480774342,128
298100,2982422.399800271,685.7861040030322,128
298200,2982524.799881503,2582.3934312436677,128
298300,2982627.89985165,370.2591697775502,128
298400,2982730.799820274,444.07619959395333,128
298500,2988615.4998093843,248.74521751060314,128
298600,2988732.0999987423,294.2795287029512,128
298700,2988833.0998364836,292.50415862652613,128
298800,2988932.899897918,424.511166802601,128
298900,2989031.899953261,261.0861047565024,128
299000,2989157.399861142,98.55001567716603,128
299100,2993021.8998342752,268.1505688796742,128
299200,2993125.599808991,109.68829559349561,128
299300,2993226.599879563,1359.5706905487004,128
299400,2993326.999945566,1209.1480468991804,128
299500,2993426.499888301,3590.110057158524,128
299600,2997095.6000033766,405.917425792499,128
299700,2997198.199853301,464.16435716074085,128
299800,2997298.2998006046,426.32839363926973,128
299900,2997398.5999822617,605.6726774279372,128
300000,2997500.0999402255,1191.9991603401234,128
300100,3002604.799810797,846.5998975446728,128
300200,3002710.6998022646,1484.7095322058638,128
300300,3002816.699910909,1329.4330499458856,128
300400,3002939.000027254,4050.753540669981,128
300500,3003042.299998924,415.4335748152254,128
300600,3008658.7998084724,232.0415035079589,128
300700,3008763.7999095023,260.6448782849114,128
300800,3008864.4998613745,95.12769320370293,128
300900,3009053.6000207067,1119.213131946932,128
301000,3009179.7998175025,1020.987217689974,128
301100,3012519.0999824554,268.5924004234797,128
301200,3012619.199929759,597.2510662724982,128
301300,3012716.6998572648,1889.0913790950322,128
301400,3012814.0000160784,1217.7257419260302,128
301500,3012911.699945107,3784.231087743007,128
301600,3018053.299980238,1919.7184076696658,128
301700,3018157.7999610454,365.3117144343997,128
301800,3018258.8999159634,622.5224032334571,128
301900,3018362.100003287,961.3378978436481,128
302000,3018463.4998440742,3139.411564646524,128
302100,3023924.99987036,389.6405453555885,128
302200,3024067.69990921,444.5319833911734,128
302300,3024170.899996534,249.62578405217562,128
302400,3024273.999966681,456.85159987476305,128
302500,3024380.7998485863,407.27591465584203,128
302600,3028511.199867353,400.03434233626496,128
302700,3028729.9000192434,1226.3056047844273,128
302800,3028945.899801329,931.5530718251681,128
302900,3029047.4998764694,3103.223442419103,128
303000,3029149.799840525,392.8018816923873,128
303100,3029251.1000297964,465.9939701815634,128
303200,3033089.39980343,405.0119445126862,128
303300,3033187.899971381,391.44680970743144,128
303400,3033287.9999186844,1368.186322627629,0
303500,3033383.999951184,377.9137081370571,0
303600,3033480.199985206,425.419709035969,0
303700,3038961.699930951,233.79736890359013,0
303800,3039168.1999899447,283.1928087521347,0
303900,3039282.6998140663,622.5224032334571,0
304000,3039456.799859181,316.0740289785939,0
304100,3039637.6999560744,34.345818804507445,0
304200,3044492.4000184983,452.285753593843,0
304300,3044596.8999993056,254.47144489337288,0
304400,3044699.199963361,304.498958108429,0
304500,3044800.399802625,250.94690080815832,0
304600,3044901.6999918967,528.4804469541226,0
304700,3048538.9998648316,1209.1480468991804,0
304800,3048642.999958247,1033.783034726015,0
304900,3048745.5998081714,3139.411564646524,0
305000,3048849.399900064,390.0920580548244,0
305100,3048952.199984342,442.7090617571925,0
305200,3055114.9998791516,254.91217307019917,0
305300,3055320.7998164,332.14077139468924,0
305400,3055471.40003182,1050.8517115178197,0
305500,3055604.79988344,75.06755195664385,0
305600,3055707.799969241,1346.6513071144589,0
305700,3059598.2000231743,944.3147455143385,0
305800,3059816.7998250574,1471.742998435467,0
305900,3060031.1998277903,1162.009474240417,0
306000,3060164.1999091953,7524.942276303598,0
306100,3060268.8998915255,1558.2786897455426,0
306200,3064034.099923447,367.1102908098714,0
306300,3064135.6999985874,417.24795425323816,0
306400,3064235.699828714,238.18952386649227,0
306500,3064335.099887103,281.86389724233106,0
306600,3064434.4999454916,561.2621136763775,0
306700,3069610.3000082076,1389.73488708797,0
306800,3069712.39997074,1132.0463440771657,0
306900,3069812.8999210894,4185.353883115643,0
307000,3069914.49999623,414.0731639577896,0
307100,3070014.099823311,454.1116649964126,0
307200,3073801.1999055743,415.88711628600385,0
307300,3073914.699954912,219.32851039284378,0
307400,3074017.0998033136,276.55145452660486,0
307500,3074118.999997154,530.593608589667,0
307600,3074220.199836418,1471.742998435467,0
307700,3074321.399908513,1179.1431859786426,0
307800,3079452.799865976,4087.8391451580133,0
307900,3079556.299839169,409.99385337957455,0
308000,3079659.399809316,467.36655366825386,0
308100,3079761.700006202,269.91810860979524,0
308200,3079861.5999519825,104.97301001826138,0
308300,3085138.4999696165,1149.1648809945596,0
308400,3085242.4998302013,1119.213131946932,0
308500,3085344.4000240415,3193.758782934077,0
308600,3085447.5998785347,390.0920580548244,0
308700,3085641.09983854,468.2817872884635,0
308800,3089510.4999653995,260.2036874058035,0
308900,3089644.4998215884,966.178018646436,0
309000,3089744.8000032455,406.82304944224444,0
309100,3089847.299968824,374.3102911090703,0
309200,3089945.3999008983,420.4244885803636,0
309300,3095232.5998805463,382.4211827455285,0
309400,3095336.399972439,441.79781449510136,0
309500,3095437.39981018,254.03075230902988,0
309600,3095540.199894458,436.33332069114306,0
309700,3095639.299834147,256.67544170233606,0
309800,3101359.4998512417,326.3335711126386,0
309900,3101585.599826649,838.1165031901337,0
310000,3101808.3998933434,81.88770927512815,0
310100,3102034.8998717964,1153.445870118625,0
310200,3102253.699908033,494.7172960299563,0
310300,3105785.5000253767,304.498958108429,0
310400,3105888.7999970466,618.3091588452468,0
310500,3105988.1998226047,327.67316036740226,0
310600,3106087.2999951243,238.6289351214401,0
310700,3106232.199817896,489.3714546547383,0
310800,3109966.999851167,268.1505688796742,0
310900,3110075.4998624325,95.12769320370293,0
311000,3110176.9998203963,986.8888850742177,0
311100,3110277.7998894453,897.5457881344015,0
311200,3110378.1999554485,2805.9948952025475,0
311300,3115657.0999883115,571.9992397954655,0
311400,3115761.299850419,1718.9412132608586,0
311500,3115861.5997992456,1282.1275542579747,0
311600,3115962.0999824256,2312.3178210827305,0
311700,3116062.699817121,408.18175186048677,0
311800,3116162.1999926865,422.69450944566347,0
311900,3121876.899851486,267.26701256951293,0
312000,3121978.6999281496,111.40401266807682,0
312100,3122076.899977401,269.91810860979524,0
312200,3122175.599914044,559.3806429884215,0
312300,3122273.7999632955,1467.421904427775,0
312400,3126098.8998692483,86.15493462199686,0
312500,3126244.399929419,300.49780862332216,0
312600,3126385.899959132,799.9680555101069,0
312700,3126524.3999660015,1710.2377840042611,0
312800,3126664.499985054,1972.2836684252804,0
312900,3130208.799848333,350.9436047009494,0
313000,3130355.0999145955,429.05530166876883,0
313100,3130492.5999138504,244.34452035173297,0
313200,3130631.199805066,434.0579609533631,0
313300,3130770.69981955,257.1163478415783,0
313400,3136213.49981986,299.1647327929842,0
313500,3136442.3998165876,664.684654799336,0
313600,3136565.4999390244,2337.996724287157,0
313700,3136665.099998936,2249.531662899922,0
313800,3136764.699826017,361.71627012264986,0
313900,3142221.999820322,711.1257276577333,0
314000,3142330.199945718,948.5697206598356,0
314100,3142432.800028473,2850.8777753603767,0
314200,3142535.5998799205,93.41738618656821,0
314300,3142637.49984093,1998.5955645289766,0
314400,3146288.399817422,1671.099179264973,0
314500,3146394.3999260664,1235.2616088481334,0
314600,3146497.0000088215,418.15535752714374,0
314700,3146671.999944374,384.22516917844666,0
314800,3146842.9998494685,1132.0463440771657,0
314900,3152224.9998524785,73.36393632635078,0
315000,3152445.3999008983,1394.0462258536988,0
315100,3152660.100022331,1093.5613405494096,0
315200,3152874.199906364,3999.8174690981114,0
315300,3153093.3999456465,407.72881546192275,0
315400,3156721.399864182,350.4951885477518,0
315500,3156937.4999962747,413.1664013485816,0
315600,3157097.1999317408,387.38351574665666,0
315700,3157313.299831003,419.06290317098205,0
315800,3157526.4998245984,239.06838196887108,0
315900,3157738.8998121023,276.99396232759113,0
316000,3161232.699872926,639.3808003651666,0
316100,3161335.199838504,37.32308649006127,0
316200,3161435.1000171155,255.7937362013012,0
316300,3161543.6000283808,485.69827635967886,0
316400,3161641.4999589324,250.94690080815832,0
316500,3166965.699987486,317.41116235201673,0
316600,3167088.1998725235,1033.783034726015,0
316700,3167206.099955365,940.0603123267282,0
316800,3167346.099857241,2520.027818468486,0
316900,3167461.499804631,87.86282135027398,0
317000,3172210.0998740643,317.41116235201673,0
317100,3172370.8999343216,240.82652528342717,0
317200,3172481.199959293,305.38849395576796,0
317300,3172588.8999644667,910.2944548342876,0
317400,3172696.7999711633,723.8028559165562,0
317500,3176275.899866596,2077.648315743625,0
317600,3176379.9998443574,362.614917645688,0
317700,3176481.0997992754,428.1461899556696,0
317800,3176586.600020528,242.14550649041783,0
317900,3176727.1999269724,280.09251352402447,0
318000,3182561.2999964505,618.3091588452468,0
318100,3182766.299927607,1906.589286533216,0
318200,3182967.8998328745,1458.7813422860515,0
318300,3183191.299904138,1224.4888024716186,0
318400,3183412.4999586493,413.1664013485816,0
318500,3196517.4998622388,673.123608607154,0
318600,3196746.899979189,2488.8848459855785,0
318700,3196967.300027609,90.42571921718564,0
318800,3197187.9999618977,306.7230646704004,0
318900,3197406.099876389,245.66435577832036,0
319000,3197630.39983809,303.6095646310228,0
319100,3197846.599854529,838.1165031901337,0
319200,3198059.2999607325,2240.697079834709,0
319300,3198274.599853903,1913.0584137245296,0
319400,3198490.1998657733,698.4534770198918,0
319500,3199928.799876943,2649.331606486035,0
319600,3200150.5999360234,377.9137081370571,0
319700,3200374.0000072867,446.8114362645214,0
319800,3200593.699933961,279.2070352197705,0
319900,3200815.3998758644,451.8293647244086,0
320000,3202309.29995887,416.34069334926545,0
320100,3202555.599855259,1207.756909111035,0
320200,3202808.399917558,408.6347238515339,0
320300,3203055.299818516,232.4804164681419,0
320400,3203307.9999964684,268.5924004234797,0
320500,3203564.6999720484,107.54445008114114,0
320600,3207900.3998078406,259.32141242503747,0
320700,3208150.0999629498,601.4616008712742,0
320800,3208258.4998570383,309.3931670967117,0
320900,3208366.9998683035,244.34452035173297,0
321000,3208476.699888706,488.4529465260742,0
321100,3212396.8999367207,257.5572895733037,0
321200,3212513.000005856,320.9784174170719,0
321300,3212623.8998025656,1046.5837293830384,0
321400,3212733.799824491,778.7934419916871,0
321500,3212844.0998494625,2564.563845578736,0
321600,3218144.9998170137,400.4866736626146,0
321700,3218255.7999622077,459.13585773334313,0
321800,3218363.2999658585,243.9046463945035,0
321900,3218470.7999695092,316.96541563505923,0
322000,3218579.0999792516,706.9011021538993,0
322100,3222765.3998415917,2307.0092937177733,0
322200,3222882.2999168187,1981.0521326282985,0
322300,3222989.8998048156,377.9137081370571,0
322400,3223096.399800852,609.8842959424869,0
322500,3223202.799912542,542.5634346561122,0
322600,3228306.19988963,311.6192312452591,0
322700,3228415.8999100327,227.6543314927048,0
322800,3228520.799893886,308.0579557173816,0
322900,3228625.0998731703,897.5457881344015,0
323000,3228731.4999848604,2408.924857268356,0
323100,3233844.199916348,563.5862999662161,0
323200,3233952.4999260902,719.5766045390617,0
323300,3234056.5999038517,2386.7449118698432,0
323400,3234160.4998800904,375.21093181116777,0
323500,3234263.7998517603,444.98780278087656,0
323600,3238265.899941325,270.3600825235334,0
323700,3238462.599925697,459.5928160825088,0
323800,3238611.3998945802,396.4169730548637,0
323900,3238748.6998923123,493.96613084705075,0
324000,3238860.7999309897,1985.4371776666376,0
324100,3243863.3998390287,358.5721249552368,0
324200,3243971.0998442024,417.24795425323816,0
324300,3244074.999820441,238.6289351214401,0
324400,3244178.5000264645,265.941945047895,0
324500,3244281.9999996573,706.9011021538993,0
324600,3244385.599857196,325.887112546017,0
324700,3248039.5999737084,258.88032832337916,0
324800,3248153.100023046,310.28348597868103,0
324900,3248263.9998197556,829.6352766671422,0
325000,3248375.799972564,761.8635064189145,0
325100,3248486.2999990582,576.2065226469206,0
325200,3253783.8998250663,884.801999055497,0
325300,3253896.3998667896,2797.024822665624,0
325400,3254005.800001323,386.02972509109605,0
325500,3254115.10001868,451.8293647244086,0
325600,3254277.299856767,395.0610468503112,0
325700,3258188.499836251,465.0790924861858,0
325800,3258302.199887112,423.60276693916586,0
325900,3258409.099886194,371.15916981495,0
326000,3258516.5000054985,538.3604874677519,0
326100,3258620.699867606,995.4102164808359,0
326200,3263911.899877712,3148.4640147822474,0
326300,3264023.100025952,392.35015543825216,0
326400,3264131.0999169946,475.1505774816438,0
326500,3264238.1999175996,243.9046463945035,0
326600,3264345.5998040736,485.2392892389708,0
326700,3269464.5998999476,266.8252878031571,0
326800,3269578.0999492854,105.40149438086668,0
326900,3269690.299872309,1067.9290596358137,0
327000,3269804.3999262154,89.1441101175554,0
327100,3269912.099931389,1239.1794637561738,0
327200,3273762.899916619,1114.9364784859613,0
327300,3273873.599944636,276.99396232759113,0
327400,3273978.4999284893,264.1756866471692,0
327500,3274082.9999092966,306.2781721730397,0
327600,3274188.0000103265,838.1165031901337,0
327700,3279311.9000270963,78.05024962025992,0
327800,3279427.299974486,991.1492797985832,0
327900,3279538.400005549,842.3579293884599,0
328000,3279650.299809873,2904.808769990834,0
328100,3279760.3998333216,390.0920580548244,0
328200,3285148.2999976724,458.2220478124615,128
328300,3285266.099963337,269.4761702885402,128
328400,3285380.2999015898,454.56823182826304,128
328500,3285493.9999524504,253.59009531717004,128
328600,3285604.599863291,490.7494837913585,128
328700,3285715.499892831,421.78639432209394,128
328800,3289858.399890363,241.26615009327418,128
328900,3290100.3998704255,281.4209979240297,128
329000,3290334.2000208795,663.3124644562562,128
329100,3290492.699947208,1514.9837461961627,128
329200,3290606.699883938,1256.352196462252,128
329300,3294497.8999439627,4190.003403602761,128
329400,3294605.6998334825,395.5129866593454,128
329500,3294711.399823427,222.83255320773497,128
329600,3294821.5999640524,255.35293683950857,128
329700,3294928.5998474807,107.54445008114114,128
329800,3300042.1999022365,253.59009531717004,128
329900,3300151.2999180704,116.98402612985933,128
330000,3300260.6998197734,1566.9441819500607,128
330100,3300367.5998188555,1183.427968807916,128
330200,3300473.399925977,297.83197729499494,128
330300,3304626.799887046,286.7381388475384,128
330400,3305183.299817145,456.39485508049665,128
330500,3305434.8998703063,431.32870381997276,128
330600,3305666.1000009626,359.91940218637177,128
330700,3305775.6999041885,424.9654201230434,128
330800,3310892.299981788,242.14550649041783,128
330900,3311132.799834013,279.64975657565583,128
331000,3311371.000017971,559.3806429884215,128
331100,3311536.999884993,1941.611115388152,128
331200,3311650.9998217225,1506.3312609809286,128
331300,3315185.899846256,5246.087433722531,128
331400,3315288.199810311,1732.0004218299052,128
331500,3315387.5998687,378.81491831888576,128
331600,3315488.199936226,2042.4920813327522,128
331700,3315614.7999688983,374.3102911090703,128
331800,3321890.000021085,445.443657763063,128
331900,3322003.4998375922,391.44680970743144,128
332000,3322107.399813831,474.6924089880493,128
332100,3322208.5000015795,396.8690196413477,128
332200,3322316.899895668,457.7651962407455,128
332300,3325989.3998038024,249.1854829851478,128
332400,3326094.700023532,104.97301001826138,128
332500,3326196.4998673648,253.59009531717004,128
332600,3326297.099934891,609.8842959424869,128
332700,3326427.2999949753,1385.4240902801282,128
332800,3330478.2998748124,1196.2855690430572,128
332900,3330702.1998334676,3462.101070308538,128
333000,3330919.199855998,410.4469677405546,128
333100,3331182.299880311,2321.8458512346697,128
333200,3331397.2998876125,403.2014090628591,128
333300,3331609.3999892473,239.94738244118273,128
333400,3335344.8999114335,273.45489650923076,128
333500,3335448.700003326,109.68829559349561,128
333600,3335546.7999354005,266.8252878031571,128
333700,3335644.4998644292,542.5634346561122,128
333800,3335741.60002172,1771.2073132629357,128
333900,3341011.3998688757,1329.4330499458856,128
334000,3341119.499877095,2301.8571445842267,128
334100,3341234.0998183936,414.9800689369303,128
334200,3341335.800010711,349.5984630188064,128
334300,3341438.1998591125,434.0579609533631,128
334400,3346475.000027567,242.58523807771445,128
334500,3346576.399868354,287.1814652756382,128
334600,3346674.4998004287,231.60262614025908,128
334700,3346813.599811867,284.5220405942871,128
334800,3347026.2999180704,605.6726774279372,128
334900,3352546.199923381,2024.9269711166,128
335000,3352801.6000054777,1372.6724432625927,128
335100,3353024.7998423874,2355.7157505431724,128
335200,3353244.5000018924,1976.6676295478458,128
335300,3353465.999942273,363.9631558738695,128
335400,3355776.899959892,719.5766045390617,128
335500,3355882.7999513596,940.0603123267282,128
335600,3355984.2999093235,3320.872455354999,128
335700,3356178.799876943,395.0610468503112,128
335800,3356393.9000014216,448.1795350983286,128
335900,3361559.099983424,257.1163478415783,128
336000,3361664.5999718457,321.8705871081677,128
336100,3361766.1998141557,910.2944548342876,128
336200,3361878.499854356,68.25650631385885,128
336300,3361978.2000314444,1376.8041225381048,128
336400,3367086.899932474,1038.049390987136,128
336500,3367193.699814379,3107.7450608449267,128
336600,3367298.0999108404,391.8984647766002,128
336700,3367408.8998232037,445.8995483377326,128
336800,3367510.4998983443,238.6289351214401,128
336900,3372094.799997285,430.8739522047656,128
337000,3372206.9999203086,406.82304944224444,128
337100,3372306.4998630434,230.7249781823091,128
337200,3372404.8999138176,418.15535752714374,128
337300,3372509.399894625,239.94738244118273,128
337400,3372606.899822131,291.6166871432128,128
337500,3376173.699973151,241.26615009327418,128
337600,3376276.999944821,292.9479477569076,128
337700,3376379.2000245303,833.8756189496944,128
337800,3376523.59995991,2227.44926992104,128
337900,3376625.9998083115,1959.1350368049045,128
338000,3381975.0000257045,369.35931211008307,128
338100,3382078.70000042,434.0579609533631,128
338200,3382179.2998351157,244.34452035173297,128
338300,3382280.2999056876,273.0126734481101,128
338400,3382380.599854514,639.3808003651666,128
338500,3388505.0998069346,320.9784174170719,128
338600,3388660.6998275965,719.5766045390617,128
338700,3388781.7999348044,2258.3684137966825,128
338800,3388883.499894291,1771.2073132629357,128
338900,3388984.29996334,357.67411809689617,128
339000,3392886.199988425,427.2372206125033,128
339100,3393146.299989894,232.91936502080813,128
339200,3393370.0998313725,293.3917724797723,128
339300,3393591.000000015,241.26615009327418,128
339400,3393810.7998110354,285.85159276878824,128
339500,3398003.099951893,749.1717452971468,128
339600,3398220.7998633385,2373.443448125378,128
339700,3398436.4999923855,1810.4581032848002,128
339800,3398656.699806452,473.7761787783101,128
339900,3398869.999917224,418.15535752714374,128
340000,3402318.099979311,236.43223477153302,128
340100,3402450.9999435395,283.1928087521347,128
340200,3402663.1999295205,240.38693606606336,128
340300,3402883.5999779403,289.8421712863846,128
340400,3403102.299897,234.23642423370595,128
340500,3406850.300030783,291.6166871432128,128
340600,3406966.1998655647,829.6352766671422,128
340700,3407084.799837321,1046.5837293830384,128
340800,3407222.7999567986,1801.731911796956,128
340900,3407355.799805373,374.7605936638775,128
341000,3412741.499952972,431.32870381997276,128
341100,3412847.7999474853,239.5078644087853,128
341200,3412949.899910018,288.9551269128697,128
341300,3413059.4998132437,584.6227142234911,128
341400,3413167.799822986,326.3335711126386,128
341500,3413267.5998844206,233.79736890359013,128
341600,3418763.5998241603,303.1649212810446,128
341700,3418987.999903038,406.82304944224444,128
341800,3419208.0998327583,235.55380377895258,128
341900,3419433.6999207735,276.1089823181019,128
342000,3419655.6999813765,115.26645824615171,128
342100,3422193.4999804944,273.0126734481101,128
342200,3422300.3999795765,643.0514683384671,128
342300,3422404.399840161,1832.2830662674312,128
342400,3422509.199939668,1588.6173967243758,128
342500,3422612.8000300378,7830.253084812685,128
342600,3427830.89983277,1666.7531551944862,128
342700,3427987.299859524,367.5600238849473,128
342800,3428155.899979174,434.9679980710254,128
342900,3428370.699984953,239.94738244118273,128
343000,3428590.899799019,279.2070352197705,128
343100,3434005.899820477,252.26833789648975,128
343200,3434219.9999373406,294.2795287029512,128
343300,3434432.999929413,34.87121898431106,128
343400,3434649.399947375,482.4861139568698,128
343500,3434862.1999379247,409.5407746110779,128
343600,3439699.2998663336,225.90045927613278,128
343700,3439805.199857801,1823.5514552007182,128
343800,3439910.299843177,366.21093143716917,128
343900,3440009.499900043,1394.0462258536988,128
344000,3440110.799856484,974.1109526484422,128
344100,3444026.0999836028,3334.5169784418363,128
344200,3444127.5999415666,399.5820466023987,128
344300,3444227.2998858243,472.4021004073252,128
344400,3444326.5998270363,249.62578405217562,128
344500,3444424.4999904186,482.9448875226787,128
344600,3448645.5000005662,260.6448782849114,128
344700,3448866.9999409467,232.0415035079589,128
344800,3448966.8998867273,270.3600825235334,128
344900,3449066.699948162,119.13178681536586,128
345000,3449167.500017211,264.6171978586259,128
345100,3453108.699992299,588.8316229486067,128
345200,3453221.9998072833,1854.1215781972332,128
345300,3453348.7998414785,1463.1013523779698,128
345400,3453475.3998741508,1206.6640596464406,128
345500,3453600.5998961627,402.74886418161043,128
345600,3465045.3999638557,224.147156539292,128
345700,3465200.399979949,270.80209202975493,128
345800,3465313.9000292867,469.3594849752853,128
345900,3465449.099894613,1342.3459298854852,128
346000,3465573.4000261873,1093.5613405494096,128
346100,3465694.0998975188,4124.959434950803,128
346200,3465804.199920967,414.52659865111826,128
346300,3465914.4999459386,2294.9085193790675,128
346400,3466032.999800518,439.06492692842465,128
346500,3466150.499880314,365.76130513954286,128
346600,3466248.999815434,418.6091125528213,128
346700,3468159.4998110086,235.55380377895258,128
346800,3468272.9998603463,290.28574686186687,128
346900,3468382.899882272,698.0235566992649,128
347000,3468500.099843368,1445.8245637576176,128
347100,3468604.3998226523,1376.8041225381048,128
347200,3474006.999982521,2341.03478349567,128
347300,3474117.900012061,1406.9834938982062,128
347400,3474225.000012666,379.7162708706472,128
347500,3474330.799886957,429.5099109140432,128
347600,3474439.400015399,385.1273759498049,128
347700,3479541.099863127,442.7090617571925,128
347800,3479651.700006798,249.62578405217562,128
347900,3479761.4999115467,275.2241446785454,128
348000,3479994.6998246014,609.8842959424869,128
348100,3480224.5998289436,2130.447702306355,128
348200,3484872.199827805,108.83065061110422,128
348300,3485084.29992944,2453.325394906895,128
348400,3485195.799963549,2112.839235459256,128
348500,3485306.599875912,380.61776579234146,128
348600,3485411.2998582423,426.32839363926973,128
348700,3489432.599861175,245.66435577832036,128
348800,3489546.9998009503,268.1505688796742,128
348900,3489656.0998167843,622.5224032334571,128
349000,3489766.7998448014,2196.556681981854,128
349100,3489875.5999747664,1497.6809435972423,128
349200,3494768.5999795794,434.0579609533631,128
349300,3494879.1000060737,416.7943060050102,128
349400,3494985.899887979,236.43223477153302,128
349500,3495092.500001192,273.45489650923076,128
349600,3495199.0998815745,548.7911104593061,128
349700,3498848.099960014,1368.186322627629,128
349800,3498957.2998601943,1222.0154023762855,128
349900,3499062.899965793,3893.5266795270477,128
350000,3499176.6999009997,404.1066056028062,128
350100,3499282.700009644,462.3353136196496,128
350200,3499389.0998885036,257.1163478415783,128
350300,3504257.6999403536,297.3877966472983,128
350400,3504370.7999866456,1093.5613405494096,128
350500,3504569.999873638,753.4017903798491,128
350600,3504864.2999026924,2886.8231004544923,128
350700,3505069.299833849,567.7924989018974,128
350800,3510435.599833727,316.51970451058503,128
350900,3510548.699880019,246.10437210548258,128
351000,3510686.3998807967,308.0579557173816,128
351100,3510794.000001624,247.86479333896352,128
351200,3510901.599889621,103.25942849267221,128
351300,3514725.5999036133,1029.5172204227813,128
351400,3514961.199834943,876.3088494589948,128
351500,3515193.3999732137,2640.3994710011902,128
351600,3515431.299805641,387.38351574665666,128
351700,3515663.899946958,449.54795426448453,128
351800,3519597.39997983,246.10437210548258,128
351900,3519710.199907422,311.1739472305832,128
352000,3519820.899935439,804.2046040874515,128
352100,3519938.299898058,2408.924857268356,128
352200,3520044.5998925716,563.5862999662161,128
352300,3525448.099942878,897.5457881344015,128
352400,3525557.9999648035,2609.15406847767,128
352500,3525663.1998345256,380.1670005352528,128
352600,3525768.799940124,457.7651962407455,128
352700,3525873.3998052776,249.62578405217562,128
352800,3529386.800015345,297.3877966472983,128
352900,3529502.2998470813,880.5551532783023,0
353000,3529612.4999877065,2104.0382537830274,0
353100,3529719.1999852657,1806.0947365619345,0
353200,3529825.5998641253,375.21093181116777,0
353300,3534814.7999029607,434.9679980710254,0
353400,3534922.6999096572,239.06838196887108,0
353500,3535028.300015256,266.3835986292844,0
353600,3535132.2998758405,635.1653881454089,0
353700,3535233.9998353273,326.3335711126386,0
353800,3540776.10000968,250.50649296368084,0
353900,3540881.499880925,463.70704288674324,0
354000,3540983.1998404115,410.9001176940177,0
354100,3541081.5000068396,215.38918505105602,0
354200,3541179.99994196,1793.0078881406587,0
354300,3541277.9999896884,372.05931222228264,0
354400,3545061.7999304086,1239.1794637561738,0
354500,3545164.099894464,1067.9290596358137,0
354600,3545267.7998691797,290.72935802983227,0
354700,3545366.099802777,618.3091588452468,0
354800,3545464.599970728,314.29168277546154,0
354900,3550483.600003645,244.34452035173297,0
355000,3550588.299985975,326.7800652717433,0
355100,3550688.6998191476,923.0479991551554,0
355200,3550801.2999780476,69.95841350495829,0
355300,3550902.7999360114,1226.3056047844273,0
355400,3556061.8999879807,1003.9337157190013,0
355500,3556163.8998333365,3008.3946477486656,0
355600,3556260.5999875814,388.2862208127798,0
355700,3556371.5999014676,461.8781417155848,0
355800,3556519.2999783903,235.55380377895258,0
355900,3561380.499973893,294.7234602032655,0
356000,3561486.3999653608,664.684654799336,0
356100,3561588.1998091936,2148.0648404796448,0
356200,3561688.6999923736,1779.9259173403643,0
356300,3561801.09991692,447.2674336166405,0
356400,3566874.000011012,421.78639432209394,0
356500,3566976.899979636,243.02500525749426,0
356600,3567077.4998143315,433.1480662056336,0
356700,3567178.2998833805,255.7937362013012,0
356800,3567278.79983373,295.16742729606295,0
356900,3571018.5000207275,728.0296492519375,0
357000,3571229.1998788714,1924.0958652975894,0
357100,3571468.49995479,1688.4886951257881,0
357200,3571665.099821985,387.38351574665666,0
357300,3572193.800006062,416.34069334926545,0
357400,3576209.699967876,235.55380377895258,0
357500,3576310.4998040944,276.1089823181019,0
357600,3576409.599976614,508.88742411728225,0
357700,3576607.999857515,267.708772928352,0
357800,3576822.8999804705,639.3808003651666,0
357900,3580677.7998805046,2077.648315743625,0
358000,3580782.499862835,1359.5706905487004,0
358100,3580883.39981623,513.3026378464176,0
358200,3580984.100000933,410.9001176940177,0
358300,3581085.299840197,224.147156539292,0
358400,3586388.799827546,274.78177924749195,0
358500,3586489.799898118,124.72012891821728,0
358600,3586585.99993214,264.1756866471692,0
358700,3586683.199973777,275.666545702082,0
358800,3586784.799816087,455.9381458787135,0
358900,3586885.7000023127,247.86479333896352,0
359000,3592316.4000269026,976.1016298855084,0
359100,3592450.5998846143,406.37021982113015,0
359200,3592554.699862376,377.0126403251612,0
359300,3592657.599831,263.29277100170555,0
359400,3592757.5000096112,570.415089206564,0
359500,3596289.69989717,1346.6513071144589,0
359600,3596476.4999225736,1067.9290596358137,0
359700,3596688.6000242084,36.66633626530675,0
359800,3596899.399999529,246.98451153725668,0
359900,3597109.399968758,211.4527427004075,0
360000,3602984.600001946,850.8424076587725,0
360100,3603209.799854085,1277.8303063973037,0
360200,3603391.9998444617,538.3604874677519,0
360300,3603494.199924171,872.0630875975739,0
360400,3603697.99984619,3026.438848736787,0
360500,3607649.500016123,657.6129345459472,0
360600,3607753.6998782307,339.29635227485403,0
360700,3607854.399830103,240.82652528342717,0
360800,3607954.70001176,304.9437082358569,0
360900,3608055.6998495013,897.5457881344015,0
361000,3611329.6998664737,1601.627829083607,0
361100,3611433.499958366,2382.3105486638015,0
361200,3611534.799914807,372.05931222228264,0
361300,3611635.799985379,3679.9113171534027,0
361400,3611743.099987507,576.2065226469206,0
361500,3616876.499960199,1579.9464849409894,0
361600,3616982.3999516666,1368.186322627629,0
361700,3617086.1998107284,4111.035261594356,0
361800,3617189.999902621,414.0731639577896,0
361900,3617295.8998940885,465.0790924861858,0
362000,3622765.799984336,273.0126734481101,0
362100,3622872.699983418,101.97461606955393,0
362200,3622978.099854663,1376.8041225381048,0
362300,3623078.2999191433,1093.5613405494096,0
362400,3623245.1999094337,276.1089823181019,0
362500,3628172.499826178,278.76434945636817,0
362600,3628278.0999317765,2259.0086996227756,0
362700,3628379.7998912632,417.70163809394927,0
362800,3628482.799977064,468.739457487293,0
362900,3628581.899916753,257.5572895733037,0
363000,3628682.4999842793,103.6877704853447,0
363100,3632434.5998000354,1166.2920892381428,0
363200,3632541.8998021632,910.2944548342876,0
363300,3632647.099904716,1450.1429479758758,0
363400,3632751.500001177,1153.445870118625,0
363500,3632855.499861762,3893.5266795270477,0
363600,3638598.1999337673,412.2597811093064,0
363700,3638784.899841994,458.6789349766607,0
363800,3638932.199915871,258.88032832337916,0
363900,3639036.0000077635,97.69422150390105,0
364000,3639156.7999962717,257.1163478415783,0
364100,3642545.6998404115,557.0961652748108,0
364200,3642651.599831879,1307.9224225376233,0
364300,3642753.5999100655,1102.10976985037,0
364400,3642860.4999091476,1875.9736390742062,0
364500,3642961.7998655885,1320.8271731089205,0
364600,3648679.7998659313,1813.0114147361012,0
364700,3648897.3998930305,408.6347238515339,0
364800,3649111.90001294,384.67625476788425,0
364900,3649327.3000232875,406.82304944224444,0
365000,3649475.5998719484,233.79736890359013,0
365100,3653468.200005591,266.8252878031571,0
365200,3653580.2998114377,703.763844201083,0
365300,3653712.699888274,308.9480610444518,0
365400,3653815.299971029,278.3216992854491,0
365500,3653916.999930516,450.004165171503,0
365600,3657802.199944854,260.2036874058035,0
365700,3658017.599955201,393.2536435390057,0
365800,3658228.499814868,271.24413712845956,0
365900,3658439.3000230193,98.55001567716603,0
366000,3658656.599931419,1166.2920892381428,0
366100,3664036.499802023,122.99999837571922,0
366200,3664140.6998969615,1428.5564464634556,0
366300,3664241.9998534024,1127.768064742534,0
366400,3664342.5999209285,304.498958108429,0
366500,3664442.9999869317,723.8028559165562,0
366600,3668049.5999753475,2289.3141136087793,0
366700,3668153.799837455,1723.2937408259872,0
366800,3668257.099809125,351.39205644663,0
366900,3668356.499867514,414.52659865111826,0
367000,3668493.9998667687,237.75014820402768,0
367100,3668700.1998070627,285.85159276878824,0
367200,3674268.1998293847,672.3061677270964,0
367300,3674369.1998999566,1493.3565978422293,0
367400,3674467.699835077,1170.575246193756,0
367500,3674564.499873668,296.49954212935455,0
367600,3674660.2999046445,276.99396232759113,0
367700,3678239.6999187768,422.69450944566347,0
367800,3678343.3998934925,430.4192361820416,0
367900,3678444.3999640644,359.0211817731319,0
368000,3678548.599826172,423.60276693916586,0
368100,3678646.2999880314,252.26833789648975,0
368200,3683985.00001058,292.06040508862793,0
368300,3684090.399881825,235.1146416713872,0
368400,3684193.5999691486,299.6090558106136,0
368500,3684297.1998266876,278.76434945636817,0
368600,3684401.099802926,454.1116649964126,0
368700,3690149.5999190956,249.62578405217562,0
368800,3690367.5999492407,132.46776367113216,0
368900,3690546.300029382,1020.987217689974,0
369000,3690650.299889967,859.3290537606325,0
369100,3690763.7999393046,2502.2285824452183,0
369200,3695140.1999685913,391.44680970743144,0
369300,3695367.199834436,444.07619959395333,0
369400,3695597.399957478,246.10437210548258,0
369500,3695818.2000089437,301.3867038059635,0
369600,3696038.599824533,272.57048597947266,0
369700,3699482.2998531163,889.5010622064699,0
369800,3699586.4999480546,2024.9269711166,0
369900,3699688.399909064,354.0835143628616,0
370000,3699791.899882257,422.2404340876371,0
370100,3699952.3998238146,244.34452035173297,0
370200,3703758.7999366224,300.94223841840125,0
370300,3703863.6999204755,261.0861047565024,0
370400,3703965.499997139,288.9551269128697,0
370500,3704065.5999444425,825.3954763424765,0
370600,3704166.4998978376,2307.0092937177733,0
370700,3709404.299966991,1945.9912828055094,0
370800,3709509.499836713,364.86215932173974,0
370900,3709630.89982979,424.9654201230434,0
371000,3709850.399987772,233.35834916595755,0
371100,3710067.6000118256,294.7234602032655,0
371200,3713927.699951455,233.79736890359013,0
371300,3714034.999953583,278.76434945636817,0
371400,3714132.8998841345,690.0080197174319,0
371500,3714230.5998131633,2117.2405392342007,0
371600,3714327.899971977,1610.304160445862,0
371700,3714425.7000181824,379.2655767985249,0
371800,3719598.1999393553,404.1066056028062,0
371900,3719701.600028202,237.31080813404628,0
372000,3719804.699998349,278.76434945636817,0
372100,3719906.6998437047,232.0415035079589,0
372200,3720005.299896002,310.28348597868103,0
372300,3732173.299882561,230.28620759205884,0
372400,3732388.6998929083,296.94365159208485,0
372500,3732600.2998743206,812.6793271158009,0
372600,3732811.9999729097,2267.2073325249894,0
372700,3733023.499837145,1910.965118287479,0
372800,3733233.699807897,361.71627012264986,0
372900,3733450.099825859,427.2372206125033,0
373000,3733664.499828592,244.34452035173297,0
373100,3733860.199805349,270.3600825235334,0
373200,3734070.8000119776,635.1653881454089,0
373300,3735491.3998860866,1553.9467565801137,0
373400,3735706.500010565,1286.4253440765322,0
373500,3735919.9998900294,1880.5825863256362,0
373600,3736137.8998029977,408.6347238515339,0
373700,3736260.399920866,387.38351574665666,0
373800,3740140.1998940855,250.94690080815832,0
373900,3740250.000031665,116.12517100303913,0
374000,3740356.1000246555,1204.860012322586,0
374100,3740459.3999963254,1033.783034726015,0
374200,3740562.6999679953,3425.6051160013894,0
374300,3745615.700026974,392.35015543825216,0
374400,3745727.8999499977,2246.114222373828,0
374500,3745836.19995974,417.70163809394927,0
374600,3745943.99984926,430.4192361820416,0
374700,3746052.0998574793,258.4392798142042,0
374800,3749601.99999623,107.54445008114114,0
374900,3749709.9998872727,1144.884433828381,0
375000,3749815.4998756945,526.9197854244833,0
375100,3749918.7998473644,1484.7095322058638,0
375200,3750022.79994078,1085.015079079997,0
375300,3755384.6000228077,290.72935802983227,0
375400,3755667.8999681026,673.123608607154,0
375500,3755984.7999364138,288.51165811483696,0
375600,3756280.3998589516,884.801999055497,0
375700,3756555.5998589844,2400.05125323529,0
375800,3756828.499957919,1802.9237109731912,0
375900,3760745.69998309,711.1257276577333,0
376000,3760858.4999106824,2528.930688227442,0
376100,3760979.0998976678,251.82782327456277,0
376200,3761086.3998997957,431.32870381997276,0
376300,3761192.699894309,234.67551515630495,0
376400,3766243.399819359,307.16799276024426,0
376500,3766356.9999858737,893.2973164835464,0
376600,3766467.1998936683,2271.627604825974,0
376700,3766593.5999248177,1813.293475205801,0
376800,3766700.4999239,749.1717452971468,0
376900,3771020.9998767823,2475.545987146921,0
377000,3771134.1998074204,79.75543131981378,0
377100,3771279.799984768,1471.742998435467,0
377200,3771517.7999343723,1264.941814562612,0
377300,3771767.6998581737,4055.3873443783814,0
377400,3775725.6999611855,408.6347238515339,0
377500,3775838.8000074774,473.31811706216524,0
377600,3775948.50002788,265.941945047895,0
377700,3776062.399847433,102.83112209248293,128
377800,3776172.2998693585,1003.9337157190013,128
377900,3781112.599885091,842.3579293884599,128
378000,3781226.9998248667,2546.742931239994,128
378100,3781336.999963969,593.0261592743743,128
378200,3781467.8999129683,1841.0168451656916,128
378300,3781574.7999120504,1239.1794637561738,128
378400,3786604.6999115497,1794.9232551422401,128
378500,3786711.5000262856,419.516729381626,128
378600,3786815.6998883933,415.4335748152254,128
378700,3786919.4999802858,256.67544170233606,128
378800,3787022.39994891,101.11825241655775,128
378900,3790986.6999834776,1153.445870118625,128
379000,3791102.2999323905,872.0630875975739,128
379100,3791211.0998295248,280.09251352402447,128
379200,3791326.1998910457,711.1257276577333,128
379300,3791434.8000194877,1989.8227646628638,128
379400,3796580.9998568147,1515.9995187144661,128
379500,3796694.2000202835,2360.1468620018936,128
379600,3796803.4998048097,1797.369628989864,128
379700,3796913.099940866,359.0211817731319,128
379800,3797027.7999993414,431.32870381997276,128
379900,3797135.900007561,253.14947391779344,128
380000,3802002.4998113513,441.79781449510136,128
380100,3802111.3998256624,230.7249781823091,128
380200,3802216.799929738,284.5220405942871,128
380300,3802321.800030768,719.5766045390617,128
380400,3802426.500013098,2060.065862875094,128
380500,3806464.1999080777,1749.4202873323836,128
380600,3806577.0999528468,360.8177649695444,128
380700,3806706.19988814,576.2065226469206,128
380800,3806814.800016582,948.5697206598356,128
380900,3806921.3998969644,5231.535984651822,128
381000,3812748.299911618,673.8789297423103,128
381100,3812968.799844384,314.29168277546154,128
381200,3813189.7000130266,278.76434945636817,128
381300,3813406.7999199033,453.65513375704546,128
381400,3813623.89982678,252.26833789648975,128
381500,3817058.000015095,287.1814652756382,128
381600,3817163.7998893857,1102.10976985037,128
381700,3817266.69985801,799.9680555101069,128
381800,3817369.6999438107,2453.325394906895,128
381900,3817472.100025043,95.12769320370293,128
382000,3822873.6999444664,322.31672534244035,128
382100,3822980.6998278946,243.9046463945035,128
382200,3823083.0999091268,300.94223841840125,128
382300,3823186.3998807967,829.6352766671422,128
382400,3823293.2998798788,2311.4344436397387,128
382500,3827026.4000166208,576.2065226469206,128
382600,3827131.099998951,774.5601451616637,128
382700,3827233.2998458296,2506.6775785142045,128
382800,3827335.099922493,665.8201918611662,128
382900,3827436.299994588,1614.6431390638197,128
383000,3832744.8999043554,1102.10976985037,128
383100,3832844.1998455673,2296.313296446884,128
383200,3832943.100016564,409.5407746110779,128
383300,3833042.0998390764,331.6938501257862,128
383400,3833142.099902034,1749.4202873323836,128
383500,3836726.4999542385,375.21093181116777,128
383600,3836832.199944183,428.1461899556696,128
383700,3836934.0000208467,244.34452035173297,128
383800,3837036.0999833792,263.29277100170555,128
383900,3837137.899827212,597.2510662724982,128
384000,3842608.0998033285,1841.0168451656916,128
384100,3842717.999825254,1532.2952201212725,128
384200,3842815.8999886364,366.21093143716917,128
384300,3842915.0998126715,2112.839235459256,128
384400,3843012.1999699622,363.064294795932,128
384500,3843108.8998913765,417.24795425323816,128
384600,3848888.099892065,246.54442402512808,128
384700,3849105.699919164,444.07619959395333,128
384800,3849246.7999458313,267.708772928352,128
384900,3849351.3998109847,300.49780862332216,128
385000,3849459.599936381,278.3216992854491,128
385100,3853269.999846816,1430.5470013723236,128
385200,3853372.4998123944,415.88711628600385,128
385300,3853473.4998829663,226.7773241994524,128
385400,3853574.799839407,1727.6468103490026,128
385500,3853676.399914548,377.46315643486747,128
385600,3857361.000031233,443.164738776963,128
385700,3857467.3999100924,244.78442990144555,128
385800,3857575.9998057038,465.9939701815634,128
385900,3857692.899880931,254.91217307019917,128
386000,3857796.1998526007,300.49780862332216,128
386100,3862624.9998342246,816.917501566806,128
386200,3862726.700026542,2382.3105486638015,128
386300,3862826.8998581916,2046.8847137815071,128
386400,3862929.099937901,374.3102911090703,128
386500,3863092.399900779,276.55145452660486,128
386600,3868259.5000136644,542.5634346561122,128
386700,3868362.5999838114,1601.627829083607,128
386800,3868462.499929592,1020.987217689974,128
386900,3868562.0999895036,4143.5325868364835,128
387000,3868663.5999474674,422.69450944566347,128
387100,3873541.39983654,345.1169709230712,128
387200,3873647.8998325765,414.9800689369303,128
387300,3873750.099912286,231.60262614025908,128
387400,3873871.6999068856,2223.0344171989245,128
387500,3873972.6999774575,375.6613055509414,128
387600,3878994.9999190867,448.1795350983286,128
387700,3879097.299883142,278.3216992854491,128
387800,3879197.4999476224,290.72935802983227,128
387900,3879297.300009057,694.2304773897184,128
388000,3879397.8998437524,2200.968282956649,128
388100,3883207.4999809265,1692.837428985709,128
388200,3883309.2998247594,364.412639801563,128
388300,3883407.7999927104,428.60072801597767,128
388400,3883505.899924785,229.40877318900806,128
388500,3883624.0998934954,438.15424914606456,128
388600,3883725.1998484135,244.34452035173297,128
388700,3889420.799911022,432.6931722204935,128
388800,3889527.800027281,246.98451153725668,128
388900,3889630.0999913365,443.164738776963,128
389000,3889733.799966052,252.70888811089995,128
389100,3889836.3998159766,442.7090617571925,128
389200,3893161.5999899805,271.24413712845956,128
389300,3893266.4999738336,525.9691437926102,128
389400,3893368.399934843,1243.471833995863,128
389500,3893469.600006938,1050.8517115178197,128
389600,3893570.999847725,3143.9375187354426,128
389700,3898704.8999406397,387.83485048347666,128
389800,3898805.199889466,451.8293647244086,128
389900,3898902.899818495,255.35293683950857,128
390000,3899007.099913433,477.9003358853575,128
390100,3899106.699973345,436.33332069114306,128
390200,3904492.700006813,372.5094368146739,128
390300,3904592.1999495476,421.78639432209394,128
390400,3904689.1999896616,232.0415035079589,128
390500,3905031.2999170274,268.5924004234797,128
390600,3905280.399834737,605.6726774279372,128
390700,3909276.399994269,1836.6496847376181,128
390800,3909381.699981168,1428.5564464634556,128
390900,3909483.5999421775,1855.603558999879,128
391000,3909590.4999412596,413.619764856944,128
391100,3909689.5998809487,221.08024706042377,128
391200,3913512.3000014573,271.68621781964737,128
391300,3913612.9999533296,628.0862751505229,128
391400,3913711.099885404,1230.596349150456,128
391500,3913819.1000092775,1067.9290596358137,128
391600,3913924.1999946535,3944.3256357535465,128
391700,3919004.8999153078,407.27591465584203,128
391800,3919104.0999721736,1463.275659498472,128
391900,3919200.7000092417,398.22537295569873,128
392000,3919298.099819571,447.2674336166405,128
392100,3919426.899868995,1575.6118419861261,128
392200,3925120.099913329,376.56215980793803,128
392300,3925307.3998261243,2417.8006291329693,128
392400,3925527.699990198,385.5785327242089,128
392500,3925746.199907735,449.54795426448453,128
392600,3925962.49980852,396.4169730548637,128
392700,3926189.8000258952,454.1116649964126,128
392800,3929495.699936524,402.29635489284476,128
392900,3929595.0999949127,449.54795426448453,128
393000,3929694.199934602,427.2372206125033,128
393100,3929791.6998621076,359.91940218637177,128
393200,3929889.0999052674,723.8028559165562,128
393300,3935183.9998271316,910.2944548342876,128
393400,3935283.0999996513,274.78177924749195,128
393500,3935380.2998084575,270.80209202975493,128
393600,3935499.1000145674,448.1795350983286,128
393700,3935604.4998858124,260.2036874058035,128
393800,3939537.7999171615,478.3587535263344,128
393900,3939641.2998903543,416.7943060050102,128
394000,3939741.4999548346,706.9011021538993,128
394100,3939839.500002563,2200.968282956649,128
394200,3939940.699841827,383.3231047770212,128
394300,3945201.59997046,433.1480662056336,128
394400,3945307.0999588817,266.3835986292844,128
394500,3945409.4998072833,288.0682249092876,128
394600,3945522.3998520523,626.7361895795541,128
394700,3945625.399937853,1823.5514552007182,128
394800,3950757.300015539,1684.1405032237542,128
394900,3950864.200014621,398.22537295569873,128
395000,3950968.6999954283,2360.1468620018936,128
395100,3951107.6998896897,816.917501566806,128
395200,3951256.499858573,2747.7281737014537,128
395300,3955518.1998293847,82.31427164364061,128
395400,3955725.49989447,293.8356327951201,128
395500,3955900.0998269767,664.684654799336,128
395600,3956071.5998522937,37.936053366498825,128
395700,3956239.099847153,243.02500525749426,128
395800,3959844.599943608,269.91810860979524,128
395900,3959953.3998407423,982.629032307739,128
396000,3960060.399957001,115.26645824615171,128
396100,3960164.29993324,272.1283341033184,128
396200,3960268.300026655,584.6227142234911,128
396300,3965694.2998990417,1928.4738648833998,128
396400,3965795.9998585284,1428.5564464634556,128
396500,3965893.9000219107,4144.585823208177,128
396600,3965997.099876404,1714.5892276536163,128
396700,3966095.899930224,388.2862208127798,128
396800,3970890.1999983937,2400.05125323529,128
396900,3970998.1998894364,382.8721259650332,128
397000,3971097.699832171,446.8114362645214,128
397100,3971195.9999985993,269.91810860979524,128
397200,3971299.999859184,437.2437137336374,128
397300,3971611.5999035537,241.26615009327418,128
397400,3975033.799884841,487.9937458504671,128
397500,3975139.2998732626,1679.792853279607,128
397600,3975241.599837318,354.53221525592477,128
397700,3975342.9000265896,421.78639432209394,128
397800,3975442.7999723703,245.66435577832036,128
397900,3980995.8999976516,274.78177924749195,128
398000,3981098.499847576,567.7924989018974,128
398100,3981197.099899873,315.6283890390861,128
398200,3981301.0999932885,719.5766045390617,128
398300,3981401.899829507,2038.0999908418837,128
398400,3986488.899914548,1579.9464849409894,128
398500,3986595.100024715,359.91940218637177,128
398600,3986761.000007391,424.0569490746418,128
398700,3986970.4998563975,681.5647302465192,128
398800,3987136.5998405963,2627.005332458075,128
398900,3998959.3999926,84.44761737345097,128
399000,3999065.4999855906,276.99396232759113,128
399100,3999167.899833992,271.68621781964737,128
399200,3999271.399807185,463.70704288674324,128
399300,3999372.099991888,272.1283341033184,128
399400,3999471.8998204917,324.1016342043631,128
399500,3999571.899883449,855.0854597307591,128
399600,3999671.4999433607,677.3438984478931,128
399700,3999771.1000032723,3904.0653557147084,128
399800,3999871.099833399,672.7817382463354,128
399900,4000648.1998134404,1458.7813422860515,128
400000,4000748.0999920517,1239.1794637561738,128
400100,4000845.5999195576,295.16742729606295,128
400200,4000942.3999581486,275.2241446785454,128
400300,4001039.5999997854,481.11000681434257,128
400400,4006613.8999536633,405.0119445126862,128
400500,4006725.799990818,224.58542883477742,128
400600,4006831.199862063,279.64975657565583,128
400700,4006940.9999996424,538.3604874677519,128
400800,4007041.299948469,1506.3312609809286,128
400900,4012362.599838525,1179.1431859786426,128
401000,4012586.1999113113,3457.53717916754,128
401100,4012768.599903211,403.2014090628591,128
401200,4012875.60001947,443.164738776963,128
401300,4012980.599887669,257.5572895733037,128
401400,4013080.1999475807,114.83715525643281,128
401500,4016516.39980264,1097.8352842209463,128
401600,4016618.2999964803,999.6716951209751,128
401700,4016718.099825084,2698.4971016415902,128
401800,4016817.499883473,383.3231047770212,128
401900,4016916.599823162,461.4210054040032,128
402000,4022937.5998023897,258.88032832337916,128
402100,4023176.1999893934,490.7494837913585,128
402200,4023424.6999025345,398.22537295569873,128
402300,4023677.999852225,371.60922322237474,128
402400,4023934.999946505,1989.8227646628638,0
402500,4026882.499922067,372.05931222228264,0
402600,4027016.7998969555,433.6029957832567,0
402700,4027149.099856615,245.22437504364132,0
402800,4027277.6999045163,281.86389724233106,0
402900,4027407.799847424,622.5224032334571,0
403000,4032368.1000154465,321.4244844663781,0
403100,4032471.8998745084,281.86389724233106,0
403200,4032578.4999877214,445.443657763063,0
403300,4032760.9998639673,255.35293683950857,0
403400,4032977.9000021517,96.83856970056887,0
403500,4036384.6998661757,1076.4709854421315,0
403600,4036489.199846983,79.75543131981378,0
403700,4036591.4998110384,1303.6219229296316,0
403800,4036703.299963847,1119.213131946932,0
403900,4036804.7999218106,282.30683215311575,0
404000,4042219.6998260915,609.8842959424869,0
404100,4042332.9998739064,2051.2778881881495,0
404200,4042431.1999231577,1697.186704803517,0
404300,4042529.199970886,371.15916981495,0
404400,4042626.400012523,412.2597811093064,0
404500,4047966.299811378,404.5592572615046,0
404600,4048075.199825689,1307.9224225376233,0
404700,4048177.1999038756,961.3378978436481,0
404800,4048279.399983585,3562.6437907558516,0
404900,4048381.2999445945,403.2014090628591,0
405000,4052170.29992491,458.2220478124615,0
405100,4052377.8998758644,244.78442990144555,0
405200,4052589.099854231,311.6192312452591,0
405300,4052800.1999482512,995.4102164808359,0
405400,4053012.0998155326,812.6793271158009,0
405500,4053222.1999019384,2640.3994710011902,0
405600,4059162.199962884,240.82652528342717,0
405700,4059391.099959612,294.2795287029512,0
405800,4059591.7999744415,267.26701256951293,0
405900,4059696.8999598175,463.70704288674324,0
406000,4059801.199939102,241.26615009327418,0
406100,4062289.0000231564,310.7286988083905,0
406200,4062395.100016147,1029.5172204227813,0
406300,4062498.29987064,77.62404317657943,0
406400,4062600.899953395,1394.0462258536988,0
406500,4062703.7999220192,974.1109526484422,0
406600,4067661.3999530673,1636.346161521911,0
406700,4067762.800026685,1191.9991603401234,0
406800,4067861.1998446286,2282.2467492542073,0
406900,4067968.8998498023,422.2404340876371,0
407000,4068069.899920374,357.67411809689617,0
407100,4073722.899891436,647.8132506783423,0
407200,4073950.4999946803,829.6352766671422,0
407300,4074174.1999518126,2573.477554495428,0
407400,4074363.599997014,83.59417230407722,0
407500,4074468.999868259,274.78177924749195,0
407600,4078500.5998332053,635.1653881454089,0
407700,4078658.299986273,2139.255187477226,0
407800,4078794.099856168,1558.2786897455426,0
407900,4078914.4998416305,1837.486472439863,0
408000,4079060.9000250697,408.6347238515339,0
408100,4082373.399985954,243.9046463945035,0
408200,4082475.6999500096,421.332390149034,0
408300,4082576.7999049276,238.6289351214401,0
408400,4082675.6998430938,308.9480610444518,0
408500,4082774.6000140905,571.9992397954655,0
408600,4087889.999849722,1985.4371776666376,0
408700,4087989.5000252873,1493.3565978422293,0
408800,4088085.7999436557,1871.0105406321238,0
408900,4088341.2999100983,399.1297864610155,0
409000,4088558.799820021,226.7773241994524,0
409100,4093475.400004536,412.2597811093064,0
409200,4093583.5000127554,236.87150365654801,0
409300,4093687.0998702943,272.1283341033184,0
409400,4093795.7998830825,593.0410736316089,0
409500,4093901.69987455,1836.6496847376181,0
409600,4097700.8999325335,1333.7368013011987,0
409700,4097809.499828145,1881.9959893298646,0
409800,4097911.899909377,409.08773143506426,0
409900,4098016.1000043154,374.7605936638775,0
410000,4098153.0998833477,431.32870381997276,0
410100,4098371.399799362,232.0415035079589,0
410200,4103191.199945286,285.85159276878824,0
410300,4103290.4000021517,630.9505178835382,0
410400,4103387.099923566,322.31672534244035,0
410500,4103484.199848026,643.596754542811,0
410600,4103644.5999052376,2148.0648404796448,0
410700,4108924.3998285383,1705.886882312793,0
410800,4109106.1998158693,479.73422000416406,0
410900,4109320.3998170793,2029.3174357338075,0
411000,4109537.199838087,927.3002645112184,0
411100,4109749.9998286366,2873.3395388600475,0
411200,4113503.6998894066,396.8690196413477,0
411300,4113620.9999676794,450.4604116710046,0
411400,4113738.4998146445,280.53530606487635,0
411500,4113847.999833524,305.8333152681623,0
411600,4113953.9999421686,744.9422421723311,0
411700,4119851.5000287443,664.684654799336,0
411800,4120085.7998337597,2148.0648404796448,0
411900,4120203.899918124,365.76130513954286,0
412000,4120303.8999810815,436.7884994161487,0
412100,4120401.700027287,250.06612071168658,0
412200,4123732.3998939246,445.443657763063,0
412300,4123833.3999644965,241.26615009327418,0
412400,4123929.8000000417,288.51165811483696,0
412500,4124042.899813503,799.9680555101069,0
412600,4124222.500016913,2448.88290233255,0
412700,4129532.8999403864,2007.3705322266374,0
412800,4129637.199919671,376.56215980793803,0
412900,4129822.99993746,445.443657763063,0
413000,4130041.199969128,241.26615009327418,0
413100,4130258.1999916583,285.40837311813794,0
413200,4134058.0999385566,643.596754542811,0
413300,4134163.999930024,314.7372159375198,0
413400,4134265.499887988,246.54442402512808,0
413500,4134366.099955514,465.5365135376329,0
413600,4134465.9000169486,404.1066056028062,0
413700,4140236.7998380214,232.91936502080813,0
413800,4140382.800018415,263.7342110281958,0
413900,4140489.300014451,680.5549977191868,0
414000,4140590.899856761,1316.5250476272681,0
414100,4140690.8999197185,1114.9364784859613,0
414200,4140790.899982676,284.5220405942871,0
414300,4144501.3999473304,273.45489650923076,0
414400,4144716.7999576777,452.7421780557605,0
414500,4144929.099828005,254.03075230902988,0
414600,4145120.699889958,111.83303091793012,0
414700,4145223.8999772817,1179.1431859786426,0
414800,4150730.699999258,1102.10976985037,0
414900,4150831.899838522,2569.0204290581387,0
415000,4150931.6998999566,1149.1648809945596,0
415100,4151029.499946162,3443.8487574918686,0
415200,4151126.999873668,399.5820466023987,0
415300,4154627.999989316,452.7421780557605,0
415400,4154727.4999320507,252.70888811089995,0
415500,4154824.399854988,95.9830602671695,0
415600,4155164.7998858243,1149.1648809945596,0
415700,4155771.999852732,85.30120481275752,0
415800,4161245.6999719143,1381.1138354301731,0
415900,4161458.89996551,1093.5613405494096,0
416000,4161679.5000154525,3184.695493640617,0
416100,4161792.599828914,402.29635489284476,0
416200,4161894.9000258,481.11000681434257,0
416300,4165655.3999055177,400.9390405814473,0
416400,4165756.9999806583,326.3335711126386,0
416500,4165893.4999722987,1714.5892276536163,0
416600,4166111.9000054896,377.46315643486747,0
416700,4166329.499799758,1136.3251653696839,0
416800,4170185.2998230606,999.6716951209751,0
416900,4170289.699919522,2779.0911810864186,0
417000,4170459.499815479,395.964962060863,0
417100,4170636.499999091,451.8293647244086,0
417200,4170740.4998596758,409.99385337957455,0
417300,4176103.499950841,443.164738776963,0
417400,4176256.6999532282,433.6029957832567,0
417500,4176359.5999218524,365.76130513954286,0
417600,4176460.8998782933,439.97574708071744,0
417700,4176561.5998301655,239.5078644087853,0
417800,4180106.59981519,283.635850440369,0
417900,4180218.3999679983,567.7924989018974,0
418000,4180431.9999646395,333.034720709945,0
418100,4180652.0998943597,239.5078644087853,0
418200,4180871.999822557,312.9552968441859,0
418300,4181091.299979016,923.0479991551554,0
418400,4186327.09980011,304.9437082358569,0
418500,4186435.499927029,1097.8352842209463,0
418600,4186701.3999726623,893.2973164835464,0
418700,4186912.899836898,5929.994012639438,0
418800,4187077.2999245673,609.8842959424869,0
418900,4191130.899824202,1532.2952201212725,0
419000,4191310.7000291348,1174.8589451072557,0
419100,4191460.100002587,2288.9844374344084,0
419200,4191609.499976039,402.74886418161043,0
419300,4191764.499992132,455.9381458787135,0
419400,4197019.499959424,1714.5892276536163,0
419500,4197236.299980432,363.9631558738695,0
419600,4197452.899999917,2479.9917314685867,0
419700,4197663.999861106,374.3102911090703,0
419800,4197876.099962741,1320.8271731089205,0
419900,4201203.09991762,1166.2920892381428,0
420000,4201308.10001865,2211.672961061295,0
420100,4201408.499851823,396.8690196413477,0
420200,4201509.099919349,464.6217070272217,0
420300,4201608.599862084,266.8252878031571,0
420400,4206094.899913296,107.54445008114114,0
420500,4206260.500010103,1076.4709854421315,0
420600,4206393.9999789,82.74086960463627,0
420700,4206495.699938387,270.3600825235334,0
420800,4206595.1998811215,584.6227142234911,0
420900,4210952.199995518,1649.374478491408,0
421000,4211055.099964142,1398.3581065773144,0
421100,4211155.199911445,2347.404044185456,0
421200,4211252.699838951,426.32839363926973,0
421300,4211349.999997765,386.02972509109605,0
421400,4216632.2998236865,423.60276693916586,0
421500,4216845.499817282,248.30498762854168,0
421600,4217054.599896073,269.4761702885402,0
421700,4217262.899968773,576.2065226469206,0
421800,4217472.099931911,1766.8488241610517,0
421900,4221510.599832982,1316.5250476272681,0
422000,4221790.199866518,2347.896386016293,0
422100,4222016.699844971,415.4335748152254,0
422200,4222540.199989453,232.0415035079589,0
422300,4222740.199882537,267.26701256951293,0
422400,4226091.000018641,498.9127927306238,0
422500,4226200.899807736,1303.6219229296316,0
422600,4226303.099887446,1097.8352842209463,0
422700,4226404.499961063,3452.9738299844294,0
422800,4226525.699952617,406.37021982113015,0
422900,4226643.899921328,481.5686736027018,0
423000,4232594.999950379,243.02500525749426,0
423100,4232796.999858692,304.05424357348437,0
423200,4232899.999944493,1029.5172204227813,0
423300,4232998.299878091,75.06755195664385,0
423400,4233095.999807119,1307.9224225376233,0
423500,4236526.599852368,1110.6603669828773,0
423600,4236626.399913803,3585.5309911966947,0
423700,4236724.599963054,397.32110182031494,0
423800,4236820.999998599,1787.7412945088176,0
423900,4236918.1998074055,407.27591465584203,0
424000,4242412.499850616,282.7498026563836,0
424100,4242517.599835992,1745.0645080199338,0
424200,4242619.199911132,378.3642954317298,0
424300,4242720.59998475,1239.1794637561738,0
424400,4242821.3998209685,1067.9290596358137,0
424500,4246636.399999261,5799.992687287344,0
424600,4246737.299952656,1183.427968807916,0
424700,4246835.099998862,2330.425457948417,0
424800,4246933.399932459,407.27591465584203,0
424900,4247031.499864534,388.73762673456616,0
425000,4251903.099939227,274.78177924749195,0
425100,4252005.900023505,107.11578775611984,0
425200,4252106.499858201,246.98451153725668,0
425300,4252207.599813119,550.9709549064933,0
425400,4252306.999871507,317.41116235201673,0
425500,4257395.799970254,269.91810860979524,0
425600,4257570.799905807,453.1986381101614,0
425700,4257685.399847105,256.23457115557704,0
425800,4257793.3999709785,292.9479477569076,0
425900,4257907.399907708,1008.196278274914,0
426000,4263337.099924684,940.0603123267282,0
426100,4263551.999814808,2546.742931239994,0
426200,4263762.80002296,388.2862208127798,0
426300,4263978.999806568,445.443657763063,0
426400,4264191.20002538,246.54442402512808,0
426500,4267805.299954489,291.6166871432128,0
426600,4267909.999936819,744.9422421723311,0
426700,4268010.2998856455,2439.9995430575214,0
426800,4268110.999837518,1858.4909064568542,0
426900,4268210.799898952,369.809223147575,0
427000,4268311.699852347,429.9645557518009,0
427100,4272902.199998498,246.10437210548258,0
427200,4273019.49984394,285.85159276878824,128
427300,4273124.799830839,597.2510662724982,128
427400,4273223.999887705,1359.5706905487004,128
427500,4273356.499848887,1376.8041225381048,128
427600,4278221.499873325,5619.120128734125,128
427700,4278326.199855655,1480.3868123245115,128
427800,4278427.799930796,1228.5078372479024,128
427900,4278529.800008982,410.4469677405546,128
428000,4278633.499983698,395.5129866593454,128
428100,4290809.899801388,652.0302887717605,128
428200,4290911.899879575,995.4102164808359,128
428300,4291011.999826878,3166.5754185483374,128
428400,4291110.699996352,1123.4903273657899,128
428500,4291209.899820387,4055.3873443783814,128
428600,4291315.399808809,414.52659865111826,128
428700,4291423.499817029,449.54795426448453,128
428800,4291531.299939379,1597.2904763393096,128
428900,4291637.999936938,358.12310372982483,128
429000,4291755.999904126,567.7924989018974,128
429100,4292604.599846527,906.0443573097722,128
429200,4292711.999965832,1342.3459298854852,128
429300,4292823.2999984175,1144.884433828381,128
429400,4292930.499883369,2239.203367653767,128
429500,4293036.799877882,426.7827893296449,128
429600,4299014.899879694,483.8625414317459,128
429700,4299187.799915671,415.4335748152254,128
429800,4299301.199847832,243.02500525749426,128
429900,4299412.299878895,271.68621781964737,128
430000,4299524.899804965,661.6299666486593,128
430100,4303395.299939439,1325.1298405484597,128
430200,4303507.599979639,1003.9337157190013,128
430300,4303616.799879819,465.9939701815634,128
430400,4303725.299891084,240.82652528342717,128
430500,4303834.300022572,479.2756955857376,128
430600,4309109.899913892,429.5099109140432,128
430700,4309220.699826255,237.31080813404628,128
430800,4309325.999813154,266.3835986292844,128
430900,4309430.300025269,113.54945984217532,128
431000,4309536.000015214,1510.6572326096023,128
431100,4309639.899991453,1123.4903273657899,128
431200,4313065.900001675,4083.201547744405,128
431300,4313176.400028169,407.72881546192275,128
431400,4313290.599966422,460.5068395582896,128
431500,4313400.799874216,269.0342675597683,128
431600,4313511.699903756,146.70171179275587,128
431700,4318116.899812594,1093.5613405494096,128
431800,4318225.399823859,85.30120481275752,128
431900,4318331.199930981,1325.1298405484597,128
432000,4318440.699949861,1307.9224225376233,128
432100,4318549.299845472,2213.1987452273856,128
432200,4323742.699809372,415.88711628600385,128
432300,4323857.699986547,467.36655366825386,128
432400,4323967.800009996,256.23457115557704,128
432500,4324077.199911699,99.83397388068748,128
432600,4324186.799814925,1076.4709854421315,128
432700,4329563.400009647,82.74086960463627,128
432800,4329675.89981854,1415.6110490506455,128
432900,4329788.099974394,1063.6589096694847,128
433000,4329897.599993274,3357.2686894109675,128
433100,4330005.099996924,414.0731639577896,128
433200,4333378.799958155,454.1116649964126,128
433300,4333489.8999892175,260.6448782849114,128
433400,4333599.800011143,95.9830602671695,128
433500,4333709.399914369,952.8252377632197,128
433600,4333818.799816072,677.3438984478931,128
433700,4339673.699811101,2569.0204290581387,128
433800,4339849.999872968,381.51940308396865,128
433900,4339961.299905553,455.0248342525967,128
434000,4340071.599930525,250.94690080815832,128
434100,4340179.899940267,293.8356327951201,128
434200,4344145.099865273,846.5998975446728,128
434300,4344255.900010467,298.7204453678379,128
434400,4344361.800001934,918.7962757569794,128
434500,4344467.799877748,821.1562179756979,128
434600,4344573.099864647,2528.930688227442,128
434700,4349616.899853572,633.1854924017049,128
434800,4349725.3998648375,1450.1429479758758,128
434900,4349830.59996739,1303.6219229296316,128
435000,4349935.999838635,3875.0705905449263,128
435100,4350039.999932051,397.7732195917652,128
435200,4353859.100025147,459.5928160825088,128
435300,4353976.399870589,255.7937362013012,128
435400,4354086.299892515,192.24941426598187,128
435500,4354196.100030094,999.6716951209751,128
435600,4354305.5998161435,480.399050339706,128
435700,4354415.1999522,1502.0058313101422,128
435800,4359811.399830505,1110.6603669828773,128
435900,4360046.999994665,3626.762095337082,128
436000,4360280.19990772,407.72881546192275,128
436100,4360490.199876949,472.8600909385037,128
436200,4360602.899920195,261.5273668205766,128
436300,4365431.299898773,250.06612071168658,128
436400,4365532.599855214,409.99385337957455,128
436500,4365631.999913603,399.5820466023987,128
436600,4365758.799947798,2653.798487165288,128
436700,4365862.799808383,986.8888850742177,128
436800,4369653.299916536,3471.230478464193,128
436900,4369753.999868408,398.67756191211555,128
437000,4369855.599943548,2256.9413842115587,128
437100,4369960.299925879,405.4646673563509,128
437200,4370059.999870136,388.73762673456616,128
437300,4375438.399845734,259.32141242503747,128
437400,4375542.699825019,109.25945530605834,128
437500,4375641.899881884,256.23457115557704,128
437600,4375741.09993875,576.2279536625323,128
437700,4375840.299995616,317.8569446614575,128
437800,4379495.099885389,656.2478688230655,128
437900,4379595.199832693,1950.3719921807544,128
438000,4379693.999886513,106.68716102358175,128
438100,4379790.499806404,2360.1468620018936,128
438200,4379888.099851087,2178.915697661544,128
438300,4385190.699947998,375.21093181116777,128
438400,4385295.699816197,2444.4409517160925,128
438500,4385397.000005469,377.0126403251612,128
438600,4385502.699995413,445.8995483377326,128
438700,4385602.0998209715,265.5003270589888,128
438800,4390830.799937248,291.6166871432128,128
438900,4390933.0000169575,698.4534770198918,128
439000,4391031.99983947,2200.968282956649,128
439100,4391129.799885675,1779.9259173403643,128
439200,4391226.999927312,359.91940218637177,128
439300,4394768.599886447,2258.3684137966825,128
439400,4394874.099874869,362.1655760879274,128
439500,4394976.699957624,445.443657763063,128
439600,4395078.499801457,259.32141242503747,128
439700,4395180.0998765975,279.2070352197705,128
439800,4395281.699951738,265.5003270589888,128
439900,4400375.599972904,993.84323691968,128
440000,4400480.69995828,1849.752791895499,128
440100,4400581.199908629,378.3642954317298,128
440200,4400680.999970064,428.60072801597767,128
440300,4400783.299934119,243.9046463945035,128
440400,4406651.200028136,284.07892772108636,128
440500,4406757.999910042,660.4659908322575,128
440600,4406860.899878666,1884.7182571302037,128
440700,4406963.599845767,1614.6431390638197,128
440800,4407067.3999376595,1236.579468918007,128
440900,4410804.699873552,1736.3545752686946,128
441000,4410906.899953261,361.26699974985553,128
441100,4411005.500005558,423.60276693916586,128
441200,4411130.799911916,242.14550649041783,128
441300,4411228.499840945,293.8356327951201,128
441400,4416334.199951962,588.8316229486067,128
441500,4416437.9998110235,323.6553536001576,128
441600,4416538.7998800725,291.173004790281,128
441700,4416643.799981102,434.9679980710254,128
441800,4416746.9998355955,260.6448782849114,128
441900,4420332.700014114,615.7570700332442,128
442000,4420435.699867085,1368.186322627629,128
442100,4420534.499920905,1020.987217689974,128
442200,4420635.699992999,275.666545702082,128
442300,4420748.299919069,605.6726774279372,128
442400,4426113.799912855,1897.8392488983504,128
442500,4426227.699965239,1463.1013523779698,128
442600,4426329.899812117,5644.4107135840295,128
442700,4426428.699865937,1875.9736390742062,128
442800,4426526.800030842,365.3117144343997,128
442900,4431394.299957901,614.0964564149234,128
443000,4431502.099847421,982.629032307739,128
443100,4431606.099940836,273.8971551628346,128
443200,4431712.9999399185,563.5862999662161,128
443300,4431810.699868947,2033.708442308902,128
443400,4436927.299946547,1575.6118419861261,128
443500,4437034.399947152,379.7162708706472,128
443600,4437137.499917299,415.88711628600385,128
443700,4437240.399885923,239.06838196887108,128
443800,4437342.799967155,288.0682249092876,128
443900,4437445.799820125,118.27257576371365,128
444000,4441439.399961382,274.33944940892167,128
444100,4441539.09990564,630.9505178835382,128
444200,4441635.299939662,2042.4920813327522,128
444300,4441732.699982822,1671.099179264973,128
444400,4441829.399904236,359.91940218637177,128
444500,4446937.799919397,417.70163809394927,128
444600,4447042.899904773,386.02972509109605,128
444700,4447145.599871874,1132.0463440771657,128
444800,4447257.2999075055,910.2944548342876,128
444900,4447355.799842626,2882.3280379651233,128
445000,4451137.199997902,396.4169730548637,128
445100,4451240.999856964,4111.035261594356,128
445200,4451343.399938196,414.9800689369303,128
445300,4451445.299899206,377.0126403251612,128
445400,4451547.299977392,410.9001176940177,128
445500,4456802.999833599,427.69168748784494,128
445600,4456907.09981136,267.26701256951293,128
445700,4457010.400015861,115.69579682835382,128
445800,4457114.899996668,1398.3581065773144,128
445900,4457212.599925697,1110.6603669828773,128
446000,4462054.499890655,3842.7933002048576,128
446100,4462154.599837959,410.4469677405546,128
446200,4462252.900004387,449.0917789499494,128
446300,4462351.699825376,432.2383138278368,128
446400,4462449.399987236,356.3273747530092,128
446500,4467812.199844047,416.34069334926545,128
446600,4468031.199881807,244.34452035173297,128
446700,4468246.300006285,434.9679980710254,128
446800,4468462.199904025,255.7937362013012,128
446900,4468685.899861157,438.15424914606456,128
447000,4472186.699975282,248.74521751060314,128
447100,4472642.899956554,306.2781721730397,128
447200,4472798.299975693,287.6248272962212,128
447300,4472946.599824354,226.7773241994524,128
447400,4473051.799926907,433.6029957832567,128
447500,4476552.999811247,356.77625360848833,128
447600,4476654.099998996,2479.9917314685867,128
447700,4476752.399932593,390.5436063465435,128
447800,4476850.299863145,452.7421780557605,128
447900,4476948.299910873,232.0415035079589,128
448000,4482055.399799719,302.7203135235495,128
448100,4482158.39988552,838.1165031901337,128
448200,4482256.299816072,2020.5370484572793,128
448300,4482354.199979454,1954.7532435138862,128
448400,4482455.699937418,380.61776579234146,128
448500,4482552.299974486,420.4244885803636,128
448600,4487805.999815464,233.79736890359013,128
448700,4487910.599913448,294.2795287029512,128
448800,4488011.999987066,238.18952386649227,128
448900,4488113.799830899,301.3867038059635,128
449000,4488216.399913654,753.4017903798491,128
449100,4493632.299825549,2391.179817033772,128
449200,4493736.099917442,1906.589286533216,128
449300,4493853.699881583,367.5600238849473,128
449400,4493962.500011548,429.05530166876883,128
449500,4494059.399934486,241.26615009327418,128
449600,4497626.999858767,290.72935802983227,128
449700,4497731.499839574,656.2478688230655,128
449800,4497833.299916238,1562.6111648688584,128
449900,4497979.2998638,1230.596349150456,128
450000,4498088.299995288,1872.780739584801,128
450100,4502933.19998309,415.4335748152254,128
450200,4503035.399829969,216.26434153518204,128
450300,4503136.100014672,253.59009531717004,128
450400,4503236.399963498,478.0596498168661,128
450500,4503336.499910802,1381.1138354301731,128
450600,4508644.899819046,78.90276928507045,128
450700,4508745.499886572,279.64975657565583,128
450800,4508847.599849105,681.5647302465192,128
450900,4508947.799913585,1893.465043017748,128
451000,4509044.599952176,1004.3638882311222,128
451100,4514078.299980611,2298.1606197475026,128
451200,4514186.39998883,1994.2088936169773,128
451300,4514291.399857029,378.81491831888576,128
451400,4514393.199933693,1243.471833995863,128
451500,4514492.499874905,1020.987217689974,128
451600,4518397.399922833,2999.3757990019267,128
451700,4518547.700019553,404.1066056028062,128
451800,4518664.299976081,451.37301144745743,128
451900,4518795.399926603,243.46480802975728,0
452000,4519006.500020623,300.0534144207263,0
452100,4530720.899812877,872.0630875975739,0
452200,4530931.500019506,269.91810860979524,0
452300,4531134.29993391,948.5697206598356,0
452400,4531340.399989858,931.5530718251681,0
452500,4531553.799984977,2958.8178065569978,0
452600,4531773.000024259,381.9702751185069,0
452700,4532008.7999571115,456.39485508049665,0
452800,4532231.400022283,239.94738244118273,0
452900,4532456.299988553,293.8356327951201,0
453000,4532658.400014043,757.6323774204383,0
453100,4532873.699907213,2369.010710792996,0
453200,4534310.200018808,1737.0999352182391,0
453300,4534526.199800894,728.0296492519375,0
453400,4534742.699936032,2600.2316882347877,0
453500,4534961.799858138,381.51940308396865,0
453600,4535180.300008506,439.52031920832934,0
453700,4538869.599811733,261.0861047565024,0
453800,4539115.199819207,290.28574686186687,0
453900,4539342.299802229,732.2569845452056,0
454000,4539590.699831024,2236.2806012389324,0
454100,4539824.099978432,1761.8608073252651,0
454200,4543240.099912509,1632.0044731145192,0
454300,4543349.0998111665,2320.286369357331,0
454400,4543453.299906105,370.70915200000843,0
454500,4543586.599873379,427.69168748784494,0
454600,4543699.299916625,239.06838196887108,0
454700,4549089.699983597,288.0682249092876,0
454800,4549199.4000039995,263.29277100170555,0
454900,4549307.900015265,454.56823182826304,0
455000,4549417.099915445,258.88032832337916,0
455100,4549524.399917573,95.55535893919462,0
455200,4554343.399824575,1102.10976985037,0
455300,4554451.89983584,821.1562179756979,0
455400,4554558.899952099,2351.2851810423385,0
455500,4554665.099829435,584.6227142234911,0
455600,4554771.299939603,306.7230646704004,0
455700,4560933.799948543,248.30498762854168,0
455800,4561218.299902976,304.498958108429,0
455900,4561495.0999151915,863.5731897483929,0
456000,4561770.69991827,2417.8006291329693,0
456100,4562047.09992744,2227.44926992104,0
456200,4564042.4999874085,369.809223147575,0
456300,4564154.299907386,419.9705911847532,0
456400,4564262.100029737,252.26833789648975,0
456500,4564370.299922302,296.05546825910744,0
456600,4564478.599932045,244.34452035173297,0
456700,4564586.399821565,292.06040508862793,0
456800,4569654.999999329,272.57048597947266,0
456900,4569765.399908647,310.7286988083905,0
457000,4569874.099921435,863.5731897483929,0
457100,4569979.300023988,732.2569845452056,0
457200,4570084.49989371,2302.584685753694,0
457300,4575507.399858907,371.60922322237474,0
457400,4575620.20001933,5619.120128734125,0
457500,4575783.499982208,1179.1431859786426,0
457600,4575924.800010398,3805.9374858608458,0
457700,4576032.500015572,409.5407746110779,0
457800,4579432.799946517,1852.3180070505514,0
457900,4579542.19984822,408.6347238515339,0
458000,4579652.499873191,226.33887394155101,0
458100,4579760.399879888,270.80209202975493,0
458200,4579869.099892676,239.94738244118273,0
458300,4585158.499889076,281.4209979240297,0
458400,4585264.19987902,614.0964564149234,0
458500,4585367.199964821,1523.638399242944,0
458600,4585481.599904597,1217.7257419260302,0
458700,4585586.49988845,2259.0517812196927,0
458800,4590879.800030962,416.7943060050102,0
458900,4591012.599878013,464.6217070272217,0
459000,4591124.000027776,424.9654201230434,0
459100,4591233.199927956,381.0685666419135,0
459200,4591340.799815953,434.9679980710254,0
459300,4594724.699854851,254.03075230902988,0
459400,4594832.899980247,279.2070352197705,0
459500,4594938.399968669,571.9992397954655,0
459600,4595043.399836868,1727.6468103490026,0
459700,4595148.099819198,1234.8876354743716,0
459800,4600255.199940875,1835.6051622243535,0
459900,4600356.200011447,399.1297864610155,0
460000,4600454.89994809,224.58542883477742,0
460100,4600552.29999125,264.6171978586259,0
460200,4600649.100029841,116.12517100303913,0
460300,4606526.899849996,1243.471833995863,0
460400,4606634.299969301,1072.199751560029,0
460500,4606738.099828362,1627.663326665014,0
460600,4606840.299908072,1312.2234641035022,0
460700,4606993.499910459,2365.417854487045,0
460800,4610916.399862617,412.71307343270246,0
460900,4611027.49989368,426.7827893296449,0
461000,4611130.899982527,427.2372206125033,0
461100,4611231.799935922,639.3808003651666,0
461200,4611332.800006494,2324.713145152957,0
461300,4611433.699959889,684.6090233020487,0
461400,4615002.299891785,1645.0311642103552,0
461500,4615100.999828428,1157.7274012005778,0
461600,4615196.999860927,2270.400741795413,0
461700,4615293.399896473,411.8065243783937,0
461800,4615396.199980751,358.5721249552368,0
461900,4620659.099891782,414.9800689369303,0
462000,4620759.699959308,227.21581004983705,0
462100,4620855.999877676,275.2241446785454,0
462200,4620951.999910176,555.1755279685141,0
462300,4621206.499869004,313.84618520588646,0
462400,4625442.399876192,253.14947391779344,0
462500,4625613.699899986,463.70704288674324,0
462600,4625827.299896628,396.4169730548637,0
462700,4626039.899885654,227.21581004983705,0
462800,4626251.899870113,260.6448782849114,0
462900,4631907.699862495,487.4982532529498,0
463000,4632132.799830288,1389.73488708797,0
463100,4632354.9000080675,1132.0463440771657,0
463200,4632522.499887273,1758.133471830944,0
463300,4632658.899994567,1350.9572263013192,0
463400,4636253.000004217,1874.3454356923583,0
463500,4636356.699978933,1406.9834938982062,0
463600,4636457.399930805,1042.316289206144,0
463700,4636557.299876586,2183.325130804791,0
463800,4636722.799856216,379.7162708706472,0
463900,4640597.69990854,1277.8303063973037,0
464000,4640707.499813288,1072.199751560029,0
464100,4640810.20001322,266.8252878031571,0
464200,4640912.699978799,677.3438984478931,0
464300,4641015.899833292,2029.3174357338075,0
464400,4646483.500022441,1566.9441819500607,0
464500,4646587.600000203,369.809223147575,0
464600,4646688.799839467,2016.1476677558449,0
464700,4646789.100021124,368.90943666507434,0
464800,4646889.499854296,3995.3058313973565,0
464900,4650661.799823865,626.7361895795541,0
465000,4650768.999941647,320.9784174170719,0
465100,4650870.899902657,35.0901357258959,0
465200,4650975.099997595,478.81720675979443,0
465300,4651076.399954036,399.1297864610155,0
465400,4651177.099905908,271.68621781964737,0
465500,4656827.499857172,1902.21399673684,0
465600,4656930.3998257965,372.9595969995481,0
465700,4657030.900008976,2564.563845578736,0
465800,4657141.899922863,382.4211827455285,0
465900,4657255.299855024,451.8293647244086,0
466000,4662074.899999425,253.59009531717004,0
466100,4662179.499864578,298.27619353517474,0
466200,4662282.099947333,787.2616615253946,0
466300,4662383.700022474,2377.8767274156467,0
466400,4662484.899861738,2104.0382537830274,0
466500,4666094.499872997,377.46315643486747,0
466600,4666199.299972504,1252.0582003489023,0
466700,4666301.999939606,658.6626203647471,0
466800,4666404.400020838,1584.2816698537392,0
466900,4666512.199910358,1213.436623433662,0
467000,4671686.499845237,7707.216999648537,0
467100,4671792.399836704,1540.9542088311487,0
467200,4671894.899802282,1813.5247378850702,0
467300,4672079.89981398,1636.346161521911,0
467400,4672315.899981186,363.9631558738695,0
467500,4677712.199976668,1187.7132935950763,0
467600,4677812.59980984,961.3378978436481,0
467700,4677910.199854523,3348.1663791496544,0
467800,4678006.700007245,395.964962060863,0
467900,4678102.499805391,460.5068395582896,0
468000,4682517.899898812,260.2036874058035,0
468100,4682738.599833101,475.60878156772134,0
468200,4682841.899804771,419.516729381626,0
468300,4682948.199799284,375.21093181116777,0
468400,4683051.700005308,2364.5785154185014,0
468500,4688479.600008577,386.93221660231995,0
468600,4688662.099884823,434.51296171595277,0
468700,4689047.300023958,271.68621781964737,0
468800,4689274.600008503,441.79781449510136,0
468900,4689508.499810472,246.98451153725668,0
469000,4693515.999941155,321.8705871081677,0
469100,4693738.80000785,918.7962757569794,0
469200,4693970.100022852,292.06040508862793,0
469300,4694075.0000067055,1067.9290596358137,0
469400,4694183.500017971,82.74086960463627,0
469500,4694300.299976021,1230.596349150456,0
469600,4697973.900008947,1102.10976985037,0
469700,4698077.899869531,3284.5109066037885,0
469800,4698180.099949241,394.6091426337599,0
469900,4698282.500030473,454.1116649964126,0
470000,4698385.899886489,262.40999772617477,0
470100,4703487.599967048,235.55380377895258,0
470200,4703589.499928057,931.5530718251681,0
470300,4703690.299997106,842.3579293884599,0
470400,4703790.09982571,2765.646640459827,0
470500,4703892.00001955,376.11171488319803,0
470600,4707540.4999777675,440.88670960294303,0
470700,4707646.399969235,394.6091426337599,0
470800,4707748.599816114,471.48622612241803,0
470900,4707850.799895823,248.30498762854168,0
471000,4707953.599980101,464.6217070272217,0
471100,4713910.199934617,410.9001176940177,0
471200,4714129.299856722,842.3579293884599,0
471300,4714351.0999158025,2431.11835161404,0
471400,4714567.499933764,80.60823572448992,0
471500,4714783.699950203,1394.0462258536988,0
471600,4718924.599932507,1187.7132935950763,0
471700,4719138.799933717,3888.911844344688,0
471800,4719350.999919698,414.52659865111826,0
471900,4719480.799976736,1745.1035233856037,0
472000,4719583.399826661,410.4469677405546,0
472100,4723429.600009695,394.6091426337599,0
472200,4723533.799871802,2373.443448125378,0
472300,4723635.399946943,974.1109526484422,0
472400,4723736.299900338,2792.5405993339928,0
472500,4723847.799934447,400.4866736626146,0
472600,4728090.999880806,443.6204513892166,0
472700,4728306.700009853,243.46480802975728,0
472800,4728520.70000954,314.29168277546154,0
472900,4728737.999917939,247.42463464186847,0
473000,4728951.999917626,95.9830602671695,0
473100,4733996.1000252515,1072.199751560029,0
473200,4734096.199972555,825.3954763424765,0
473300,4734194.000018761,3049.006294024392,0
473400,4734290.799824521,395.964962060863,0
473500,4734386.399853975,463.70704288674324,0
473600,4738028.799882159,237.31080813404628,0
473700,4738134.699873626,473.7761787783101,0
473800,4738232.799805701,1636.346161521911,0
473900,4738329.599844292,360.8177649695444,0
474000,4738430.300028995,421.78639432209394,0
474100,4738528.699846938,365.76130513954286,0
474200,4743839.199887589,442.2534203299054,0
474300,4743944.399990141,264.1756866471692,0
474400,4744045.499945059,279.64975657565583,0
474500,4744146.300014108,660.4659908322575,0
474600,4744247.099850327,2121.6423849670323,0
474700,4749401.999870315,1710.2377840042611,0
474800,4749504.899838939,600.4767622650802,0
474900,4749604.200012982,995.4102164808359,0
475000,4749709.099996835,872.0630875975739,0
475100,4749811.39996089,2471.100784783142,0
475200,4753578.499890864,375.21093181116777,0
475300,4753683.199873194,439.52031920832934,0
475400,4753784.299828112,260.2036874058035,0
475500,4753894.999856129,277.4365057210606,0
475600,4753997.299820185,702.6770186079522,0
475700,4759190.30001387,2148.0648404796448,0
475800,4759295.099880546,1437.7266507898387,0
475900,4759396.89995721,2117.2405392342007,0
476000,4759499.399922788,2320.286369357331,0
476100,4759600.199991837,368.00979255250644,0
476200,4764900.999842212,1295.0225495873085,0
476300,4765005.19993715,1144.884433828381,0
476400,4765106.600010768,3443.8487574918686,0
476500,4765207.599848509,400.03434233626496,0
476600,4765319.2998841405,477.9003358853575,128
476700,4769111.2998873,253.59009531717004,128
476800,4769212.099956349,994.6576361361293,128
476900,4769311.799900606,1714.5892276536163,128
477000,4769411.799963564,398.67756191211555,128
477100,4769509.800011292,2020.5370484572793,128
477200,4774612.099863589,375.6613055509414,128
477300,4774719.7998687625,1234.8876354743716,128
477400,4774822.999956086,948.5697206598356,128
477500,4774935.19987911,257.5572895733037,128
477600,4775033.799931407,639.3808003651666,128
477700,4778737.399959937,1928.4738648833998,128
477800,4778845.899971202,104.54456124813926,128
477900,4778947.999933735,2435.558676356837,128
478000,4779050.699900836,538.3604874677519,128
478100,4779151.699971408,744.9422421723311,128
478200,4779252.39992328,2497.780128334118,128
478300,4793752.499856055,382.8721259650332,128
478400,4793999.4998741895,454.1116649964126,128
478500,4794221.999822184,396.8690196413477,128
478600,4794440.399855375,461.8781417155848,128
478700,4794658.900005743,255.7937362013012,128
478800,4794877.199921757,471.02834236868915,128
478900,4795095.899840817,415.88711628600385,128
479000,4795315.600000322,388.73762673456616,128
479100,4795533.200027421,2152.4704799176843,128
479200,4795703.199924901,378.3642954317298,128
479300,4796553.499996662,444.98780278087656,128
479400,4796653.299825266,260.2036874058035,128
479500,4796751.0998714715,302.2757413585377,128
479600,4796848.400030285,681.5647302465192,128
479700,4796945.599839091,2205.3804258893306,128
479800,4800254.700006917,1745.0645080199338,128
479900,4800356.099847704,361.71627012264986,128
480000,4800455.29990457,426.32839363926973,128
480100,4800558.799877763,235.99300147900118,128
480200,4800660.299835727,286.29484801192166,128
480300,4804530.099965632,240.82652528342717,128
480400,4804641.099879518,288.0682249092876,128
480500,4804749.900009483,262.85136656769856,128
480600,4804858.4999050945,39.59982060254361,128
480700,4804966.599913314,406.37021982113015,128
480800,4810321.099823341,229.84747259429187,128
480900,4810431.399848312,1762.4908770170543,128
481000,4810537.599958479,382.8721259650332,128
481100,4810642.199823633,1333.7368013011987,128
481200,4810746.099799871,1119.213131946932,128
481300,4815643.0998351425,3503.2004786824227,128
481400,4815752.899972722,394.6091426337599,128
481500,4815860.699862242,454.1116649964126,128
481600,4815969.599876553,256.23457115557704,128
481700,4816073.199966922,251.82782327456277,128
481800,4821200.300008059,261.9686644771341,128
481900,4821309.499908239,105.40149438086668,128
482000,4821415.799902752,1338.0410946143986,128
482100,4821519.699878991,1127.768064742534,128
482200,4821623.29996936,276.55145452660486,128
482300,4821726.999944076,261.5273668205766,128
482400,4825553.699862212,1311.772404203733,128
482500,4825667.300028726,403.6539895365911,128
482600,4825775.899924338,446.8114362645214,128
482700,4825883.899815381,254.47144489337288,128
482800,4825991.799822077,106.25856988352686,128
482900,4831434.299936518,1179.1431859786426,128
483000,4831550.49989,1072.199751560029,128
483100,4831661.999924108,2846.3870485341026,128
483200,4831771.599827334,386.48095305046644,128
483300,4831882.89985992,464.6217070272217,128
483400,4835404.000012204,257.5572895733037,128
483500,4835516.799939796,481.5686736027018,128
483600,4835628.599859774,419.516729381626,128
483700,4835735.499858856,222.83255320773497,128
483800,4835842.399857938,260.6448782849114,128
483900,4841256.899992004,482.36712667435216,128
484000,4841375.099960715,1454.4618741520203,128
484100,4841485.199984163,1140.604528620089,128
484200,4841595.3000076115,3704.762842517473,128
484300,4841705.999802798,412.2597811093064,128
484400,4845458.79997313,446.8114362645214,128
484500,4845570.500008762,265.941945047895,128
484600,4845679.099904373,330.8001143654295,128
484700,4845787.100028247,1114.9364784859613,128
484800,4845895.1998036355,799.9680555101069,128
484900,4851002.999814227,2828.4295608078764,128
485000,4851116.999983788,78.05024962025992,128
485100,4851225.999882445,320.08639009590894,128
485200,4851334.200007841,778.7934419916871,128
485300,4851442.3000160605,2095.239439938345,128
485400,4857189.799891785,1532.2952201212725,128
485500,4857347.299810499,387.83485048347666,128
485600,4857481.2998995185,2156.8766613136104,128
485700,4857598.499860615,359.91940218637177,128
485800,4857705.5998612195,438.15424914606456,128
485900,4861780.899809673,236.87150365654801,128
486000,4861894.799862057,272.57048597947266,128
486100,4862001.899862662,605.6726774279372,128
486200,4862106.199841946,1797.369628989864,128
486300,4862213.599961251,1381.1138354301731,128
486400,4867096.900008619,495.80499791350536,128
486500,4867216.099984944,1806.0947365619345,128
486600,4867326.200008392,371.15916981495,128
486700,4867435.599910095,2156.8766613136104,128
486800,4867544.799810275,374.7605936638775,128
486900,4867653.59994024,440.43121054558856,128
487000,4871242.299908772,269.4761702885402,128
487100,4871357.099851593,446.8114362645214,128
487200,4871467.799879611,250.94690080815832,128
487300,4871579.200029373,476.06702124628225,128
487400,4871690.499829128,259.7625321191789,128
487500,4876764.299813658,99.83397388068748,128
487600,4876876.299967989,1127.768064742534,128
487700,4876983.399968594,880.5551532783023,128
487800,4877093.099988997,3003.884952396352,128
487900,4877202.099887654,400.4866736626146,128
488000,4882052.699802443,468.739457487293,128
488100,4882163.199828938,245.66435577832036,128
488200,4882272.299844772,312.9552968441859,128
488300,4882381.499977782,965.5950408206926,128
488400,4882490.6998779625,1954.7532435138862,128
488500,4887621.199944988,656.2478688230655,128
488600,4887734.099989757,952.8252377632197,128
488700,4887843.80001016,2945.3082309839842,128
488800,4887953.1000275165,382.4211827455285,128
488900,4888061.999808997,458.2220478124615,128
489000,4891517.399810255,246.98451153725668,128
489100,4891633.099876344,310.7286988083905,128
489200,4891741.30000174,842.3579293884599,128
489300,4891850.299900398,2271.627604825974,128
489400,4891959.299799055,2236.2806012389324,128
489500,4897003.999911249,370.70915200000843,128
489600,4897116.799838841,440.43121054558856,128
489700,4897227.899869904,249.1854829851478,128
489800,4897338.500013575,287.1814652756382,128
489900,4897449.299925938,555.1755279685141,128
490000,4902585.899922997,1945.9912828055094,128
490100,4902699.199970812,1614.6431390638197,128
490200,4902809.399878606,365.3117144343997,128
490300,4902920.800028369,2007.3705322266374,128
490400,4903026.999905705,369.809223147575,128
490500,4908280.79986386,440.43121054558856,128
490600,4908390.29988274,245.66435577832036,128
490700,4908528.399886563,276.1089823181019,128
490800,4908635.099884123,715.350895119454,128
490900,4908741.499995813,2218.6201064346965,128
491000,4908850.400010124,1632.0044731145192,128
491100,4912205.199943855,376.11171488319803,128
491200,4912311.899941415,417.24795425323816,128
491300,4912416.099803522,239.94738244118273,128
491400,4912519.800011069,270.80209202975493,128
491500,4912623.499985784,579.1305106731326,128
491600,4917741.29983969,273.0126734481101,128
491700,4917850.999860093,559.3806429884215,128
491800,4917962.400009856,1771.2073132629357,128
491900,4918069.999897853,101.97461606955393,128
492000,4918179.699918255,2284.891673476248,128
492100,4924044.399987906,1736.262130149858,128
492200,4924155.700020492,850.8424076587725,128
492300,4924263.299908489,2099.6385758817432,128
492400,4924370.500026271,382.4211827455285,128
492500,4924477.099906653,447.2674336166405,128
492600,4928378.599928692,262.40999772617477,128
492700,4928616.599878296,442.2534203299054,128
492800,4928851.79980658,248.30498762854168,128
492900,4929085.099836811,1851.0918800420284,128
493000,4929200.100013986,401.39144309276327,128
493100,4932924.499968067,313.4007232287946,128
493200,4933043.299941346,268.1505688796742,128
493300,4933150.799944997,109.25945530605834,128
493400,4933258.099947125,1213.436623433662,128
493500,4933365.299832076,914.54509431669,128
493600,4938491.299981251,3067.0700054964395,128
493700,4938607.399817556,384.67625476788425,128
493800,4938711.599912494,462.7925211161977,128
493900,4938815.499888733,260.2036874058035,128
494000,4939059.800002724,329.0130699545147,128
494100,4944292.000029236,1132.0463440771657,128
494200,4944526.799954474,740.7132810054026,128
494300,4944757.899967954,2298.1606197475026,128
494400,4944987.999973819,379.7162708706472,128
494500,4945220.299996436,434.0579609533631,128
494600,4949293.099809438,256.67544170233606,128
494700,4949396.299896762,432.2383138278368,128
494800,4949496.699962765,253.59009531717004,128
494900,4949606.799986213,293.3917724797723,128
495000,4949744.3998698145,935.8064210970047,128
495100,4949869.399890304,2422.2393280021065,128
495200,4953242.999967188,685.7861040030322,128
495300,4953349.299961701,893.2973164835464,128
495400,4953452.499816194,2694.024801383469,128
495500,4953556.099906564,392.35015543825216,128
495600,4953660.199884325,2752.2069774542165,128
495700,4958949.799882248,397.32110182031494,128
495800,4959169.199923053,451.37301144745743,128
495900,4959574.89986904,252.26833789648975,128
496000,4959680.99986203,445.443657763063,128
496100,4959826.599806547,270.80209202975493,128
496200,4963168.8999943435,102.83112209248293,128
496300,4963274.799985811,264.1756866471692,128
496400,4963376.699946821,546.7669238023592,128
496500,4963477.999903262,1584.2816698537392,128
496600,4963577.899849042,1132.0463440771657,128
496700,4968903.09988521,2248.843186481202,128
496800,4969120.899913833,405.4646673563509,128
496900,4969229.299807921,456.39485508049665,128
497000,4969331.600004807,260.2036874058035,128
497100,4969432.199839503,96.83856970056887,128
497200,4974332.70001784,1149.1648809945596,128
497300,4974443.899933249,791.4965842290785,128
497400,4974549.799924716,3152.99105278694,128
497500,4974655.499914661,390.0920580548244,128
497600,4974761.500023305,467.36655366825386,128
497700,4979956.900002435,254.47144489337288,128
497800,4980181.399965659,473.31811706216524,128
497900,4980402.800021693,1623.3227221733955,128
498000,4980625.899974257,371.15916981495,128
498100,4980847.399914637,429.9645557518009,128
498200,4984338.899841532,243.02500525749426,128
498300,4984445.699956268,294.7234602032655,128
498400,4984548.199921846,635.1653881454089,128
498500,4984649.299876764,320.9784174170719,128
498600,4984750.499948859,235.55380377895258,128
498700,4990942.4998331815,1469.8706901512417,128
498800,4991163.200000301,429.5099109140432,128
498900,4991377.400001511,357.22516805645057,128
499000,4991551.299812272,421.332390149034,128
499100,4991653.899895027,405.0119445126862,128
499200,4995112.599804997,2479.9917314685867,128
499300,4995261.200005189,373.40979277690565,128
499400,4995409.099850804,445.8995483377326,128
499500,4995508.800027892,271.24413712845956,128
499600,4995607.899967581,440.88670960294303,128
499700,4995706.599904224,249.1854829851478,128
