/* Generated by tools/authoring/build_object_development.py. */
#include "ps_hw6_object_development.h"

const uint8_t g_ps_object_development_egg[] = {
  0x50, 0x4b, 0x47, 0x31, 0x02, 0x00, 0x40, 0x00, 0x6c, 0xd1, 0x00, 0x00, 0x40, 0x00, 0x00, 0x00,
  0x44, 0xd1, 0x00, 0x00, 0x0c, 0x00, 0x28, 0x00, 0x01, 0x00, 0x04, 0x00, 0x00, 0x00, 0x00, 0x00,
  0x00, 0x00, 0x00, 0x00, 0xcb, 0x28, 0xca, 0x16, 0x7d, 0x52, 0xfb, 0x24, 0x4f, 0xc0, 0xe6, 0xf0,
  0x00, 0x00, 0x00, 0x00, 0x00, 0x00, 0x00, 0x00, 0x00, 0x00, 0x00, 0x00, 0x00, 0x00, 0x00, 0x00,
  0x02, 0x00, 0x01, 0x00, 0x00, 0x00, 0x00, 0x00, 0x11, 0x7d, 0x09, 0xf9, 0xb1, 0x3b, 0xeb, 0x80,
  0x20, 0x02, 0x00, 0x00, 0x5e, 0x02, 0x00, 0x00, 0x0b, 0x72, 0x5d, 0x10, 0x04, 0x00, 0x00, 0x00,
  0x00, 0x00, 0x00, 0x00, 0x00, 0x00, 0x00, 0x00, 0x01, 0x00, 0x01, 0x00, 0x00, 0x00, 0x00, 0x00,
  0xe4, 0xab, 0xac, 0x3b, 0x95, 0xd4, 0xf6, 0xa1, 0x80, 0x04, 0x00, 0x00, 0x1c, 0x00, 0x00, 0x00,
  0x42, 0xd7, 0xde, 0x4b, 0x04, 0x00, 0x00, 0x00, 0x00, 0x00, 0x00, 0x00, 0x00, 0x00, 0x00, 0x00,
  0x03, 0x00, 0x01, 0x00, 0x00, 0x00, 0x00, 0x00, 0x40, 0x73, 0xef, 0xe8, 0xd5, 0x76, 0x8b, 0x91,
  0x9c, 0x04, 0x00, 0x00, 0x20, 0x00, 0x00, 0x00, 0x26, 0xab, 0xcc, 0xe1, 0x04, 0x00, 0x00, 0x00,
  0x00, 0x00, 0x00, 0x00, 0x00, 0x00, 0x00, 0x00, 0x04, 0x00, 0x01, 0x00, 0x00, 0x00, 0x00, 0x00,
  0xf8, 0x1e, 0x62, 0x28, 0x4b, 0x1d, 0xd5, 0xc5, 0xbc, 0x04, 0x00, 0x00, 0x92, 0x01, 0x00, 0x00,
  0x11, 0x41, 0xc0, 0x7d, 0x04, 0x00, 0x00, 0x00, 0x00, 0x00, 0x00, 0x00, 0x00, 0x00, 0x00, 0x00,
  0x0d, 0x00, 0x01, 0x00, 0x00, 0x00, 0x00, 0x00, 0xae, 0x68, 0xc3, 0x4b, 0xd6, 0x41, 0x2e, 0xe2,
  0x50, 0x06, 0x00, 0x00, 0x4c, 0x00, 0x00, 0x00, 0xc2, 0xed, 0x4b, 0x18, 0x04, 0x00, 0x00, 0x00,
  0x00, 0x00, 0x00, 0x00, 0x00, 0x00, 0x00, 0x00, 0x0e, 0x00, 0x01, 0x00, 0x00, 0x00, 0x00, 0x00,
  0xf8, 0x19, 0x5b, 0xc4, 0x8e, 0x48, 0x4f, 0x47, 0x9c, 0x06, 0x00, 0x00, 0x3c, 0x00, 0x00, 0x00,
  0x12, 0x99, 0xc9, 0x1e, 0x04, 0x00, 0x00, 0x00, 0x00, 0x00, 0x00, 0x00, 0x00, 0x00, 0x00, 0x00,
  0x07, 0x00, 0x01, 0x00, 0x00, 0x00, 0x00, 0x00, 0x38, 0xac, 0x2b, 0xb4, 0xbd, 0x72, 0x8a, 0xf8,
  0xd8, 0x06, 0x00, 0x00, 0xa4, 0x00, 0x00, 0x00, 0xed, 0x07, 0x53, 0xfb, 0x04, 0x00, 0x00, 0x00,
  0x00, 0x00, 0x00, 0x00, 0x00, 0x00, 0x00, 0x00, 0x08, 0x00, 0x01, 0x00, 0x00, 0x00, 0x00, 0x00,
  0x6e, 0x2d, 0x30, 0xe1, 0xd5, 0x25, 0x6d, 0xcb, 0x7c, 0x07, 0x00, 0x00, 0x10, 0x02, 0x00, 0x00,
  0x42, 0xaa, 0x3e, 0x4b, 0x04, 0x00, 0x00, 0x00, 0x00, 0x00, 0x00, 0x00, 0x00, 0x00, 0x00, 0x00,
  0x09, 0x00, 0x01, 0x00, 0x00, 0x00, 0x00, 0x00, 0x6a, 0x95, 0x73, 0x49, 0x2a, 0x70, 0x3c, 0x2b,
  0x8c, 0x09, 0x00, 0x00, 0x38, 0x00, 0x00, 0x00, 0x21, 0x33, 0x18, 0x66, 0x04, 0x00, 0x00, 0x00,
  0x00, 0x00, 0x00, 0x00, 0x00, 0x00, 0x00, 0x00, 0x0a, 0x00, 0x01, 0x00, 0x00, 0x00, 0x00, 0x00,
  0x48, 0x83, 0xf5, 0x12, 0x35, 0xd4, 0xe4, 0x65, 0xc4, 0x09, 0x00, 0x00, 0x5c, 0x00, 0x00, 0x00,
  0x19, 0xa5, 0x9d, 0xe3, 0x04, 0x00, 0x00, 0x00, 0x00, 0x00, 0x00, 0x00, 0x00, 0x00, 0x00, 0x00,
  0x0c, 0x00, 0x01, 0x00, 0x00, 0x00, 0x00, 0x00, 0x39, 0x13, 0xc4, 0xa8, 0x14, 0x2f, 0xc3, 0x61,
  0x20, 0x0a, 0x00, 0x00, 0x28, 0x00, 0x00, 0x00, 0x10, 0xee, 0x9c, 0x58, 0x04, 0x00, 0x00, 0x00,
  0x00, 0x00, 0x00, 0x00, 0x00, 0x00, 0x00, 0x00, 0x0b, 0x00, 0x01, 0x00, 0x00, 0x00, 0x00, 0x00,
  0x54, 0xc1, 0x59, 0x38, 0xf8, 0x47, 0x32, 0x32, 0x48, 0x0a, 0x00, 0x00, 0xfc, 0xc6, 0x00, 0x00,
  0x37, 0x01, 0xf2, 0xbd, 0x04, 0x00, 0x00, 0x00, 0x00, 0x00, 0x00, 0x00, 0x00, 0x00, 0x00, 0x00,
  0x53, 0x54, 0x52, 0x31, 0x01, 0x00, 0x24, 0x00, 0xbe, 0x01, 0x00, 0x00, 0x00, 0x00, 0x00, 0x00,
  0x0b, 0x00, 0x00, 0x00, 0x17, 0x00, 0x00, 0x00, 0x2d, 0x00, 0x00, 0x00, 0x3b, 0x00, 0x00, 0x00,
  0x49, 0x00, 0x00, 0x00, 0x5a, 0x00, 0x00, 0x00, 0x74, 0x00, 0x00, 0x00, 0x87, 0x00, 0x00, 0x00,
  0x8b, 0x00, 0x00, 0x00, 0x93, 0x00, 0x00, 0x00, 0x97, 0x00, 0x00, 0x00, 0xa7, 0x00, 0x00, 0x00,
  0xb7, 0x00, 0x00, 0x00, 0xc3, 0x00, 0x00, 0x00, 0xde, 0x00, 0x00, 0x00, 0xf3, 0x00, 0x00, 0x00,
  0xf8, 0x00, 0x00, 0x00, 0xff, 0x00, 0x00, 0x00, 0x06, 0x01, 0x00, 0x00, 0x0d, 0x01, 0x00, 0x00,
  0x14, 0x01, 0x00, 0x00, 0x1e, 0x01, 0x00, 0x00, 0x2d, 0x01, 0x00, 0x00, 0x3b, 0x01, 0x00, 0x00,
  0x47, 0x01, 0x00, 0x00, 0x4c, 0x01, 0x00, 0x00, 0x5e, 0x01, 0x00, 0x00, 0x69, 0x01, 0x00, 0x00,
  0x6e, 0x01, 0x00, 0x00, 0x77, 0x01, 0x00, 0x00, 0x7c, 0x01, 0x00, 0x00, 0x8e, 0x01, 0x00, 0x00,
  0x99, 0x01, 0x00, 0x00, 0x9e, 0x01, 0x00, 0x00, 0xb2, 0x01, 0x00, 0x00, 0xbe, 0x01, 0x00, 0x00,
  0x4d, 0x61, 0x72, 0x6b, 0x65, 0x72, 0x20, 0x4c, 0x65, 0x66, 0x74, 0x4d, 0x61, 0x72, 0x6b, 0x65,
  0x72, 0x20, 0x52, 0x69, 0x67, 0x68, 0x74, 0x53, 0x63, 0x65, 0x6e, 0x65, 0x20, 0x54, 0x69, 0x6d,
  0x65, 0x72, 0x20, 0x43, 0x6f, 0x6e, 0x74, 0x69, 0x6e, 0x75, 0x69, 0x74, 0x79, 0x62, 0x75, 0x74,
  0x74, 0x6f, 0x6e, 0x5f, 0x61, 0x5f, 0x70, 0x72, 0x65, 0x73, 0x73, 0x62, 0x75, 0x74, 0x74, 0x6f,
  0x6e, 0x5f, 0x62, 0x5f, 0x70, 0x72, 0x65, 0x73, 0x73, 0x63, 0x6f, 0x6e, 0x74, 0x69, 0x6e, 0x75,
  0x69, 0x74, 0x79, 0x5f, 0x73, 0x70, 0x72, 0x69, 0x74, 0x65, 0x64, 0x65, 0x76, 0x2e, 0x70, 0x65,
  0x65, 0x70, 0x73, 0x68, 0x6f, 0x77, 0x2e, 0x6e, 0x61, 0x74, 0x69, 0x76, 0x65, 0x5f, 0x76, 0x32,
  0x5f, 0x73, 0x66, 0x78, 0x68, 0x77, 0x36, 0x5f, 0x66, 0x77, 0x30, 0x5f, 0x64, 0x65, 0x76, 0x65,
  0x6c, 0x6f, 0x70, 0x6d, 0x65, 0x6e, 0x74, 0x6c, 0x6f, 0x6e, 0x67, 0x6c, 0x6f, 0x6e, 0x67, 0x2e,
  0x63, 0x75, 0x65, 0x6d, 0x61, 0x69, 0x6e, 0x6d, 0x61, 0x69, 0x6e, 0x5f, 0x69, 0x6e, 0x74, 0x65,
  0x72, 0x61, 0x63, 0x74, 0x69, 0x6f, 0x6e, 0x6d, 0x61, 0x69, 0x6e, 0x5f, 0x77, 0x61, 0x69, 0x74,
  0x5f, 0x70, 0x6f, 0x6c, 0x69, 0x63, 0x79, 0x6d, 0x61, 0x72, 0x6b, 0x65, 0x72, 0x5f, 0x72, 0x69,
  0x67, 0x68, 0x74, 0x6d, 0x61, 0x72, 0x6b, 0x65, 0x72, 0x5f, 0x72, 0x69, 0x67, 0x68, 0x74, 0x5f,
  0x62, 0x75, 0x74, 0x74, 0x6f, 0x6e, 0x5f, 0x62, 0x5f, 0x70, 0x72, 0x65, 0x73, 0x73, 0x6e, 0x61,
  0x74, 0x69, 0x76, 0x65, 0x5f, 0x76, 0x32, 0x5f, 0x73, 0x63, 0x65, 0x6e, 0x65, 0x5f, 0x74, 0x69,
  0x6d, 0x65, 0x72, 0x6f, 0x72, 0x62, 0x69, 0x74, 0x6f, 0x72, 0x62, 0x69, 0x74, 0x2e, 0x30, 0x6f,
  0x72, 0x62, 0x69, 0x74, 0x2e, 0x31, 0x6f, 0x72, 0x62, 0x69, 0x74, 0x2e, 0x32, 0x6f, 0x72, 0x62,
  0x69, 0x74, 0x2e, 0x33, 0x6f, 0x72, 0x62, 0x69, 0x74, 0x2e, 0x6c, 0x6f, 0x6f, 0x70, 0x70, 0x6f,
  0x73, 0x69, 0x74, 0x69, 0x6f, 0x6e, 0x5f, 0x6d, 0x61, 0x72, 0x6b, 0x65, 0x72, 0x72, 0x65, 0x76,
  0x65, 0x61, 0x6c, 0x5f, 0x65, 0x78, 0x70, 0x69, 0x72, 0x65, 0x64, 0x72, 0x65, 0x76, 0x65, 0x61,
  0x6c, 0x5f, 0x74, 0x69, 0x6d, 0x65, 0x72, 0x73, 0x68, 0x65, 0x6c, 0x6c, 0x73, 0x68, 0x65, 0x6c,
  0x6c, 0x5f, 0x6d, 0x61, 0x72, 0x6b, 0x65, 0x72, 0x5f, 0x72, 0x69, 0x67, 0x68, 0x74, 0x73, 0x68,
  0x65, 0x6c, 0x6c, 0x5f, 0x73, 0x74, 0x61, 0x72, 0x74, 0x73, 0x68, 0x6f, 0x72, 0x74, 0x73, 0x68,
  0x6f, 0x72, 0x74, 0x2e, 0x63, 0x75, 0x65, 0x73, 0x6f, 0x75, 0x6e, 0x64, 0x73, 0x6f, 0x75, 0x6e,
  0x64, 0x5f, 0x6d, 0x61, 0x72, 0x6b, 0x65, 0x72, 0x5f, 0x72, 0x69, 0x67, 0x68, 0x74, 0x73, 0x6f,
  0x75, 0x6e, 0x64, 0x5f, 0x73, 0x74, 0x61, 0x72, 0x74, 0x73, 0x74, 0x61, 0x72, 0x74, 0x73, 0x74,
  0x61, 0x72, 0x74, 0x5f, 0x62, 0x75, 0x74, 0x74, 0x6f, 0x6e, 0x5f, 0x61, 0x5f, 0x70, 0x72, 0x65,
  0x73, 0x73, 0x74, 0x69, 0x6d, 0x65, 0x72, 0x5f, 0x6d, 0x61, 0x72, 0x6b, 0x65, 0x72, 0x00, 0x00,
  0x4d, 0x41, 0x4e, 0x31, 0x01, 0x00, 0x1c, 0x00, 0x06, 0x00, 0x0f, 0x00, 0x07, 0x00, 0x00, 0x00,
  0x01, 0x00, 0x00, 0x00, 0x0a, 0x00, 0x01, 0x00, 0x00, 0x00, 0x00, 0x00, 0x53, 0x43, 0x4e, 0x32,
  0x02, 0x00, 0x0c, 0x00, 0x01, 0x00, 0x00, 0x00, 0x0a, 0x00, 0x02, 0x00, 0x01, 0x00, 0x00, 0x00,
  0x03, 0x00, 0x04, 0x00, 0x05, 0x00, 0x02, 0x00, 0x00, 0x00, 0x00, 0x00, 0x53, 0x54, 0x47, 0x31,
  0x07, 0x00, 0x28, 0x00, 0x00, 0x00, 0x00, 0x00, 0x05, 0x00, 0x02, 0x00, 0x07, 0x00, 0x06, 0x00,
  0x00, 0x00, 0x0a, 0x00, 0x0c, 0x00, 0xff, 0xff, 0x01, 0x00, 0x05, 0x00, 0x0b, 0x00, 0x00, 0x00,
  0x02, 0x00, 0x01, 0x01, 0x03, 0x00, 0x01, 0x01, 0x01, 0x00, 0x00, 0x00, 0x00, 0x00, 0x00, 0x00,
  0x04, 0x00, 0x01, 0x01, 0x02, 0x00, 0x00, 0x00, 0x00, 0x00, 0x00, 0x00, 0x1e, 0x00, 0x01, 0x01,
  0x03, 0x00, 0x00, 0x00, 0x00, 0x00, 0x00, 0x00, 0x19, 0x00, 0x01, 0x01, 0x04, 0x00, 0x00, 0x00,
  0x00, 0x00, 0x00, 0x00, 0x18, 0x00, 0x02, 0x02, 0x00, 0x00, 0x00, 0x00, 0xd0, 0x07, 0x00, 0x00,
  0x21, 0x00, 0x00, 0x00, 0xff, 0xff, 0xff, 0xff, 0x0d, 0x00, 0x01, 0x00, 0xff, 0xff, 0xff, 0xff,
  0x22, 0x00, 0x00, 0x00, 0x01, 0x00, 0xff, 0xff, 0x00, 0x00, 0x01, 0x00, 0x00, 0x00, 0x00, 0x00,
  0x00, 0x00, 0x01, 0x00, 0x0e, 0x00, 0x01, 0x00, 0x00, 0x00, 0xff, 0xff, 0x01, 0x00, 0x01, 0x00,
  0x00, 0x00, 0x00, 0x00, 0x01, 0x00, 0x01, 0x00, 0x20, 0x00, 0x02, 0x00, 0x00, 0x00, 0xff, 0xff,
  0x02, 0x00, 0x01, 0x00, 0x00, 0x00, 0x00, 0x00, 0x02, 0x00, 0x02, 0x00, 0x1f, 0x00, 0x02, 0x00,
  0x01, 0x00, 0xff, 0xff, 0x03, 0x00, 0x01, 0x00, 0x00, 0x00, 0x00, 0x00, 0x04, 0x00, 0x02, 0x00,
  0x1b, 0x00, 0x03, 0x00, 0x00, 0x00, 0xff, 0xff, 0x04, 0x00, 0x01, 0x00, 0x00, 0x00, 0x00, 0x00,
  0x06, 0x00, 0x01, 0x00, 0x1a, 0x00, 0x03, 0x00, 0x01, 0x00, 0xff, 0xff, 0x05, 0x00, 0x01, 0x00,
  0x00, 0x00, 0x00, 0x00, 0x07, 0x00, 0x01, 0x00, 0x17, 0x00, 0x04, 0x00, 0xff, 0xff, 0xff, 0xff,
  0x06, 0x00, 0x00, 0x00, 0x00, 0x00, 0x00, 0x00, 0x08, 0x00, 0x02, 0x00, 0x00, 0x00, 0x01, 0x00,
  0x00, 0x00, 0x01, 0x00, 0x00, 0x00, 0x01, 0x00, 0x07, 0x00, 0x01, 0x00, 0x00, 0x00, 0x00, 0x00,
  0x00, 0x00, 0x00, 0x00, 0x07, 0x00, 0x01, 0x00, 0x00, 0x00, 0x00, 0x00, 0x00, 0x00, 0x00, 0x00,
  0x07, 0x00, 0x01, 0x00, 0x00, 0x00, 0x00, 0x00, 0x00, 0x00, 0x00, 0x00, 0x07, 0x00, 0x00, 0x00,
  0x00, 0x00, 0x00, 0x00, 0x00, 0x00, 0x00, 0x00, 0x07, 0x00, 0x01, 0x00, 0x00, 0x00, 0x00, 0x00,
  0x00, 0x00, 0x00, 0x00, 0x07, 0x00, 0x00, 0x00, 0x00, 0x00, 0x00, 0x00, 0x00, 0x00, 0x00, 0x00,
  0x08, 0x00, 0x00, 0x00, 0x00, 0x00, 0x00, 0x00, 0x00, 0x00, 0x00, 0x00, 0x08, 0x00, 0x00, 0x00,
  0x00, 0x00, 0x00, 0x00, 0x00, 0x00, 0x00, 0x00, 0x0c, 0x00, 0x00, 0x00, 0x00, 0x00, 0x00, 0x00,
  0x00, 0x00, 0x00, 0x00, 0x07, 0x00, 0x00, 0x00, 0x00, 0x00, 0x00, 0x00, 0x00, 0x00, 0x00, 0x00,
  0x00, 0x00, 0x01, 0x00, 0x04, 0x00, 0x02, 0x00, 0x03, 0x00, 0x00, 0x00, 0x01, 0x00, 0x00, 0x00,
  0x4f, 0x42, 0x4a, 0x32, 0x01, 0x00, 0x10, 0x00, 0x03, 0x00, 0x14, 0x00, 0x00, 0x00, 0x00, 0x00,
  0x05, 0x00, 0x01, 0x01, 0x00, 0x01, 0x20, 0x00, 0x20, 0x00, 0x50, 0x00, 0x28, 0x00, 0x00, 0x00,
  0x00, 0x00, 0x00, 0x00, 0x16, 0x00, 0x04, 0x01, 0x01, 0x01, 0x10, 0x00, 0x10, 0x00, 0x20, 0x00,
  0x68, 0x00, 0xff, 0xff, 0xff, 0xff, 0x00, 0x00, 0x23, 0x00, 0x04, 0x01, 0x02, 0x00, 0x10, 0x00,
  0x10, 0x00, 0x4c, 0x00, 0x50, 0x00, 0xff, 0xff, 0xff, 0xff, 0x00, 0x00, 0x4f, 0x43, 0x54, 0x32,
  0x01, 0x00, 0x14, 0x00, 0x02, 0x00, 0x01, 0x00, 0x01, 0x00, 0x04, 0x00, 0x10, 0x00, 0x10, 0x00,
  0x00, 0x00, 0x00, 0x00, 0x00, 0x00, 0x01, 0x00, 0x01, 0x00, 0x01, 0x00, 0x78, 0x00, 0x00, 0x00,
  0x00, 0x00, 0x00, 0x00, 0xff, 0xff, 0x00, 0x00, 0x03, 0x00, 0x02, 0x00, 0x00, 0x00, 0x00, 0x00,
  0x00, 0x00, 0x00, 0x00, 0xff, 0xff, 0x01, 0x00, 0x41, 0x53, 0x54, 0x31, 0x01, 0x00, 0x14, 0x00,
  0x04, 0x00, 0x07, 0x00, 0x08, 0x00, 0x00, 0x00, 0x00, 0x00, 0x00, 0x00, 0x10, 0x00, 0x11, 0x00,
  0x20, 0x00, 0x20, 0x00, 0x04, 0x00, 0x00, 0x00, 0x00, 0x00, 0x00, 0x00, 0x10, 0x00, 0x00, 0x00,
  0x80, 0x00, 0x00, 0x00, 0x00, 0x00, 0x00, 0x00, 0x00, 0x00, 0x00, 0x00, 0x01, 0x00, 0x00, 0x00,
  0x10, 0x00, 0x12, 0x00, 0x20, 0x00, 0x20, 0x00, 0x04, 0x00, 0x00, 0x00, 0x00, 0x00, 0x00, 0x00,
  0x90, 0x00, 0x00, 0x00, 0x80, 0x00, 0x00, 0x00, 0x00, 0x00, 0x00, 0x00, 0x00, 0x00, 0x00, 0x00,
  0x01, 0x00, 0x00, 0x00, 0x10, 0x00, 0x13, 0x00, 0x20, 0x00, 0x20, 0x00, 0x04, 0x00, 0x00, 0x00,
  0x00, 0x00, 0x00, 0x00, 0x10, 0x01, 0x00, 0x00, 0x80, 0x00, 0x00, 0x00, 0x00, 0x00, 0x00, 0x00,
  0x00, 0x00, 0x00, 0x00, 0x01, 0x00, 0x00, 0x00, 0x10, 0x00, 0x14, 0x00, 0x20, 0x00, 0x20, 0x00,
  0x04, 0x00, 0x00, 0x00, 0x00, 0x00, 0x00, 0x00, 0x90, 0x01, 0x00, 0x00, 0x80, 0x00, 0x00, 0x00,
  0x00, 0x00, 0x00, 0x00, 0x00, 0x00, 0x00, 0x00, 0x01, 0x00, 0x00, 0x00, 0x53, 0x50, 0x42, 0x31,
  0x01, 0x00, 0x10, 0x00, 0x00, 0x02, 0x00, 0x00, 0x00, 0x00, 0x00, 0x00, 0x00, 0x00, 0x00, 0x00,
  0x00, 0x00, 0x00, 0x00, 0x3f, 0xfc, 0x00, 0x00, 0x3f, 0xfc, 0x00, 0x00, 0x3f, 0xfc, 0x00, 0x00,
  0x3f, 0xfc, 0x00, 0x00, 0x3f, 0xfc, 0x00, 0x00, 0x3f, 0xfc, 0x00, 0x00, 0x3f, 0xfc, 0x00, 0x00,
  0x3f, 0xfc, 0x00, 0x00, 0x3f, 0xfc, 0x00, 0x00, 0x3f, 0xfc, 0x00, 0x00, 0x3f, 0xfc, 0x00, 0x00,
  0x3f, 0xfc, 0x00, 0x00, 0x00, 0x00, 0x00, 0x00, 0x00, 0x00, 0x00, 0x00, 0x00, 0x00, 0x00, 0x00,
  0x00, 0x00, 0x00, 0x00, 0x00, 0x00, 0x00, 0x00, 0x00, 0x00, 0x00, 0x00, 0x00, 0x00, 0x00, 0x00,
  0x00, 0x00, 0x00, 0x00, 0x00, 0x00, 0x00, 0x00, 0x00, 0x00, 0x00, 0x00, 0x00, 0x00, 0x00, 0x00,
  0x00, 0x00, 0x00, 0x00, 0x00, 0x00, 0x00, 0x00, 0x00, 0x00, 0x00, 0x00, 0x00, 0x00, 0x00, 0x00,
  0x00, 0x00, 0x00, 0x00, 0x00, 0x00, 0x00, 0x00, 0x00, 0x00, 0x00, 0x00, 0x00, 0x00, 0x00, 0x00,
  0x00, 0x00, 0x00, 0x00, 0x00, 0x00, 0x3f, 0xfc, 0x00, 0x00, 0x3f, 0xfc, 0x00, 0x00, 0x3f, 0xfc,
  0x00, 0x00, 0x3f, 0xfc, 0x00, 0x00, 0x3f, 0xfc, 0x00, 0x00, 0x3f, 0xfc, 0x00, 0x00, 0x3f, 0xfc,
  0x00, 0x00, 0x3f, 0xfc, 0x00, 0x00, 0x3f, 0xfc, 0x00, 0x00, 0x3f, 0xfc, 0x00, 0x00, 0x3f, 0xfc,
  0x00, 0x00, 0x3f, 0xfc, 0x00, 0x00, 0x00, 0x00, 0x00, 0x00, 0x00, 0x00, 0x00, 0x00, 0x00, 0x00,
  0x00, 0x00, 0x00, 0x00, 0x00, 0x00, 0x00, 0x00, 0x00, 0x00, 0x00, 0x00, 0x00, 0x00, 0x00, 0x00,
  0x00, 0x00, 0x00, 0x00, 0x00, 0x00, 0x00, 0x00, 0x00, 0x00, 0x00, 0x00, 0x00, 0x00, 0x00, 0x00,
  0x00, 0x00, 0x00, 0x00, 0x00, 0x00, 0x00, 0x00, 0x00, 0x00, 0x00, 0x00, 0x00, 0x00, 0x00, 0x00,
  0x00, 0x00, 0x00, 0x00, 0x00, 0x00, 0x00, 0x00, 0x00, 0x00, 0x00, 0x00, 0x00, 0x00, 0x00, 0x00,
  0x00, 0x00, 0x00, 0x00, 0x00, 0x00, 0x00, 0x00, 0x00, 0x00, 0x00, 0x00, 0x00, 0x00, 0x00, 0x00,
  0x00, 0x00, 0x00, 0x00, 0x00, 0x00, 0x00, 0x00, 0x00, 0x00, 0x00, 0x00, 0x00, 0x00, 0x00, 0x00,
  0x00, 0x00, 0x00, 0x00, 0x00, 0x00, 0x00, 0x00, 0x00, 0x00, 0x00, 0x00, 0x00, 0x00, 0x00, 0x00,
  0x00, 0x00, 0x00, 0x00, 0x00, 0x00, 0x00, 0x00, 0x00, 0x00, 0x00, 0x00, 0x00, 0x00, 0x00, 0x00,
  0x00, 0x00, 0x00, 0x00, 0x00, 0x00, 0x3f, 0xfc, 0x00, 0x00, 0x3f, 0xfc, 0x00, 0x00, 0x3f, 0xfc,
  0x00, 0x00, 0x3f, 0xfc, 0x00, 0x00, 0x3f, 0xfc, 0x00, 0x00, 0x3f, 0xfc, 0x00, 0x00, 0x3f, 0xfc,
  0x00, 0x00, 0x3f, 0xfc, 0x00, 0x00, 0x3f, 0xfc, 0x00, 0x00, 0x3f, 0xfc, 0x00, 0x00, 0x3f, 0xfc,
  0x00, 0x00, 0x3f, 0xfc, 0x00, 0x00, 0x00, 0x00, 0x00, 0x00, 0x00, 0x00, 0x00, 0x00, 0x00, 0x00,
  0x00, 0x00, 0x00, 0x00, 0x00, 0x00, 0x00, 0x00, 0x00, 0x00, 0x00, 0x00, 0x00, 0x00, 0x00, 0x00,
  0x00, 0x00, 0x00, 0x00, 0x00, 0x00, 0x00, 0x00, 0x00, 0x00, 0x00, 0x00, 0x00, 0x00, 0x00, 0x00,
  0x00, 0x00, 0x00, 0x00, 0x00, 0x00, 0x00, 0x00, 0x00, 0x00, 0x00, 0x00, 0x00, 0x00, 0x00, 0x00,
  0x00, 0x00, 0x00, 0x00, 0x00, 0x00, 0x00, 0x00, 0x00, 0x00, 0x00, 0x00, 0x00, 0x00, 0x00, 0x00,
  0x00, 0x00, 0x00, 0x00, 0x3f, 0xfc, 0x00, 0x00, 0x3f, 0xfc, 0x00, 0x00, 0x3f, 0xfc, 0x00, 0x00,
  0x3f, 0xfc, 0x00, 0x00, 0x3f, 0xfc, 0x00, 0x00, 0x3f, 0xfc, 0x00, 0x00, 0x3f, 0xfc, 0x00, 0x00,
  0x3f, 0xfc, 0x00, 0x00, 0x3f, 0xfc, 0x00, 0x00, 0x3f, 0xfc, 0x00, 0x00, 0x3f, 0xfc, 0x00, 0x00,
  0x3f, 0xfc, 0x00, 0x00, 0x00, 0x00, 0x00, 0x00, 0x00, 0x00, 0x00, 0x00, 0x41, 0x4e, 0x49, 0x31,
  0x01, 0x00, 0x10, 0x00, 0x01, 0x00, 0x04, 0x00, 0x04, 0x00, 0x00, 0x00, 0x15, 0x00, 0x00, 0x00,
  0x04, 0x00, 0x00, 0x00, 0x01, 0x00, 0x20, 0x00, 0x20, 0x00, 0x00, 0x00, 0x00, 0x00, 0x01, 0x00,
  0x02, 0x00, 0x03, 0x00, 0xfa, 0x00, 0x00, 0x00, 0xfa, 0x00, 0x00, 0x00, 0xfa, 0x00, 0x00, 0x00,
  0xfa, 0x00, 0x00, 0x00, 0x41, 0x55, 0x44, 0x31, 0x01, 0x00, 0x14, 0x00, 0x02, 0x00, 0x0b, 0x00,
  0x80, 0x3e, 0x01, 0x00, 0x00, 0x01, 0x00, 0x00, 0x08, 0x00, 0x00, 0x00, 0x00, 0x77, 0x01, 0x00,
  0x70, 0x17, 0x00, 0x00, 0x00, 0xee, 0x02, 0x00, 0x10, 0x00, 0x00, 0x00, 0x4a, 0xc4, 0x00, 0x00,
  0x77, 0x01, 0x00, 0x00, 0x8c, 0xf6, 0x4e, 0x96, 0x00, 0x00, 0x00, 0x00, 0x1c, 0x00, 0x00, 0x00,
  0x00, 0x05, 0x00, 0x00, 0x50, 0x00, 0x00, 0x00, 0x00, 0x0a, 0x00, 0x00, 0x5c, 0xc4, 0x00, 0x00,
  0x9e, 0x02, 0x00, 0x00, 0x05, 0x00, 0x00, 0x00, 0xbc, 0xf9, 0x8b, 0xb2, 0x00, 0x00, 0x00, 0x00,
  0x41, 0x43, 0x55, 0x31, 0x01, 0x00, 0x10, 0x00, 0x02, 0x00, 0x02, 0x00, 0x00, 0x00, 0x00, 0x00,
  0x09, 0x00, 0x00, 0x00, 0x01, 0x00, 0x60, 0x00, 0x00, 0x00, 0x00, 0x00, 0x1d, 0x00, 0x01, 0x00,
  0x01, 0x00, 0x60, 0x00, 0x00, 0x00, 0x00, 0x00, 0x41, 0x44, 0x42, 0x31, 0x01, 0x00, 0x10, 0x00,
  0xec, 0xc6, 0x00, 0x00, 0x00, 0x00, 0x00, 0x00, 0x00, 0x00, 0x11, 0x00, 0x00, 0x01, 0x9b, 0x99,
  0x11, 0x63, 0x63, 0x43, 0x34, 0x35, 0xa9, 0xba, 0xbc, 0xbd, 0xbc, 0xbc, 0xbd, 0xcb, 0x22, 0x43,
  0x33, 0x44, 0x43, 0x33, 0x35, 0x43, 0xba, 0xcb, 0xbb, 0xcc, 0xbb, 0xbc, 0xbc, 0xbc, 0x33, 0x43,
  0x34, 0x33, 0x35, 0x43, 0x33, 0x25, 0xba, 0xcb, 0xcb, 0xbb, 0xbc, 0xbc, 0xcb, 0xcb, 0x32, 0x24,
  0x24, 0x33, 0x34, 0x34, 0x43, 0x33, 0xcb, 0xcb, 0xbb, 0xbc, 0xbc, 0xcb, 0xbb, 0xbc, 0x33, 0x25,
  0x24, 0x33, 0x34, 0x43, 0x43, 0x33, 0xcb, 0xcb, 0xca, 0xba, 0xac, 0xac, 0xbb, 0xbc, 0x43, 0x33,
  0x43, 0x43, 0x33, 0x43, 0x43, 0x33, 0xac, 0xac, 0xbb, 0xbc, 0xbb, 0xbc, 0xbc, 0xbb, 0x34, 0x43,
  0x43, 0x33, 0x43, 0x43, 0x33, 0x43, 0xbb, 0xbc, 0xbc, 0xbb, 0xbc, 0xbc, 0xbb, 0xbc, 0x43, 0x43,
  0x42, 0x32, 0x43, 0x33, 0x43, 0x43, 0xbb, 0xac, 0xac, 0xbb, 0xbc, 0xbb, 0xbc, 0x0c, 0x40, 0xed,
  0x2e, 0x00, 0x00, 0x01, 0x24, 0x24, 0x33, 0x34, 0x33, 0x34, 0x34, 0x33, 0xbc, 0xcb, 0xcb, 0xbb,
  0xcb, 0xcb, 0xbb, 0xcb, 0x33, 0x34, 0x34, 0x33, 0x34, 0x34, 0x33, 0x34, 0xcb, 0xcb, 0xca, 0xba,
  0xcb, 0xbb, 0xcb, 0xcb, 0x33, 0x24, 0x24, 0x33, 0x34, 0x33, 0x34, 0x34, 0xcb, 0xbb, 0xac, 0xac,
  0xbb, 0xbc, 0xbb, 0xbc, 0x43, 0x43, 0x33, 0x43, 0x43, 0x33, 0x43, 0x43, 0xbb, 0xcb, 0xac, 0xbb,
  0xac, 0xac, 0xbb, 0xbc, 0x24, 0x33, 0x34, 0x33, 0x34, 0x34, 0x33, 0x34, 0xcb, 0xcb, 0xbb, 0xcb,
  0xcb, 0xbb, 0xcb, 0xcb, 0x33, 0x43, 0x43, 0x33, 0x24, 0x24, 0x33, 0x34, 0xac, 0xbb, 0xbc, 0xbb,
  0xbc, 0xbc, 0xbb, 0xbc, 0x43, 0x43, 0x33, 0x43, 0x43, 0x33, 0x43, 0x43, 0xbb, 0xac, 0xac, 0xbb,
  0xbc, 0xbb, 0xbc, 0xbc, 0x24, 0x33, 0x34, 0x33, 0x34, 0x34, 0x33, 0x34, 0xcb, 0xcb, 0xbb, 0xcb,
  0xcb, 0xbb, 0xcb, 0x0b, 0x40, 0xed, 0x2e, 0x00, 0x00, 0x01, 0x24, 0x24, 0x33, 0x34, 0x33, 0x34,
  0x34, 0x33, 0xbc, 0xcb, 0xcb, 0xbb, 0xcb, 0xcb, 0xbb, 0xcb, 0x33, 0x34, 0x34, 0x33, 0x34, 0x34,
  0x33, 0x34, 0xcb, 0xcb, 0xca, 0xba, 0xcb, 0xbb, 0xcb, 0xcb, 0x33, 0x24, 0x24, 0x33, 0x34, 0x33,
  0x34, 0x34, 0xcb, 0xbb, 0xac, 0xac, 0xbb, 0xbc, 0xbb, 0xbc, 0x43, 0x43, 0x33, 0x43, 0x43, 0x33,
  0x43, 0x43, 0xbb, 0xcb, 0xac, 0xbb, 0xac, 0xac, 0xbb, 0xbc, 0x24, 0x33, 0x34, 0x33, 0x34, 0x34,
  0x33, 0x34, 0xcb, 0xcb, 0xbb, 0xcb, 0xcb, 0xbb, 0xcb, 0xcb, 0x33, 0x43, 0x43, 0x33, 0x24, 0x24,
  0x33, 0x34, 0xac, 0xbb, 0xbc, 0xbb, 0xbc, 0xbc, 0xbb, 0xbc, 0x43, 0x43, 0x33, 0x43, 0x43, 0x33,
  0x43, 0x43, 0xbb, 0xac, 0xac, 0xbb, 0xbc, 0xbb, 0xbc, 0xbc, 0x24, 0x33, 0x34, 0x33, 0x34, 0x34,
  0x33, 0x34, 0xcb, 0xcb, 0xbb, 0xcb, 0xcb, 0xbb, 0xcb, 0x0b, 0x40, 0xed, 0x2e, 0x00, 0x00, 0x01,
  0x24, 0x24, 0x33, 0x34, 0x33, 0x34, 0x34, 0x33, 0xbc, 0xcb, 0xcb, 0xbb, 0xcb, 0xcb, 0xbb, 0xcb,
  0x33, 0x34, 0x34, 0x33, 0x34, 0x34, 0x33, 0x34, 0xcb, 0xcb, 0xca, 0xba, 0xcb, 0xbb, 0xcb, 0xcb,
  0x33, 0x24, 0x24, 0x33, 0x34, 0x33, 0x34, 0x34, 0xcb, 0xbb, 0xac, 0xac, 0xbb, 0xbc, 0xbb, 0xbc,
  0x43, 0x43, 0x33, 0x43, 0x43, 0x33, 0x43, 0x43, 0xbb, 0xcb, 0xac, 0xbb, 0xac, 0xac, 0xbb, 0xbc,
  0x24, 0x33, 0x34, 0x33, 0x34, 0x34, 0x33, 0x34, 0xcb, 0xcb, 0xbb, 0xcb, 0xcb, 0xbb, 0xcb, 0xcb,
  0x33, 0x43, 0x43, 0x33, 0x24, 0x24, 0x33, 0x34, 0xac, 0xbb, 0xbc, 0xbb, 0xbc, 0xbc, 0xbb, 0xbc,
  0x43, 0x43, 0x33, 0x43, 0x43, 0x33, 0x43, 0x43, 0xbb, 0xac, 0xac, 0xbb, 0xbc, 0xbb, 0xbc, 0xbc,
  0x24, 0x33, 0x34, 0x33, 0x34, 0x34, 0x33, 0x34, 0xcb, 0xcb, 0xbb, 0xcb, 0xcb, 0xbb, 0xcb, 0x0b,
  0x40, 0xed, 0x2e, 0x00, 0x00, 0x01, 0x24, 0x24, 0x33, 0x34, 0x33, 0x34, 0x34, 0x33, 0xbc, 0xcb,
  0xcb, 0xbb, 0xcb, 0xcb, 0xbb, 0xcb, 0x33, 0x34, 0x34, 0x33, 0x34, 0x34, 0x33, 0x34, 0xcb, 0xcb,
  0xca, 0xba, 0xcb, 0xbb, 0xcb, 0xcb, 0x33, 0x24, 0x24, 0x33, 0x34, 0x33, 0x34, 0x34, 0xcb, 0xbb,
  0xac, 0xac, 0xbb, 0xbc, 0xbb, 0xbc, 0x43, 0x43, 0x33, 0x43, 0x43, 0x33, 0x43, 0x43, 0xbb, 0xcb,
  0xac, 0xbb, 0xac, 0xac, 0xbb, 0xbc, 0x24, 0x33, 0x34, 0x33, 0x34, 0x34, 0x33, 0x34, 0xcb, 0xcb,
  0xbb, 0xcb, 0xcb, 0xbb, 0xcb, 0xcb, 0x33, 0x43, 0x43, 0x33, 0x24, 0x24, 0x33, 0x34, 0xac, 0xbb,
  0xbc, 0xbb, 0xbc, 0xbc, 0xbb, 0xbc, 0x43, 0x43, 0x33, 0x43, 0x43, 0x33, 0x43, 0x43, 0xbb, 0xac,
  0xac, 0xbb, 0xbc, 0xbb, 0xbc, 0xbc, 0x24, 0x33, 0x34, 0x33, 0x34, 0x34, 0x33, 0x34, 0xcb, 0xcb,
  0xbb, 0xcb, 0xcb, 0xbb, 0xcb, 0x0b, 0x40, 0xed, 0x2e, 0x00, 0x00, 0x01, 0x24, 0x24, 0x33, 0x34,
  0x33, 0x34, 0x34, 0x33, 0xbc, 0xcb, 0xcb, 0xbb, 0xcb, 0xcb, 0xbb, 0xcb, 0x33, 0x34, 0x34, 0x33,
  0x34, 0x34, 0x33, 0x34, 0xcb, 0xcb, 0xca, 0xba, 0xcb, 0xbb, 0xcb, 0xcb, 0x33, 0x24, 0x24, 0x33,
  0x34, 0x33, 0x34, 0x34, 0xcb, 0xbb, 0xac, 0xac, 0xbb, 0xbc, 0xbb, 0xbc, 0x43, 0x43, 0x33, 0x43,
  0x43, 0x33, 0x43, 0x43, 0xbb, 0xcb, 0xac, 0xbb, 0xac, 0xac, 0xbb, 0xbc, 0x24, 0x33, 0x34, 0x33,
  0x34, 0x34, 0x33, 0x34, 0xcb, 0xcb, 0xbb, 0xcb, 0xcb, 0xbb, 0xcb, 0xcb, 0x33, 0x43, 0x43, 0x33,
  0x24, 0x24, 0x33, 0x34, 0xac, 0xbb, 0xbc, 0xbb, 0xbc, 0xbc, 0xbb, 0xbc, 0x43, 0x43, 0x33, 0x43,
  0x43, 0x33, 0x43, 0x43, 0xbb, 0xac, 0xac, 0xbb, 0xbc, 0xbb, 0xbc, 0xbc, 0x24, 0x33, 0x34, 0x33,
  0x34, 0x34, 0x33, 0x34, 0xcb, 0xcb, 0xbb, 0xcb, 0xcb, 0xbb, 0xcb, 0x0b, 0x40, 0xed, 0x2e, 0x00,
  0x00, 0x01, 0x24, 0x24, 0x33, 0x34, 0x33, 0x34, 0x34, 0x33, 0xbc, 0xcb, 0xcb, 0xbb, 0xcb, 0xcb,
  0xbb, 0xcb, 0x33, 0x34, 0x34, 0x33, 0x34, 0x34, 0x33, 0x34, 0xcb, 0xcb, 0xca, 0xba, 0xcb, 0xbb,
  0xcb, 0xcb, 0x33, 0x24, 0x24, 0x33, 0x34, 0x33, 0x34, 0x34, 0xcb, 0xbb, 0xac, 0xac, 0xbb, 0xbc,
  0xbb, 0xbc, 0x43, 0x43, 0x33, 0x43, 0x43, 0x33, 0x43, 0x43, 0xbb, 0xcb, 0xac, 0xbb, 0xac, 0xac,
  0xbb, 0xbc, 0x24, 0x33, 0x34, 0x33, 0x34, 0x34, 0x33, 0x34, 0xcb, 0xcb, 0xbb, 0xcb, 0xcb, 0xbb,
  0xcb, 0xcb, 0x33, 0x43, 0x43, 0x33, 0x24, 0x24, 0x33, 0x34, 0xac, 0xbb, 0xbc, 0xbb, 0xbc, 0xbc,
  0xbb, 0xbc, 0x43, 0x43, 0x33, 0x43, 0x43, 0x33, 0x43, 0x43, 0xbb, 0xac, 0xac, 0xbb, 0xbc, 0xbb,
  0xbc, 0xbc, 0x24, 0x33, 0x34, 0x33, 0x34, 0x34, 0x33, 0x34, 0xcb, 0xcb, 0xbb, 0xcb, 0xcb, 0xbb,
  0xcb, 0x0b, 0x40, 0xed, 0x2e, 0x00, 0x00, 0x01, 0x24, 0x24, 0x33, 0x34, 0x33, 0x34, 0x34, 0x33,
  0xbc, 0xcb, 0xcb, 0xbb, 0xcb, 0xcb, 0xbb, 0xcb, 0x33, 0x34, 0x34, 0x33, 0x34, 0x34, 0x33, 0x34,
  0xcb, 0xcb, 0xca, 0xba, 0xcb, 0xbb, 0xcb, 0xcb, 0x33, 0x24, 0x24, 0x33, 0x34, 0x33, 0x34, 0x34,
  0xcb, 0xbb, 0xac, 0xac, 0xbb, 0xbc, 0xbb, 0xbc, 0x43, 0x43, 0x33, 0x43, 0x43, 0x33, 0x43, 0x43,
  0xbb, 0xcb, 0xac, 0xbb, 0xac, 0xac, 0xbb, 0xbc, 0x24, 0x33, 0x34, 0x33, 0x34, 0x34, 0x33, 0x34,
  0xcb, 0xcb, 0xbb, 0xcb, 0xcb, 0xbb, 0xcb, 0xcb, 0x33, 0x43, 0x43, 0x33, 0x24, 0x24, 0x33, 0x34,
  0xac, 0xbb, 0xbc, 0xbb, 0xbc, 0xbc, 0xbb, 0xbc, 0x43, 0x43, 0x33, 0x43, 0x43, 0x33, 0x43, 0x43,
  0xbb, 0xac, 0xac, 0xbb, 0xbc, 0xbb, 0xbc, 0xbc, 0x24, 0x33, 0x34, 0x33, 0x34, 0x34, 0x33, 0x34,
  0xcb, 0xcb, 0xbb, 0xcb, 0xcb, 0xbb, 0xcb, 0x0b, 0x40, 0xed, 0x2e, 0x00, 0x00, 0x01, 0x24, 0x24,
  0x33, 0x34, 0x33, 0x34, 0x34, 0x33, 0xbc, 0xcb, 0xcb, 0xbb, 0xcb, 0xcb, 0xbb, 0xcb, 0x33, 0x34,
  0x34, 0x33, 0x34, 0x34, 0x33, 0x34, 0xcb, 0xcb, 0xca, 0xba, 0xcb, 0xbb, 0xcb, 0xcb, 0x33, 0x24,
  0x24, 0x33, 0x34, 0x33, 0x34, 0x34, 0xcb, 0xbb, 0xac, 0xac, 0xbb, 0xbc, 0xbb, 0xbc, 0x43, 0x43,
  0x33, 0x43, 0x43, 0x33, 0x43, 0x43, 0xbb, 0xcb, 0xac, 0xbb, 0xac, 0xac, 0xbb, 0xbc, 0x24, 0x33,
  0x34, 0x33, 0x34, 0x34, 0x33, 0x34, 0xcb, 0xcb, 0xbb, 0xcb, 0xcb, 0xbb, 0xcb, 0xcb, 0x33, 0x43,
  0x43, 0x33, 0x24, 0x24, 0x33, 0x34, 0xac, 0xbb, 0xbc, 0xbb, 0xbc, 0xbc, 0xbb, 0xbc, 0x43, 0x43,
  0x33, 0x43, 0x43, 0x33, 0x43, 0x43, 0xbb, 0xac, 0xac, 0xbb, 0xbc, 0xbb, 0xbc, 0xbc, 0x24, 0x33,
  0x34, 0x33, 0x34, 0x34, 0x33, 0x34, 0xcb, 0xcb, 0xbb, 0xcb, 0xcb, 0xbb, 0xcb, 0x0b, 0x40, 0xed,
  0x2e, 0x00, 0x00, 0x01, 0x24, 0x24, 0x33, 0x34, 0x33, 0x34, 0x34, 0x33, 0xbc, 0xcb, 0xcb, 0xbb,
  0xcb, 0xcb, 0xbb, 0xcb, 0x33, 0x34, 0x34, 0x33, 0x34, 0x34, 0x33, 0x34, 0xcb, 0xcb, 0xca, 0xba,
  0xcb, 0xbb, 0xcb, 0xcb, 0x33, 0x24, 0x24, 0x33, 0x34, 0x33, 0x34, 0x34, 0xcb, 0xbb, 0xac, 0xac,
  0xbb, 0xbc, 0xbb, 0xbc, 0x43, 0x43, 0x33, 0x43, 0x43, 0x33, 0x43, 0x43, 0xbb, 0xcb, 0xac, 0xbb,
  0xac, 0xac, 0xbb, 0xbc, 0x24, 0x33, 0x34, 0x33, 0x34, 0x34, 0x33, 0x34, 0xcb, 0xcb, 0xbb, 0xcb,
  0xcb, 0xbb, 0xcb, 0xcb, 0x33, 0x43, 0x43, 0x33, 0x24, 0x24, 0x33, 0x34, 0xac, 0xbb, 0xbc, 0xbb,
  0xbc, 0xbc, 0xbb, 0xbc, 0x43, 0x43, 0x33, 0x43, 0x43, 0x33, 0x43, 0x43, 0xbb, 0xac, 0xac, 0xbb,
  0xbc, 0xbb, 0xbc, 0xbc, 0x24, 0x33, 0x34, 0x33, 0x34, 0x34, 0x33, 0x34, 0xcb, 0xcb, 0xbb, 0xcb,
  0xcb, 0xbb, 0xcb, 0x0b, 0x40, 0xed, 0x2e, 0x00, 0x00, 0x01, 0x24, 0x24, 0x33, 0x34, 0x33, 0x34,
  0x34, 0x33, 0xbc, 0xcb, 0xcb, 0xbb, 0xcb, 0xcb, 0xbb, 0xcb, 0x33, 0x34, 0x34, 0x33, 0x34, 0x34,
  0x33, 0x34, 0xcb, 0xcb, 0xca, 0xba, 0xcb, 0xbb, 0xcb, 0xcb, 0x33, 0x24, 0x24, 0x33, 0x34, 0x33,
  0x34, 0x34, 0xcb, 0xbb, 0xac, 0xac, 0xbb, 0xbc, 0xbb, 0xbc, 0x43, 0x43, 0x33, 0x43, 0x43, 0x33,
  0x43, 0x43, 0xbb, 0xcb, 0xac, 0xbb, 0xac, 0xac, 0xbb, 0xbc, 0x24, 0x33, 0x34, 0x33, 0x34, 0x34,
  0x33, 0x34, 0xcb, 0xcb, 0xbb, 0xcb, 0xcb, 0xbb, 0xcb, 0xcb, 0x33, 0x43, 0x43, 0x33, 0x24, 0x24,
  0x33, 0x34, 0xac, 0xbb, 0xbc, 0xbb, 0xbc, 0xbc, 0xbb, 0xbc, 0x43, 0x43, 0x33, 0x43, 0x43, 0x33,
  0x43, 0x43, 0xbb, 0xac, 0xac, 0xbb, 0xbc, 0xbb, 0xbc, 0xbc, 0x24, 0x33, 0x34, 0x33, 0x34, 0x34,
  0x33, 0x34, 0xcb, 0xcb, 0xbb, 0xcb, 0xcb, 0xbb, 0xcb, 0x0b, 0x40, 0xed, 0x2e, 0x00, 0x00, 0x01,
  0x24, 0x24, 0x33, 0x34, 0x33, 0x34, 0x34, 0x33, 0xbc, 0xcb, 0xcb, 0xbb, 0xcb, 0xcb, 0xbb, 0xcb,
  0x33, 0x34, 0x34, 0x33, 0x34, 0x34, 0x33, 0x34, 0xcb, 0xcb, 0xca, 0xba, 0xcb, 0xbb, 0xcb, 0xcb,
  0x33, 0x24, 0x24, 0x33, 0x34, 0x33, 0x34, 0x34, 0xcb, 0xbb, 0xac, 0xac, 0xbb, 0xbc, 0xbb, 0xbc,
  0x43, 0x43, 0x33, 0x43, 0x43, 0x33, 0x43, 0x43, 0xbb, 0xcb, 0xac, 0xbb, 0xac, 0xac, 0xbb, 0xbc,
  0x24, 0x33, 0x34, 0x33, 0x34, 0x34, 0x33, 0x34, 0xcb, 0xcb, 0xbb, 0xcb, 0xcb, 0xbb, 0xcb, 0xcb,
  0x33, 0x43, 0x43, 0x33, 0x24, 0x24, 0x33, 0x34, 0xac, 0xbb, 0xbc, 0xbb, 0xbc, 0xbc, 0xbb, 0xbc,
  0x43, 0x43, 0x33, 0x43, 0x43, 0x33, 0x43, 0x43, 0xbb, 0xac, 0xac, 0xbb, 0xbc, 0xbb, 0xbc, 0xbc,
  0x24, 0x33, 0x34, 0x33, 0x34, 0x34, 0x33, 0x34, 0xcb, 0xcb, 0xbb, 0xcb, 0xcb, 0xbb, 0xcb, 0x0b,
  0x40, 0xed, 0x2e, 0x00, 0x00, 0x01, 0x24, 0x24, 0x33, 0x34, 0x33, 0x34, 0x34, 0x33, 0xbc, 0xcb,
  0xcb, 0xbb, 0xcb, 0xcb, 0xbb, 0xcb, 0x33, 0x34, 0x34, 0x33, 0x34, 0x34, 0x33, 0x34, 0xcb, 0xcb,
  0xca, 0xba, 0xcb, 0xbb, 0xcb, 0xcb, 0x33, 0x24, 0x24, 0x33, 0x34, 0x33, 0x34, 0x34, 0xcb, 0xbb,
  0xac, 0xac, 0xbb, 0xbc, 0xbb, 0xbc, 0x43, 0x43, 0x33, 0x43, 0x43, 0x33, 0x43, 0x43, 0xbb, 0xcb,
  0xac, 0xbb, 0xac, 0xac, 0xbb, 0xbc, 0x24, 0x33, 0x34, 0x33, 0x34, 0x34, 0x33, 0x34, 0xcb, 0xcb,
  0xbb, 0xcb, 0xcb, 0xbb, 0xcb, 0xcb, 0x33, 0x43, 0x43, 0x33, 0x24, 0x24, 0x33, 0x34, 0xac, 0xbb,
  0xbc, 0xbb, 0xbc, 0xbc, 0xbb, 0xbc, 0x43, 0x43, 0x33, 0x43, 0x43, 0x33, 0x43, 0x43, 0xbb, 0xac,
  0xac, 0xbb, 0xbc, 0xbb, 0xbc, 0xbc, 0x24, 0x33, 0x34, 0x33, 0x34, 0x34, 0x33, 0x34, 0xcb, 0xcb,
  0xbb, 0xcb, 0xcb, 0xbb, 0xcb, 0x0b, 0x40, 0xed, 0x2e, 0x00, 0x00, 0x01, 0x24, 0x24, 0x33, 0x34,
  0x33, 0x34, 0x34, 0x33, 0xbc, 0xcb, 0xcb, 0xbb, 0xcb, 0xcb, 0xbb, 0xcb, 0x33, 0x34, 0x34, 0x33,
  0x34, 0x34, 0x33, 0x34, 0xcb, 0xcb, 0xca, 0xba, 0xcb, 0xbb, 0xcb, 0xcb, 0x33, 0x24, 0x24, 0x33,
  0x34, 0x33, 0x34, 0x34, 0xcb, 0xbb, 0xac, 0xac, 0xbb, 0xbc, 0xbb, 0xbc, 0x43, 0x43, 0x33, 0x43,
  0x43, 0x33, 0x43, 0x43, 0xbb, 0xcb, 0xac, 0xbb, 0xac, 0xac, 0xbb, 0xbc, 0x24, 0x33, 0x34, 0x33,
  0x34, 0x34, 0x33, 0x34, 0xcb, 0xcb, 0xbb, 0xcb, 0xcb, 0xbb, 0xcb, 0xcb, 0x33, 0x43, 0x43, 0x33,
  0x24, 0x24, 0x33, 0x34, 0xac, 0xbb, 0xbc, 0xbb, 0xbc, 0xbc, 0xbb, 0xbc, 0x43, 0x43, 0x33, 0x43,
  0x43, 0x33, 0x43, 0x43, 0xbb, 0xac, 0xac, 0xbb, 0xbc, 0xbb, 0xbc, 0xbc, 0x24, 0x33, 0x34, 0x33,
  0x34, 0x34, 0x33, 0x34, 0xcb, 0xcb, 0xbb, 0xcb, 0xcb, 0xbb, 0xcb, 0x0b, 0x40, 0xed, 0x2e, 0x00,
  0x00, 0x01, 0x24, 0x24, 0x33, 0x34, 0x33, 0x34, 0x34, 0x33, 0xbc, 0xcb, 0xcb, 0xbb, 0xcb, 0xcb,
  0xbb, 0xcb, 0x33, 0x34, 0x34, 0x33, 0x34, 0x34, 0x33, 0x34, 0xcb, 0xcb, 0xca, 0xba, 0xcb, 0xbb,
  0xcb, 0xcb, 0x33, 0x24, 0x24, 0x33, 0x34, 0x33, 0x34, 0x34, 0xcb, 0xbb, 0xac, 0xac, 0xbb, 0xbc,
  0xbb, 0xbc, 0x43, 0x43, 0x33, 0x43, 0x43, 0x33, 0x43, 0x43, 0xbb, 0xcb, 0xac, 0xbb, 0xac, 0xac,
  0xbb, 0xbc, 0x24, 0x33, 0x34, 0x33, 0x34, 0x34, 0x33, 0x34, 0xcb, 0xcb, 0xbb, 0xcb, 0xcb, 0xbb,
  0xcb, 0xcb, 0x33, 0x43, 0x43, 0x33, 0x24, 0x24, 0x33, 0x34, 0xac, 0xbb, 0xbc, 0xbb, 0xbc, 0xbc,
  0xbb, 0xbc, 0x43, 0x43, 0x33, 0x43, 0x43, 0x33, 0x43, 0x43, 0xbb, 0xac, 0xac, 0xbb, 0xbc, 0xbb,
  0xbc, 0xbc, 0x24, 0x33, 0x34, 0x33, 0x34, 0x34, 0x33, 0x34, 0xcb, 0xcb, 0xbb, 0xcb, 0xcb, 0xbb,
  0xcb, 0x0b, 0x40, 0xed, 0x2e, 0x00, 0x00, 0x01, 0x24, 0x24, 0x33, 0x34, 0x33, 0x34, 0x34, 0x33,
  0xbc, 0xcb, 0xcb, 0xbb, 0xcb, 0xcb, 0xbb, 0xcb, 0x33, 0x34, 0x34, 0x33, 0x34, 0x34, 0x33, 0x34,
  0xcb, 0xcb, 0xca, 0xba, 0xcb, 0xbb, 0xcb, 0xcb, 0x33, 0x24, 0x24, 0x33, 0x34, 0x33, 0x34, 0x34,
  0xcb, 0xbb, 0xac, 0xac, 0xbb, 0xbc, 0xbb, 0xbc, 0x43, 0x43, 0x33, 0x43, 0x43, 0x33, 0x43, 0x43,
  0xbb, 0xcb, 0xac, 0xbb, 0xac, 0xac, 0xbb, 0xbc, 0x24, 0x33, 0x34, 0x33, 0x34, 0x34, 0x33, 0x34,
  0xcb, 0xcb, 0xbb, 0xcb, 0xcb, 0xbb, 0xcb, 0xcb, 0x33, 0x43, 0x43, 0x33, 0x24, 0x24, 0x33, 0x34,
  0xac, 0xbb, 0xbc, 0xbb, 0xbc, 0xbc, 0xbb, 0xbc, 0x43, 0x43, 0x33, 0x43, 0x43, 0x33, 0x43, 0x43,
  0xbb, 0xac, 0xac, 0xbb, 0xbc, 0xbb, 0xbc, 0xbc, 0x24, 0x33, 0x34, 0x33, 0x34, 0x34, 0x33, 0x34,
  0xcb, 0xcb, 0xbb, 0xcb, 0xcb, 0xbb, 0xcb, 0x0b, 0x40, 0xed, 0x2e, 0x00, 0x00, 0x01, 0x24, 0x24,
  0x33, 0x34, 0x33, 0x34, 0x34, 0x33, 0xbc, 0xcb, 0xcb, 0xbb, 0xcb, 0xcb, 0xbb, 0xcb, 0x33, 0x34,
  0x34, 0x33, 0x34, 0x34, 0x33, 0x34, 0xcb, 0xcb, 0xca, 0xba, 0xcb, 0xbb, 0xcb, 0xcb, 0x33, 0x24,
  0x24, 0x33, 0x34, 0x33, 0x34, 0x34, 0xcb, 0xbb, 0xac, 0xac, 0xbb, 0xbc, 0xbb, 0xbc, 0x43, 0x43,
  0x33, 0x43, 0x43, 0x33, 0x43, 0x43, 0xbb, 0xcb, 0xac, 0xbb, 0xac, 0xac, 0xbb, 0xbc, 0x24, 0x33,
  0x34, 0x33, 0x34, 0x34, 0x33, 0x34, 0xcb, 0xcb, 0xbb, 0xcb, 0xcb, 0xbb, 0xcb, 0xcb, 0x33, 0x43,
  0x43, 0x33, 0x24, 0x24, 0x33, 0x34, 0xac, 0xbb, 0xbc, 0xbb, 0xbc, 0xbc, 0xbb, 0xbc, 0x43, 0x43,
  0x33, 0x43, 0x43, 0x33, 0x43, 0x43, 0xbb, 0xac, 0xac, 0xbb, 0xbc, 0xbb, 0xbc, 0xbc, 0x24, 0x33,
  0x34, 0x33, 0x34, 0x34, 0x33, 0x34, 0xcb, 0xcb, 0xbb, 0xcb, 0xcb, 0xbb, 0xcb, 0x0b, 0x40, 0xed,
  0x2e, 0x00, 0x00, 0x01, 0x24, 0x24, 0x33, 0x34, 0x33, 0x34, 0x34, 0x33, 0xbc, 0xcb, 0xcb, 0xbb,
  0xcb, 0xcb, 0xbb, 0xcb, 0x33, 0x34, 0x34, 0x33, 0x34, 0x34, 0x33, 0x34, 0xcb, 0xcb, 0xca, 0xba,
  0xcb, 0xbb, 0xcb, 0xcb, 0x33, 0x24, 0x24, 0x33, 0x34, 0x33, 0x34, 0x34, 0xcb, 0xbb, 0xac, 0xac,
  0xbb, 0xbc, 0xbb, 0xbc, 0x43, 0x43, 0x33, 0x43, 0x43, 0x33, 0x43, 0x43, 0xbb, 0xcb, 0xac, 0xbb,
  0xac, 0xac, 0xbb, 0xbc, 0x24, 0x33, 0x34, 0x33, 0x34, 0x34, 0x33, 0x34, 0xcb, 0xcb, 0xbb, 0xcb,
  0xcb, 0xbb, 0xcb, 0xcb, 0x33, 0x43, 0x43, 0x33, 0x24, 0x24, 0x33, 0x34, 0xac, 0xbb, 0xbc, 0xbb,
  0xbc, 0xbc, 0xbb, 0xbc, 0x43, 0x43, 0x33, 0x43, 0x43, 0x33, 0x43, 0x43, 0xbb, 0xac, 0xac, 0xbb,
  0xbc, 0xbb, 0xbc, 0xbc, 0x24, 0x33, 0x34, 0x33, 0x34, 0x34, 0x33, 0x34, 0xcb, 0xcb, 0xbb, 0xcb,
  0xcb, 0xbb, 0xcb, 0x0b, 0x40, 0xed, 0x2e, 0x00, 0x00, 0x01, 0x24, 0x24, 0x33, 0x34, 0x33, 0x34,
  0x34, 0x33, 0xbc, 0xcb, 0xcb, 0xbb, 0xcb, 0xcb, 0xbb, 0xcb, 0x33, 0x34, 0x34, 0x33, 0x34, 0x34,
  0x33, 0x34, 0xcb, 0xcb, 0xca, 0xba, 0xcb, 0xbb, 0xcb, 0xcb, 0x33, 0x24, 0x24, 0x33, 0x34, 0x33,
  0x34, 0x34, 0xcb, 0xbb, 0xac, 0xac, 0xbb, 0xbc, 0xbb, 0xbc, 0x43, 0x43, 0x33, 0x43, 0x43, 0x33,
  0x43, 0x43, 0xbb, 0xcb, 0xac, 0xbb, 0xac, 0xac, 0xbb, 0xbc, 0x24, 0x33, 0x34, 0x33, 0x34, 0x34,
  0x33, 0x34, 0xcb, 0xcb, 0xbb, 0xcb, 0xcb, 0xbb, 0xcb, 0xcb, 0x33, 0x43, 0x43, 0x33, 0x24, 0x24,
  0x33, 0x34, 0xac, 0xbb, 0xbc, 0xbb, 0xbc, 0xbc, 0xbb, 0xbc, 0x43, 0x43, 0x33, 0x43, 0x43, 0x33,
  0x43, 0x43, 0xbb, 0xac, 0xac, 0xbb, 0xbc, 0xbb, 0xbc, 0xbc, 0x24, 0x33, 0x34, 0x33, 0x34, 0x34,
  0x33, 0x34, 0xcb, 0xcb, 0xbb, 0xcb, 0xcb, 0xbb, 0xcb, 0x0b, 0x40, 0xed, 0x2e, 0x00, 0x00, 0x01,
  0x24, 0x24, 0x33, 0x34, 0x33, 0x34, 0x34, 0x33, 0xbc, 0xcb, 0xcb, 0xbb, 0xcb, 0xcb, 0xbb, 0xcb,
  0x33, 0x34, 0x34, 0x33, 0x34, 0x34, 0x33, 0x34, 0xcb, 0xcb, 0xca, 0xba, 0xcb, 0xbb, 0xcb, 0xcb,
  0x33, 0x24, 0x24, 0x33, 0x34, 0x33, 0x34, 0x34, 0xcb, 0xbb, 0xac, 0xac, 0xbb, 0xbc, 0xbb, 0xbc,
  0x43, 0x43, 0x33, 0x43, 0x43, 0x33, 0x43, 0x43, 0xbb, 0xcb, 0xac, 0xbb, 0xac, 0xac, 0xbb, 0xbc,
  0x24, 0x33, 0x34, 0x33, 0x34, 0x34, 0x33, 0x34, 0xcb, 0xcb, 0xbb, 0xcb, 0xcb, 0xbb, 0xcb, 0xcb,
  0x33, 0x43, 0x43, 0x33, 0x24, 0x24, 0x33, 0x34, 0xac, 0xbb, 0xbc, 0xbb, 0xbc, 0xbc, 0xbb, 0xbc,
  0x43, 0x43, 0x33, 0x43, 0x43, 0x33, 0x43, 0x43, 0xbb, 0xac, 0xac, 0xbb, 0xbc, 0xbb, 0xbc, 0xbc,
  0x24, 0x33, 0x34, 0x33, 0x34, 0x34, 0x33, 0x34, 0xcb, 0xcb, 0xbb, 0xcb, 0xcb, 0xbb, 0xcb, 0x0b,
  0x40, 0xed, 0x2e, 0x00, 0x00, 0x01, 0x24, 0x24, 0x33, 0x34, 0x33, 0x34, 0x34, 0x33, 0xbc, 0xcb,
  0xcb, 0xbb, 0xcb, 0xcb, 0xbb, 0xcb, 0x33, 0x34, 0x34, 0x33, 0x34, 0x34, 0x33, 0x34, 0xcb, 0xcb,
  0xca, 0xba, 0xcb, 0xbb, 0xcb, 0xcb, 0x33, 0x24, 0x24, 0x33, 0x34, 0x33, 0x34, 0x34, 0xcb, 0xbb,
  0xac, 0xac, 0xbb, 0xbc, 0xbb, 0xbc, 0x43, 0x43, 0x33, 0x43, 0x43, 0x33, 0x43, 0x43, 0xbb, 0xcb,
  0xac, 0xbb, 0xac, 0xac, 0xbb, 0xbc, 0x24, 0x33, 0x34, 0x33, 0x34, 0x34, 0x33, 0x34, 0xcb, 0xcb,
  0xbb, 0xcb, 0xcb, 0xbb, 0xcb, 0xcb, 0x33, 0x43, 0x43, 0x33, 0x24, 0x24, 0x33, 0x34, 0xac, 0xbb,
  0xbc, 0xbb, 0xbc, 0xbc, 0xbb, 0xbc, 0x43, 0x43, 0x33, 0x43, 0x43, 0x33, 0x43, 0x43, 0xbb, 0xac,
  0xac, 0xbb, 0xbc, 0xbb, 0xbc, 0xbc, 0x24, 0x33, 0x34, 0x33, 0x34, 0x34, 0x33, 0x34, 0xcb, 0xcb,
  0xbb, 0xcb, 0xcb, 0xbb, 0xcb, 0x0b, 0x40, 0xed, 0x2e, 0x00, 0x00, 0x01, 0x24, 0x24, 0x33, 0x34,
  0x33, 0x34, 0x34, 0x33, 0xbc, 0xcb, 0xcb, 0xbb, 0xcb, 0xcb, 0xbb, 0xcb, 0x33, 0x34, 0x34, 0x33,
  0x34, 0x34, 0x33, 0x34, 0xcb, 0xcb, 0xca, 0xba, 0xcb, 0xbb, 0xcb, 0xcb, 0x33, 0x24, 0x24, 0x33,
  0x34, 0x33, 0x34, 0x34, 0xcb, 0xbb, 0xac, 0xac, 0xbb, 0xbc, 0xbb, 0xbc, 0x43, 0x43, 0x33, 0x43,
  0x43, 0x33, 0x43, 0x43, 0xbb, 0xcb, 0xac, 0xbb, 0xac, 0xac, 0xbb, 0xbc, 0x24, 0x33, 0x34, 0x33,
  0x34, 0x34, 0x33, 0x34, 0xcb, 0xcb, 0xbb, 0xcb, 0xcb, 0xbb, 0xcb, 0xcb, 0x33, 0x43, 0x43, 0x33,
  0x24, 0x24, 0x33, 0x34, 0xac, 0xbb, 0xbc, 0xbb, 0xbc, 0xbc, 0xbb, 0xbc, 0x43, 0x43, 0x33, 0x43,
  0x43, 0x33, 0x43, 0x43, 0xbb, 0xac, 0xac, 0xbb, 0xbc, 0xbb, 0xbc, 0xbc, 0x24, 0x33, 0x34, 0x33,
  0x34, 0x34, 0x33, 0x34, 0xcb, 0xcb, 0xbb, 0xcb, 0xcb, 0xbb, 0xcb, 0x0b, 0x40, 0xed, 0x2e, 0x00,
  0x00, 0x01, 0x24, 0x24, 0x33, 0x34, 0x33, 0x34, 0x34, 0x33, 0xbc, 0xcb, 0xcb, 0xbb, 0xcb, 0xcb,
  0xbb, 0xcb, 0x33, 0x34, 0x34, 0x33, 0x34, 0x34, 0x33, 0x34, 0xcb, 0xcb, 0xca, 0xba, 0xcb, 0xbb,
  0xcb, 0xcb, 0x33, 0x24, 0x24, 0x33, 0x34, 0x33, 0x34, 0x34, 0xcb, 0xbb, 0xac, 0xac, 0xbb, 0xbc,
  0xbb, 0xbc, 0x43, 0x43, 0x33, 0x43, 0x43, 0x33, 0x43, 0x43, 0xbb, 0xcb, 0xac, 0xbb, 0xac, 0xac,
  0xbb, 0xbc, 0x24, 0x33, 0x34, 0x33, 0x34, 0x34, 0x33, 0x34, 0xcb, 0xcb, 0xbb, 0xcb, 0xcb, 0xbb,
  0xcb, 0xcb, 0x33, 0x43, 0x43, 0x33, 0x24, 0x24, 0x33, 0x34, 0xac, 0xbb, 0xbc, 0xbb, 0xbc, 0xbc,
  0xbb, 0xbc, 0x43, 0x43, 0x33, 0x43, 0x43, 0x33, 0x43, 0x43, 0xbb, 0xac, 0xac, 0xbb, 0xbc, 0xbb,
  0xbc, 0xbc, 0x24, 0x33, 0x34, 0x33, 0x34, 0x34, 0x33, 0x34, 0xcb, 0xcb, 0xbb, 0xcb, 0xcb, 0xbb,
  0xcb, 0x0b, 0x40, 0xed, 0x2e, 0x00, 0x00, 0x01, 0x24, 0x24, 0x33, 0x34, 0x33, 0x34, 0x34, 0x33,
  0xbc, 0xcb, 0xcb, 0xbb, 0xcb, 0xcb, 0xbb, 0xcb, 0x33, 0x34, 0x34, 0x33, 0x34, 0x34, 0x33, 0x34,
  0xcb, 0xcb, 0xca, 0xba, 0xcb, 0xbb, 0xcb, 0xcb, 0x33, 0x24, 0x24, 0x33, 0x34, 0x33, 0x34, 0x34,
  0xcb, 0xbb, 0xac, 0xac, 0xbb, 0xbc, 0xbb, 0xbc, 0x43, 0x43, 0x33, 0x43, 0x43, 0x33, 0x43, 0x43,
  0xbb, 0xcb, 0xac, 0xbb, 0xac, 0xac, 0xbb, 0xbc, 0x24, 0x33, 0x34, 0x33, 0x34, 0x34, 0x33, 0x34,
  0xcb, 0xcb, 0xbb, 0xcb, 0xcb, 0xbb, 0xcb, 0xcb, 0x33, 0x43, 0x43, 0x33, 0x24, 0x24, 0x33, 0x34,
  0xac, 0xbb, 0xbc, 0xbb, 0xbc, 0xbc, 0xbb, 0xbc, 0x43, 0x43, 0x33, 0x43, 0x43, 0x33, 0x43, 0x43,
  0xbb, 0xac, 0xac, 0xbb, 0xbc, 0xbb, 0xbc, 0xbc, 0x24, 0x33, 0x34, 0x33, 0x34, 0x34, 0x33, 0x34,
  0xcb, 0xcb, 0xbb, 0xcb, 0xcb, 0xbb, 0xcb, 0x0b, 0x40, 0xed, 0x2e, 0x00, 0x00, 0x01, 0x24, 0x24,
  0x33, 0x34, 0x33, 0x34, 0x34, 0x33, 0xbc, 0xcb, 0xcb, 0xbb, 0xcb, 0xcb, 0xbb, 0xcb, 0x33, 0x34,
  0x34, 0x33, 0x34, 0x34, 0x33, 0x34, 0xcb, 0xcb, 0xca, 0xba, 0xcb, 0xbb, 0xcb, 0xcb, 0x33, 0x24,
  0x24, 0x33, 0x34, 0x33, 0x34, 0x34, 0xcb, 0xbb, 0xac, 0xac, 0xbb, 0xbc, 0xbb, 0xbc, 0x43, 0x43,
  0x33, 0x43, 0x43, 0x33, 0x43, 0x43, 0xbb, 0xcb, 0xac, 0xbb, 0xac, 0xac, 0xbb, 0xbc, 0x24, 0x33,
  0x34, 0x33, 0x34, 0x34, 0x33, 0x34, 0xcb, 0xcb, 0xbb, 0xcb, 0xcb, 0xbb, 0xcb, 0xcb, 0x33, 0x43,
  0x43, 0x33, 0x24, 0x24, 0x33, 0x34, 0xac, 0xbb, 0xbc, 0xbb, 0xbc, 0xbc, 0xbb, 0xbc, 0x43, 0x43,
  0x33, 0x43, 0x43, 0x33, 0x43, 0x43, 0xbb, 0xac, 0xac, 0xbb, 0xbc, 0xbb, 0xbc, 0xbc, 0x24, 0x33,
  0x34, 0x33, 0x34, 0x34, 0x33, 0x34, 0xcb, 0xcb, 0xbb, 0xcb, 0xcb, 0xbb, 0xcb, 0x0b, 0x40, 0xed,
  0x2e, 0x00, 0x00, 0x01, 0x24, 0x24, 0x33, 0x34, 0x33, 0x34, 0x34, 0x33, 0xbc, 0xcb, 0xcb, 0xbb,
  0xcb, 0xcb, 0xbb, 0xcb, 0x33, 0x34, 0x34, 0x33, 0x34, 0x34, 0x33, 0x34, 0xcb, 0xcb, 0xca, 0xba,
  0xcb, 0xbb, 0xcb, 0xcb, 0x33, 0x24, 0x24, 0x33, 0x34, 0x33, 0x34, 0x34, 0xcb, 0xbb, 0xac, 0xac,
  0xbb, 0xbc, 0xbb, 0xbc, 0x43, 0x43, 0x33, 0x43, 0x43, 0x33, 0x43, 0x43, 0xbb, 0xcb, 0xac, 0xbb,
  0xac, 0xac, 0xbb, 0xbc, 0x24, 0x33, 0x34, 0x33, 0x34, 0x34, 0x33, 0x34, 0xcb, 0xcb, 0xbb, 0xcb,
  0xcb, 0xbb, 0xcb, 0xcb, 0x33, 0x43, 0x43, 0x33, 0x24, 0x24, 0x33, 0x34, 0xac, 0xbb, 0xbc, 0xbb,
  0xbc, 0xbc, 0xbb, 0xbc, 0x43, 0x43, 0x33, 0x43, 0x43, 0x33, 0x43, 0x43, 0xbb, 0xac, 0xac, 0xbb,
  0xbc, 0xbb, 0xbc, 0xbc, 0x24, 0x33, 0x34, 0x33, 0x34, 0x34, 0x33, 0x34, 0xcb, 0xcb, 0xbb, 0xcb,
  0xcb, 0xbb, 0xcb, 0x0b, 0x40, 0xed, 0x2e, 0x00, 0x00, 0x01, 0x24, 0x24, 0x33, 0x34, 0x33, 0x34,
  0x34, 0x33, 0xbc, 0xcb, 0xcb, 0xbb, 0xcb, 0xcb, 0xbb, 0xcb, 0x33, 0x34, 0x34, 0x33, 0x34, 0x34,
  0x33, 0x34, 0xcb, 0xcb, 0xca, 0xba, 0xcb, 0xbb, 0xcb, 0xcb, 0x33, 0x24, 0x24, 0x33, 0x34, 0x33,
  0x34, 0x34, 0xcb, 0xbb, 0xac, 0xac, 0xbb, 0xbc, 0xbb, 0xbc, 0x43, 0x43, 0x33, 0x43, 0x43, 0x33,
  0x43, 0x43, 0xbb, 0xcb, 0xac, 0xbb, 0xac, 0xac, 0xbb, 0xbc, 0x24, 0x33, 0x34, 0x33, 0x34, 0x34,
  0x33, 0x34, 0xcb, 0xcb, 0xbb, 0xcb, 0xcb, 0xbb, 0xcb, 0xcb, 0x33, 0x43, 0x43, 0x33, 0x24, 0x24,
  0x33, 0x34, 0xac, 0xbb, 0xbc, 0xbb, 0xbc, 0xbc, 0xbb, 0xbc, 0x43, 0x43, 0x33, 0x43, 0x43, 0x33,
  0x43, 0x43, 0xbb, 0xac, 0xac, 0xbb, 0xbc, 0xbb, 0xbc, 0xbc, 0x24, 0x33, 0x34, 0x33, 0x34, 0x34,
  0x33, 0x34, 0xcb, 0xcb, 0xbb, 0xcb, 0xcb, 0xbb, 0xcb, 0x0b, 0x40, 0xed, 0x2e, 0x00, 0x00, 0x01,
  0x24, 0x24, 0x33, 0x34, 0x33, 0x34, 0x34, 0x33, 0xbc, 0xcb, 0xcb, 0xbb, 0xcb, 0xcb, 0xbb, 0xcb,
  0x33, 0x34, 0x34, 0x33, 0x34, 0x34, 0x33, 0x34, 0xcb, 0xcb, 0xca, 0xba, 0xcb, 0xbb, 0xcb, 0xcb,
  0x33, 0x24, 0x24, 0x33, 0x34, 0x33, 0x34, 0x34, 0xcb, 0xbb, 0xac, 0xac, 0xbb, 0xbc, 0xbb, 0xbc,
  0x43, 0x43, 0x33, 0x43, 0x43, 0x33, 0x43, 0x43, 0xbb, 0xcb, 0xac, 0xbb, 0xac, 0xac, 0xbb, 0xbc,
  0x24, 0x33, 0x34, 0x33, 0x34, 0x34, 0x33, 0x34, 0xcb, 0xcb, 0xbb, 0xcb, 0xcb, 0xbb, 0xcb, 0xcb,
  0x33, 0x43, 0x43, 0x33, 0x24, 0x24, 0x33, 0x34, 0xac, 0xbb, 0xbc, 0xbb, 0xbc, 0xbc, 0xbb, 0xbc,
  0x43, 0x43, 0x33, 0x43, 0x43, 0x33, 0x43, 0x43, 0xbb, 0xac, 0xac, 0xbb, 0xbc, 0xbb, 0xbc, 0xbc,
  0x24, 0x33, 0x34, 0x33, 0x34, 0x34, 0x33, 0x34, 0xcb, 0xcb, 0xbb, 0xcb, 0xcb, 0xbb, 0xcb, 0x0b,
  0x40, 0xed, 0x2e, 0x00, 0x00, 0x01, 0x24, 0x24, 0x33, 0x34, 0x33, 0x34, 0x34, 0x33, 0xbc, 0xcb,
  0xcb, 0xbb, 0xcb, 0xcb, 0xbb, 0xcb, 0x33, 0x34, 0x34, 0x33, 0x34, 0x34, 0x33, 0x34, 0xcb, 0xcb,
  0xca, 0xba, 0xcb, 0xbb, 0xcb, 0xcb, 0x33, 0x24, 0x24, 0x33, 0x34, 0x33, 0x34, 0x34, 0xcb, 0xbb,
  0xac, 0xac, 0xbb, 0xbc, 0xbb, 0xbc, 0x43, 0x43, 0x33, 0x43, 0x43, 0x33, 0x43, 0x43, 0xbb, 0xcb,
  0xac, 0xbb, 0xac, 0xac, 0xbb, 0xbc, 0x24, 0x33, 0x34, 0x33, 0x34, 0x34, 0x33, 0x34, 0xcb, 0xcb,
  0xbb, 0xcb, 0xcb, 0xbb, 0xcb, 0xcb, 0x33, 0x43, 0x43, 0x33, 0x24, 0x24, 0x33, 0x34, 0xac, 0xbb,
  0xbc, 0xbb, 0xbc, 0xbc, 0xbb, 0xbc, 0x43, 0x43, 0x33, 0x43, 0x43, 0x33, 0x43, 0x43, 0xbb, 0xac,
  0xac, 0xbb, 0xbc, 0xbb, 0xbc, 0xbc, 0x24, 0x33, 0x34, 0x33, 0x34, 0x34, 0x33, 0x34, 0xcb, 0xcb,
  0xbb, 0xcb, 0xcb, 0xbb, 0xcb, 0x0b, 0x40, 0xed, 0x2e, 0x00, 0x00, 0x01, 0x24, 0x24, 0x33, 0x34,
  0x33, 0x34, 0x34, 0x33, 0xbc, 0xcb, 0xcb, 0xbb, 0xcb, 0xcb, 0xbb, 0xcb, 0x33, 0x34, 0x34, 0x33,
  0x34, 0x34, 0x33, 0x34, 0xcb, 0xcb, 0xca, 0xba, 0xcb, 0xbb, 0xcb, 0xcb, 0x33, 0x24, 0x24, 0x33,
  0x34, 0x33, 0x34, 0x34, 0xcb, 0xbb, 0xac, 0xac, 0xbb, 0xbc, 0xbb, 0xbc, 0x43, 0x43, 0x33, 0x43,
  0x43, 0x33, 0x43, 0x43, 0xbb, 0xcb, 0xac, 0xbb, 0xac, 0xac, 0xbb, 0xbc, 0x24, 0x33, 0x34, 0x33,
  0x34, 0x34, 0x33, 0x34, 0xcb, 0xcb, 0xbb, 0xcb, 0xcb, 0xbb, 0xcb, 0xcb, 0x33, 0x43, 0x43, 0x33,
  0x24, 0x24, 0x33, 0x34, 0xac, 0xbb, 0xbc, 0xbb, 0xbc, 0xbc, 0xbb, 0xbc, 0x43, 0x43, 0x33, 0x43,
  0x43, 0x33, 0x43, 0x43, 0xbb, 0xac, 0xac, 0xbb, 0xbc, 0xbb, 0xbc, 0xbc, 0x24, 0x33, 0x34, 0x33,
  0x34, 0x34, 0x33, 0x34, 0xcb, 0xcb, 0xbb, 0xcb, 0xcb, 0xbb, 0xcb, 0x0b, 0x40, 0xed, 0x2e, 0x00,
  0x00, 0x01, 0x24, 0x24, 0x33, 0x34, 0x33, 0x34, 0x34, 0x33, 0xbc, 0xcb, 0xcb, 0xbb, 0xcb, 0xcb,
  0xbb, 0xcb, 0x33, 0x34, 0x34, 0x33, 0x34, 0x34, 0x33, 0x34, 0xcb, 0xcb, 0xca, 0xba, 0xcb, 0xbb,
  0xcb, 0xcb, 0x33, 0x24, 0x24, 0x33, 0x34, 0x33, 0x34, 0x34, 0xcb, 0xbb, 0xac, 0xac, 0xbb, 0xbc,
  0xbb, 0xbc, 0x43, 0x43, 0x33, 0x43, 0x43, 0x33, 0x43, 0x43, 0xbb, 0xcb, 0xac, 0xbb, 0xac, 0xac,
  0xbb, 0xbc, 0x24, 0x33, 0x34, 0x33, 0x34, 0x34, 0x33, 0x34, 0xcb, 0xcb, 0xbb, 0xcb, 0xcb, 0xbb,
  0xcb, 0xcb, 0x33, 0x43, 0x43, 0x33, 0x24, 0x24, 0x33, 0x34, 0xac, 0xbb, 0xbc, 0xbb, 0xbc, 0xbc,
  0xbb, 0xbc, 0x43, 0x43, 0x33, 0x43, 0x43, 0x33, 0x43, 0x43, 0xbb, 0xac, 0xac, 0xbb, 0xbc, 0xbb,
  0xbc, 0xbc, 0x24, 0x33, 0x34, 0x33, 0x34, 0x34, 0x33, 0x34, 0xcb, 0xcb, 0xbb, 0xcb, 0xcb, 0xbb,
  0xcb, 0x0b, 0x40, 0xed, 0x2e, 0x00, 0x00, 0x01, 0x24, 0x24, 0x33, 0x34, 0x33, 0x34, 0x34, 0x33,
  0xbc, 0xcb, 0xcb, 0xbb, 0xcb, 0xcb, 0xbb, 0xcb, 0x33, 0x34, 0x34, 0x33, 0x34, 0x34, 0x33, 0x34,
  0xcb, 0xcb, 0xca, 0xba, 0xcb, 0xbb, 0xcb, 0xcb, 0x33, 0x24, 0x24, 0x33, 0x34, 0x33, 0x34, 0x34,
  0xcb, 0xbb, 0xac, 0xac, 0xbb, 0xbc, 0xbb, 0xbc, 0x43, 0x43, 0x33, 0x43, 0x43, 0x33, 0x43, 0x43,
  0xbb, 0xcb, 0xac, 0xbb, 0xac, 0xac, 0xbb, 0xbc, 0x24, 0x33, 0x34, 0x33, 0x34, 0x34, 0x33, 0x34,
  0xcb, 0xcb, 0xbb, 0xcb, 0xcb, 0xbb, 0xcb, 0xcb, 0x33, 0x43, 0x43, 0x33, 0x24, 0x24, 0x33, 0x34,
  0xac, 0xbb, 0xbc, 0xbb, 0xbc, 0xbc, 0xbb, 0xbc, 0x43, 0x43, 0x33, 0x43, 0x43, 0x33, 0x43, 0x43,
  0xbb, 0xac, 0xac, 0xbb, 0xbc, 0xbb, 0xbc, 0xbc, 0x24, 0x33, 0x34, 0x33, 0x34, 0x34, 0x33, 0x34,
  0xcb, 0xcb, 0xbb, 0xcb, 0xcb, 0xbb, 0xcb, 0x0b, 0x40, 0xed, 0x2e, 0x00, 0x00, 0x01, 0x24, 0x24,
  0x33, 0x34, 0x33, 0x34, 0x34, 0x33, 0xbc, 0xcb, 0xcb, 0xbb, 0xcb, 0xcb, 0xbb, 0xcb, 0x33, 0x34,
  0x34, 0x33, 0x34, 0x34, 0x33, 0x34, 0xcb, 0xcb, 0xca, 0xba, 0xcb, 0xbb, 0xcb, 0xcb, 0x33, 0x24,
  0x24, 0x33, 0x34, 0x33, 0x34, 0x34, 0xcb, 0xbb, 0xac, 0xac, 0xbb, 0xbc, 0xbb, 0xbc, 0x43, 0x43,
  0x33, 0x43, 0x43, 0x33, 0x43, 0x43, 0xbb, 0xcb, 0xac, 0xbb, 0xac, 0xac, 0xbb, 0xbc, 0x24, 0x33,
  0x34, 0x33, 0x34, 0x34, 0x33, 0x34, 0xcb, 0xcb, 0xbb, 0xcb, 0xcb, 0xbb, 0xcb, 0xcb, 0x33, 0x43,
  0x43, 0x33, 0x24, 0x24, 0x33, 0x34, 0xac, 0xbb, 0xbc, 0xbb, 0xbc, 0xbc, 0xbb, 0xbc, 0x43, 0x43,
  0x33, 0x43, 0x43, 0x33, 0x43, 0x43, 0xbb, 0xac, 0xac, 0xbb, 0xbc, 0xbb, 0xbc, 0xbc, 0x24, 0x33,
  0x34, 0x33, 0x34, 0x34, 0x33, 0x34, 0xcb, 0xcb, 0xbb, 0xcb, 0xcb, 0xbb, 0xcb, 0x0b, 0x40, 0xed,
  0x2e, 0x00, 0x00, 0x01, 0x24, 0x24, 0x33, 0x34, 0x33, 0x34, 0x34, 0x33, 0xbc, 0xcb, 0xcb, 0xbb,
  0xcb, 0xcb, 0xbb, 0xcb, 0x33, 0x34, 0x34, 0x33, 0x34, 0x34, 0x33, 0x34, 0xcb, 0xcb, 0xca, 0xba,
  0xcb, 0xbb, 0xcb, 0xcb, 0x33, 0x24, 0x24, 0x33, 0x34, 0x33, 0x34, 0x34, 0xcb, 0xbb, 0xac, 0xac,
  0xbb, 0xbc, 0xbb, 0xbc, 0x43, 0x43, 0x33, 0x43, 0x43, 0x33, 0x43, 0x43, 0xbb, 0xcb, 0xac, 0xbb,
  0xac, 0xac, 0xbb, 0xbc, 0x24, 0x33, 0x34, 0x33, 0x34, 0x34, 0x33, 0x34, 0xcb, 0xcb, 0xbb, 0xcb,
  0xcb, 0xbb, 0xcb, 0xcb, 0x33, 0x43, 0x43, 0x33, 0x24, 0x24, 0x33, 0x34, 0xac, 0xbb, 0xbc, 0xbb,
  0xbc, 0xbc, 0xbb, 0xbc, 0x43, 0x43, 0x33, 0x43, 0x43, 0x33, 0x43, 0x43, 0xbb, 0xac, 0xac, 0xbb,
  0xbc, 0xbb, 0xbc, 0xbc, 0x24, 0x33, 0x34, 0x33, 0x34, 0x34, 0x33, 0x34, 0xcb, 0xcb, 0xbb, 0xcb,
  0xcb, 0xbb, 0xcb, 0x0b, 0x40, 0xed, 0x2e, 0x00, 0x00, 0x01, 0x24, 0x24, 0x33, 0x34, 0x33, 0x34,
  0x34, 0x33, 0xbc, 0xcb, 0xcb, 0xbb, 0xcb, 0xcb, 0xbb, 0xcb, 0x33, 0x34, 0x34, 0x33, 0x34, 0x34,
  0x33, 0x34, 0xcb, 0xcb, 0xca, 0xba, 0xcb, 0xbb, 0xcb, 0xcb, 0x33, 0x24, 0x24, 0x33, 0x34, 0x33,
  0x34, 0x34, 0xcb, 0xbb, 0xac, 0xac, 0xbb, 0xbc, 0xbb, 0xbc, 0x43, 0x43, 0x33, 0x43, 0x43, 0x33,
  0x43, 0x43, 0xbb, 0xcb, 0xac, 0xbb, 0xac, 0xac, 0xbb, 0xbc, 0x24, 0x33, 0x34, 0x33, 0x34, 0x34,
  0x33, 0x34, 0xcb, 0xcb, 0xbb, 0xcb, 0xcb, 0xbb, 0xcb, 0xcb, 0x33, 0x43, 0x43, 0x33, 0x24, 0x24,
  0x33, 0x34, 0xac, 0xbb, 0xbc, 0xbb, 0xbc, 0xbc, 0xbb, 0xbc, 0x43, 0x43, 0x33, 0x43, 0x43, 0x33,
  0x43, 0x43, 0xbb, 0xac, 0xac, 0xbb, 0xbc, 0xbb, 0xbc, 0xbc, 0x24, 0x33, 0x34, 0x33, 0x34, 0x34,
  0x33, 0x34, 0xcb, 0xcb, 0xbb, 0xcb, 0xcb, 0xbb, 0xcb, 0x0b, 0x40, 0xed, 0x2e, 0x00, 0x00, 0x01,
  0x24, 0x24, 0x33, 0x34, 0x33, 0x34, 0x34, 0x33, 0xbc, 0xcb, 0xcb, 0xbb, 0xcb, 0xcb, 0xbb, 0xcb,
  0x33, 0x34, 0x34, 0x33, 0x34, 0x34, 0x33, 0x34, 0xcb, 0xcb, 0xca, 0xba, 0xcb, 0xbb, 0xcb, 0xcb,
  0x33, 0x24, 0x24, 0x33, 0x34, 0x33, 0x34, 0x34, 0xcb, 0xbb, 0xac, 0xac, 0xbb, 0xbc, 0xbb, 0xbc,
  0x43, 0x43, 0x33, 0x43, 0x43, 0x33, 0x43, 0x43, 0xbb, 0xcb, 0xac, 0xbb, 0xac, 0xac, 0xbb, 0xbc,
  0x24, 0x33, 0x34, 0x33, 0x34, 0x34, 0x33, 0x34, 0xcb, 0xcb, 0xbb, 0xcb, 0xcb, 0xbb, 0xcb, 0xcb,
  0x33, 0x43, 0x43, 0x33, 0x24, 0x24, 0x33, 0x34, 0xac, 0xbb, 0xbc, 0xbb, 0xbc, 0xbc, 0xbb, 0xbc,
  0x43, 0x43, 0x33, 0x43, 0x43, 0x33, 0x43, 0x43, 0xbb, 0xac, 0xac, 0xbb, 0xbc, 0xbb, 0xbc, 0xbc,
  0x24, 0x33, 0x34, 0x33, 0x34, 0x34, 0x33, 0x34, 0xcb, 0xcb, 0xbb, 0xcb, 0xcb, 0xbb, 0xcb, 0x0b,
  0x40, 0xed, 0x2e, 0x00, 0x00, 0x01, 0x24, 0x24, 0x33, 0x34, 0x33, 0x34, 0x34, 0x33, 0xbc, 0xcb,
  0xcb, 0xbb, 0xcb, 0xcb, 0xbb, 0xcb, 0x33, 0x34, 0x34, 0x33, 0x34, 0x34, 0x33, 0x34, 0xcb, 0xcb,
  0xca, 0xba, 0xcb, 0xbb, 0xcb, 0xcb, 0x33, 0x24, 0x24, 0x33, 0x34, 0x33, 0x34, 0x34, 0xcb, 0xbb,
  0xac, 0xac, 0xbb, 0xbc, 0xbb, 0xbc, 0x43, 0x43, 0x33, 0x43, 0x43, 0x33, 0x43, 0x43, 0xbb, 0xcb,
  0xac, 0xbb, 0xac, 0xac, 0xbb, 0xbc, 0x24, 0x33, 0x34, 0x33, 0x34, 0x34, 0x33, 0x34, 0xcb, 0xcb,
  0xbb, 0xcb, 0xcb, 0xbb, 0xcb, 0xcb, 0x33, 0x43, 0x43, 0x33, 0x24, 0x24, 0x33, 0x34, 0xac, 0xbb,
  0xbc, 0xbb, 0xbc, 0xbc, 0xbb, 0xbc, 0x43, 0x43, 0x33, 0x43, 0x43, 0x33, 0x43, 0x43, 0xbb, 0xac,
  0xac, 0xbb, 0xbc, 0xbb, 0xbc, 0xbc, 0x24, 0x33, 0x34, 0x33, 0x34, 0x34, 0x33, 0x34, 0xcb, 0xcb,
  0xbb, 0xcb, 0xcb, 0xbb, 0xcb, 0x0b, 0x40, 0xed, 0x2e, 0x00, 0x00, 0x01, 0x24, 0x24, 0x33, 0x34,
  0x33, 0x34, 0x34, 0x33, 0xbc, 0xcb, 0xcb, 0xbb, 0xcb, 0xcb, 0xbb, 0xcb, 0x33, 0x34, 0x34, 0x33,
  0x34, 0x34, 0x33, 0x34, 0xcb, 0xcb, 0xca, 0xba, 0xcb, 0xbb, 0xcb, 0xcb, 0x33, 0x24, 0x24, 0x33,
  0x34, 0x33, 0x34, 0x34, 0xcb, 0xbb, 0xac, 0xac, 0xbb, 0xbc, 0xbb, 0xbc, 0x43, 0x43, 0x33, 0x43,
  0x43, 0x33, 0x43, 0x43, 0xbb, 0xcb, 0xac, 0xbb, 0xac, 0xac, 0xbb, 0xbc, 0x24, 0x33, 0x34, 0x33,
  0x34, 0x34, 0x33, 0x34, 0xcb, 0xcb, 0xbb, 0xcb, 0xcb, 0xbb, 0xcb, 0xcb, 0x33, 0x43, 0x43, 0x33,
  0x24, 0x24, 0x33, 0x34, 0xac, 0xbb, 0xbc, 0xbb, 0xbc, 0xbc, 0xbb, 0xbc, 0x43, 0x43, 0x33, 0x43,
  0x43, 0x33, 0x43, 0x43, 0xbb, 0xac, 0xac, 0xbb, 0xbc, 0xbb, 0xbc, 0xbc, 0x24, 0x33, 0x34, 0x33,
  0x34, 0x34, 0x33, 0x34, 0xcb, 0xcb, 0xbb, 0xcb, 0xcb, 0xbb, 0xcb, 0x0b, 0x40, 0xed, 0x2e, 0x00,
  0x00, 0x01, 0x24, 0x24, 0x33, 0x34, 0x33, 0x34, 0x34, 0x33, 0xbc, 0xcb, 0xcb, 0xbb, 0xcb, 0xcb,
  0xbb, 0xcb, 0x33, 0x34, 0x34, 0x33, 0x34, 0x34, 0x33, 0x34, 0xcb, 0xcb, 0xca, 0xba, 0xcb, 0xbb,
  0xcb, 0xcb, 0x33, 0x24, 0x24, 0x33, 0x34, 0x33, 0x34, 0x34, 0xcb, 0xbb, 0xac, 0xac, 0xbb, 0xbc,
  0xbb, 0xbc, 0x43, 0x43, 0x33, 0x43, 0x43, 0x33, 0x43, 0x43, 0xbb, 0xcb, 0xac, 0xbb, 0xac, 0xac,
  0xbb, 0xbc, 0x24, 0x33, 0x34, 0x33, 0x34, 0x34, 0x33, 0x34, 0xcb, 0xcb, 0xbb, 0xcb, 0xcb, 0xbb,
  0xcb, 0xcb, 0x33, 0x43, 0x43, 0x33, 0x24, 0x24, 0x33, 0x34, 0xac, 0xbb, 0xbc, 0xbb, 0xbc, 0xbc,
  0xbb, 0xbc, 0x43, 0x43, 0x33, 0x43, 0x43, 0x33, 0x43, 0x43, 0xbb, 0xac, 0xac, 0xbb, 0xbc, 0xbb,
  0xbc, 0xbc, 0x24, 0x33, 0x34, 0x33, 0x34, 0x34, 0x33, 0x34, 0xcb, 0xcb, 0xbb, 0xcb, 0xcb, 0xbb,
  0xcb, 0x0b, 0x40, 0xed, 0x2e, 0x00, 0x00, 0x01, 0x24, 0x24, 0x33, 0x34, 0x33, 0x34, 0x34, 0x33,
  0xbc, 0xcb, 0xcb, 0xbb, 0xcb, 0xcb, 0xbb, 0xcb, 0x33, 0x34, 0x34, 0x33, 0x34, 0x34, 0x33, 0x34,
  0xcb, 0xcb, 0xca, 0xba, 0xcb, 0xbb, 0xcb, 0xcb, 0x33, 0x24, 0x24, 0x33, 0x34, 0x33, 0x34, 0x34,
  0xcb, 0xbb, 0xac, 0xac, 0xbb, 0xbc, 0xbb, 0xbc, 0x43, 0x43, 0x33, 0x43, 0x43, 0x33, 0x43, 0x43,
  0xbb, 0xcb, 0xac, 0xbb, 0xac, 0xac, 0xbb, 0xbc, 0x24, 0x33, 0x34, 0x33, 0x34, 0x34, 0x33, 0x34,
  0xcb, 0xcb, 0xbb, 0xcb, 0xcb, 0xbb, 0xcb, 0xcb, 0x33, 0x43, 0x43, 0x33, 0x24, 0x24, 0x33, 0x34,
  0xac, 0xbb, 0xbc, 0xbb, 0xbc, 0xbc, 0xbb, 0xbc, 0x43, 0x43, 0x33, 0x43, 0x43, 0x33, 0x43, 0x43,
  0xbb, 0xac, 0xac, 0xbb, 0xbc, 0xbb, 0xbc, 0xbc, 0x24, 0x33, 0x34, 0x33, 0x34, 0x34, 0x33, 0x34,
  0xcb, 0xcb, 0xbb, 0xcb, 0xcb, 0xbb, 0xcb, 0x0b, 0x40, 0xed, 0x2e, 0x00, 0x00, 0x01, 0x24, 0x24,
  0x33, 0x34, 0x33, 0x34, 0x34, 0x33, 0xbc, 0xcb, 0xcb, 0xbb, 0xcb, 0xcb, 0xbb, 0xcb, 0x33, 0x34,
  0x34, 0x33, 0x34, 0x34, 0x33, 0x34, 0xcb, 0xcb, 0xca, 0xba, 0xcb, 0xbb, 0xcb, 0xcb, 0x33, 0x24,
  0x24, 0x33, 0x34, 0x33, 0x34, 0x34, 0xcb, 0xbb, 0xac, 0xac, 0xbb, 0xbc, 0xbb, 0xbc, 0x43, 0x43,
  0x33, 0x43, 0x43, 0x33, 0x43, 0x43, 0xbb, 0xcb, 0xac, 0xbb, 0xac, 0xac, 0xbb, 0xbc, 0x24, 0x33,
  0x34, 0x33, 0x34, 0x34, 0x33, 0x34, 0xcb, 0xcb, 0xbb, 0xcb, 0xcb, 0xbb, 0xcb, 0xcb, 0x33, 0x43,
  0x43, 0x33, 0x24, 0x24, 0x33, 0x34, 0xac, 0xbb, 0xbc, 0xbb, 0xbc, 0xbc, 0xbb, 0xbc, 0x43, 0x43,
  0x33, 0x43, 0x43, 0x33, 0x43, 0x43, 0xbb, 0xac, 0xac, 0xbb, 0xbc, 0xbb, 0xbc, 0xbc, 0x24, 0x33,
  0x34, 0x33, 0x34, 0x34, 0x33, 0x34, 0xcb, 0xcb, 0xbb, 0xcb, 0xcb, 0xbb, 0xcb, 0x0b, 0x40, 0xed,
  0x2e, 0x00, 0x00, 0x01, 0x24, 0x24, 0x33, 0x34, 0x33, 0x34, 0x34, 0x33, 0xbc, 0xcb, 0xcb, 0xbb,
  0xcb, 0xcb, 0xbb, 0xcb, 0x33, 0x34, 0x34, 0x33, 0x34, 0x34, 0x33, 0x34, 0xcb, 0xcb, 0xca, 0xba,
  0xcb, 0xbb, 0xcb, 0xcb, 0x33, 0x24, 0x24, 0x33, 0x34, 0x33, 0x34, 0x34, 0xcb, 0xbb, 0xac, 0xac,
  0xbb, 0xbc, 0xbb, 0xbc, 0x43, 0x43, 0x33, 0x43, 0x43, 0x33, 0x43, 0x43, 0xbb, 0xcb, 0xac, 0xbb,
  0xac, 0xac, 0xbb, 0xbc, 0x24, 0x33, 0x34, 0x33, 0x34, 0x34, 0x33, 0x34, 0xcb, 0xcb, 0xbb, 0xcb,
  0xcb, 0xbb, 0xcb, 0xcb, 0x33, 0x43, 0x43, 0x33, 0x24, 0x24, 0x33, 0x34, 0xac, 0xbb, 0xbc, 0xbb,
  0xbc, 0xbc, 0xbb, 0xbc, 0x43, 0x43, 0x33, 0x43, 0x43, 0x33, 0x43, 0x43, 0xbb, 0xac, 0xac, 0xbb,
  0xbc, 0xbb, 0xbc, 0xbc, 0x24, 0x33, 0x34, 0x33, 0x34, 0x34, 0x33, 0x34, 0xcb, 0xcb, 0xbb, 0xcb,
  0xcb, 0xbb, 0xcb, 0x0b, 0x40, 0xed, 0x2e, 0x00, 0x00, 0x01, 0x24, 0x24, 0x33, 0x34, 0x33, 0x34,
  0x34, 0x33, 0xbc, 0xcb, 0xcb, 0xbb, 0xcb, 0xcb, 0xbb, 0xcb, 0x33, 0x34, 0x34, 0x33, 0x34, 0x34,
  0x33, 0x34, 0xcb, 0xcb, 0xca, 0xba, 0xcb, 0xbb, 0xcb, 0xcb, 0x33, 0x24, 0x24, 0x33, 0x34, 0x33,
  0x34, 0x34, 0xcb, 0xbb, 0xac, 0xac, 0xbb, 0xbc, 0xbb, 0xbc, 0x43, 0x43, 0x33, 0x43, 0x43, 0x33,
  0x43, 0x43, 0xbb, 0xcb, 0xac, 0xbb, 0xac, 0xac, 0xbb, 0xbc, 0x24, 0x33, 0x34, 0x33, 0x34, 0x34,
  0x33, 0x34, 0xcb, 0xcb, 0xbb, 0xcb, 0xcb, 0xbb, 0xcb, 0xcb, 0x33, 0x43, 0x43, 0x33, 0x24, 0x24,
  0x33, 0x34, 0xac, 0xbb, 0xbc, 0xbb, 0xbc, 0xbc, 0xbb, 0xbc, 0x43, 0x43, 0x33, 0x43, 0x43, 0x33,
  0x43, 0x43, 0xbb, 0xac, 0xac, 0xbb, 0xbc, 0xbb, 0xbc, 0xbc, 0x24, 0x33, 0x34, 0x33, 0x34, 0x34,
  0x33, 0x34, 0xcb, 0xcb, 0xbb, 0xcb, 0xcb, 0xbb, 0xcb, 0x0b, 0x40, 0xed, 0x2e, 0x00, 0x00, 0x01,
  0x24, 0x24, 0x33, 0x34, 0x33, 0x34, 0x34, 0x33, 0xbc, 0xcb, 0xcb, 0xbb, 0xcb, 0xcb, 0xbb, 0xcb,
  0x33, 0x34, 0x34, 0x33, 0x34, 0x34, 0x33, 0x34, 0xcb, 0xcb, 0xca, 0xba, 0xcb, 0xbb, 0xcb, 0xcb,
  0x33, 0x24, 0x24, 0x33, 0x34, 0x33, 0x34, 0x34, 0xcb, 0xbb, 0xac, 0xac, 0xbb, 0xbc, 0xbb, 0xbc,
  0x43, 0x43, 0x33, 0x43, 0x43, 0x33, 0x43, 0x43, 0xbb, 0xcb, 0xac, 0xbb, 0xac, 0xac, 0xbb, 0xbc,
  0x24, 0x33, 0x34, 0x33, 0x34, 0x34, 0x33, 0x34, 0xcb, 0xcb, 0xbb, 0xcb, 0xcb, 0xbb, 0xcb, 0xcb,
  0x33, 0x43, 0x43, 0x33, 0x24, 0x24, 0x33, 0x34, 0xac, 0xbb, 0xbc, 0xbb, 0xbc, 0xbc, 0xbb, 0xbc,
  0x43, 0x43, 0x33, 0x43, 0x43, 0x33, 0x43, 0x43, 0xbb, 0xac, 0xac, 0xbb, 0xbc, 0xbb, 0xbc, 0xbc,
  0x24, 0x33, 0x34, 0x33, 0x34, 0x34, 0x33, 0x34, 0xcb, 0xcb, 0xbb, 0xcb, 0xcb, 0xbb, 0xcb, 0x0b,
  0x40, 0xed, 0x2e, 0x00, 0x00, 0x01, 0x24, 0x24, 0x33, 0x34, 0x33, 0x34, 0x34, 0x33, 0xbc, 0xcb,
  0xcb, 0xbb, 0xcb, 0xcb, 0xbb, 0xcb, 0x33, 0x34, 0x34, 0x33, 0x34, 0x34, 0x33, 0x34, 0xcb, 0xcb,
  0xca, 0xba, 0xcb, 0xbb, 0xcb, 0xcb, 0x33, 0x24, 0x24, 0x33, 0x34, 0x33, 0x34, 0x34, 0xcb, 0xbb,
  0xac, 0xac, 0xbb, 0xbc, 0xbb, 0xbc, 0x43, 0x43, 0x33, 0x43, 0x43, 0x33, 0x43, 0x43, 0xbb, 0xcb,
  0xac, 0xbb, 0xac, 0xac, 0xbb, 0xbc, 0x24, 0x33, 0x34, 0x33, 0x34, 0x34, 0x33, 0x34, 0xcb, 0xcb,
  0xbb, 0xcb, 0xcb, 0xbb, 0xcb, 0xcb, 0x33, 0x43, 0x43, 0x33, 0x24, 0x24, 0x33, 0x34, 0xac, 0xbb,
  0xbc, 0xbb, 0xbc, 0xbc, 0xbb, 0xbc, 0x43, 0x43, 0x33, 0x43, 0x43, 0x33, 0x43, 0x43, 0xbb, 0xac,
  0xac, 0xbb, 0xbc, 0xbb, 0xbc, 0xbc, 0x24, 0x33, 0x34, 0x33, 0x34, 0x34, 0x33, 0x34, 0xcb, 0xcb,
  0xbb, 0xcb, 0xcb, 0xbb, 0xcb, 0x0b, 0x40, 0xed, 0x2e, 0x00, 0x00, 0x01, 0x24, 0x24, 0x33, 0x34,
  0x33, 0x34, 0x34, 0x33, 0xbc, 0xcb, 0xcb, 0xbb, 0xcb, 0xcb, 0xbb, 0xcb, 0x33, 0x34, 0x34, 0x33,
  0x34, 0x34, 0x33, 0x34, 0xcb, 0xcb, 0xca, 0xba, 0xcb, 0xbb, 0xcb, 0xcb, 0x33, 0x24, 0x24, 0x33,
  0x34, 0x33, 0x34, 0x34, 0xcb, 0xbb, 0xac, 0xac, 0xbb, 0xbc, 0xbb, 0xbc, 0x43, 0x43, 0x33, 0x43,
  0x43, 0x33, 0x43, 0x43, 0xbb, 0xcb, 0xac, 0xbb, 0xac, 0xac, 0xbb, 0xbc, 0x24, 0x33, 0x34, 0x33,
  0x34, 0x34, 0x33, 0x34, 0xcb, 0xcb, 0xbb, 0xcb, 0xcb, 0xbb, 0xcb, 0xcb, 0x33, 0x43, 0x43, 0x33,
  0x24, 0x24, 0x33, 0x34, 0xac, 0xbb, 0xbc, 0xbb, 0xbc, 0xbc, 0xbb, 0xbc, 0x43, 0x43, 0x33, 0x43,
  0x43, 0x33, 0x43, 0x43, 0xbb, 0xac, 0xac, 0xbb, 0xbc, 0xbb, 0xbc, 0xbc, 0x24, 0x33, 0x34, 0x33,
  0x34, 0x34, 0x33, 0x34, 0xcb, 0xcb, 0xbb, 0xcb, 0xcb, 0xbb, 0xcb, 0x0b, 0x40, 0xed, 0x2e, 0x00,
  0x00, 0x01, 0x24, 0x24, 0x33, 0x34, 0x33, 0x34, 0x34, 0x33, 0xbc, 0xcb, 0xcb, 0xbb, 0xcb, 0xcb,
  0xbb, 0xcb, 0x33, 0x34, 0x34, 0x33, 0x34, 0x34, 0x33, 0x34, 0xcb, 0xcb, 0xca, 0xba, 0xcb, 0xbb,
  0xcb, 0xcb, 0x33, 0x24, 0x24, 0x33, 0x34, 0x33, 0x34, 0x34, 0xcb, 0xbb, 0xac, 0xac, 0xbb, 0xbc,
  0xbb, 0xbc, 0x43, 0x43, 0x33, 0x43, 0x43, 0x33, 0x43, 0x43, 0xbb, 0xcb, 0xac, 0xbb, 0xac, 0xac,
  0xbb, 0xbc, 0x24, 0x33, 0x34, 0x33, 0x34, 0x34, 0x33, 0x34, 0xcb, 0xcb, 0xbb, 0xcb, 0xcb, 0xbb,
  0xcb, 0xcb, 0x33, 0x43, 0x43, 0x33, 0x24, 0x24, 0x33, 0x34, 0xac, 0xbb, 0xbc, 0xbb, 0xbc, 0xbc,
  0xbb, 0xbc, 0x43, 0x43, 0x33, 0x43, 0x43, 0x33, 0x43, 0x43, 0xbb, 0xac, 0xac, 0xbb, 0xbc, 0xbb,
  0xbc, 0xbc, 0x24, 0x33, 0x34, 0x33, 0x34, 0x34, 0x33, 0x34, 0xcb, 0xcb, 0xbb, 0xcb, 0xcb, 0xbb,
  0xcb, 0x0b, 0x40, 0xed, 0x2e, 0x00, 0x00, 0x01, 0x24, 0x24, 0x33, 0x34, 0x33, 0x34, 0x34, 0x33,
  0xbc, 0xcb, 0xcb, 0xbb, 0xcb, 0xcb, 0xbb, 0xcb, 0x33, 0x34, 0x34, 0x33, 0x34, 0x34, 0x33, 0x34,
  0xcb, 0xcb, 0xca, 0xba, 0xcb, 0xbb, 0xcb, 0xcb, 0x33, 0x24, 0x24, 0x33, 0x34, 0x33, 0x34, 0x34,
  0xcb, 0xbb, 0xac, 0xac, 0xbb, 0xbc, 0xbb, 0xbc, 0x43, 0x43, 0x33, 0x43, 0x43, 0x33, 0x43, 0x43,
  0xbb, 0xcb, 0xac, 0xbb, 0xac, 0xac, 0xbb, 0xbc, 0x24, 0x33, 0x34, 0x33, 0x34, 0x34, 0x33, 0x34,
  0xcb, 0xcb, 0xbb, 0xcb, 0xcb, 0xbb, 0xcb, 0xcb, 0x33, 0x43, 0x43, 0x33, 0x24, 0x24, 0x33, 0x34,
  0xac, 0xbb, 0xbc, 0xbb, 0xbc, 0xbc, 0xbb, 0xbc, 0x43, 0x43, 0x33, 0x43, 0x43, 0x33, 0x43, 0x43,
  0xbb, 0xac, 0xac, 0xbb, 0xbc, 0xbb, 0xbc, 0xbc, 0x24, 0x33, 0x34, 0x33, 0x34, 0x34, 0x33, 0x34,
  0xcb, 0xcb, 0xbb, 0xcb, 0xcb, 0xbb, 0xcb, 0x0b, 0x40, 0xed, 0x2e, 0x00, 0x00, 0x01, 0x24, 0x24,
  0x33, 0x34, 0x33, 0x34, 0x34, 0x33, 0xbc, 0xcb, 0xcb, 0xbb, 0xcb, 0xcb, 0xbb, 0xcb, 0x33, 0x34,
  0x34, 0x33, 0x34, 0x34, 0x33, 0x34, 0xcb, 0xcb, 0xca, 0xba, 0xcb, 0xbb, 0xcb, 0xcb, 0x33, 0x24,
  0x24, 0x33, 0x34, 0x33, 0x34, 0x34, 0xcb, 0xbb, 0xac, 0xac, 0xbb, 0xbc, 0xbb, 0xbc, 0x43, 0x43,
  0x33, 0x43, 0x43, 0x33, 0x43, 0x43, 0xbb, 0xcb, 0xac, 0xbb, 0xac, 0xac, 0xbb, 0xbc, 0x24, 0x33,
  0x34, 0x33, 0x34, 0x34, 0x33, 0x34, 0xcb, 0xcb, 0xbb, 0xcb, 0xcb, 0xbb, 0xcb, 0xcb, 0x33, 0x43,
  0x43, 0x33, 0x24, 0x24, 0x33, 0x34, 0xac, 0xbb, 0xbc, 0xbb, 0xbc, 0xbc, 0xbb, 0xbc, 0x43, 0x43,
  0x33, 0x43, 0x43, 0x33, 0x43, 0x43, 0xbb, 0xac, 0xac, 0xbb, 0xbc, 0xbb, 0xbc, 0xbc, 0x24, 0x33,
  0x34, 0x33, 0x34, 0x34, 0x33, 0x34, 0xcb, 0xcb, 0xbb, 0xcb, 0xcb, 0xbb, 0xcb, 0x0b, 0x40, 0xed,
  0x2e, 0x00, 0x00, 0x01, 0x24, 0x24, 0x33, 0x34, 0x33, 0x34, 0x34, 0x33, 0xbc, 0xcb, 0xcb, 0xbb,
  0xcb, 0xcb, 0xbb, 0xcb, 0x33, 0x34, 0x34, 0x33, 0x34, 0x34, 0x33, 0x34, 0xcb, 0xcb, 0xca, 0xba,
  0xcb, 0xbb, 0xcb, 0xcb, 0x33, 0x24, 0x24, 0x33, 0x34, 0x33, 0x34, 0x34, 0xcb, 0xbb, 0xac, 0xac,
  0xbb, 0xbc, 0xbb, 0xbc, 0x43, 0x43, 0x33, 0x43, 0x43, 0x33, 0x43, 0x43, 0xbb, 0xcb, 0xac, 0xbb,
  0xac, 0xac, 0xbb, 0xbc, 0x24, 0x33, 0x34, 0x33, 0x34, 0x34, 0x33, 0x34, 0xcb, 0xcb, 0xbb, 0xcb,
  0xcb, 0xbb, 0xcb, 0xcb, 0x33, 0x43, 0x43, 0x33, 0x24, 0x24, 0x33, 0x34, 0xac, 0xbb, 0xbc, 0xbb,
  0xbc, 0xbc, 0xbb, 0xbc, 0x43, 0x43, 0x33, 0x43, 0x43, 0x33, 0x43, 0x43, 0xbb, 0xac, 0xac, 0xbb,
  0xbc, 0xbb, 0xbc, 0xbc, 0x24, 0x33, 0x34, 0x33, 0x34, 0x34, 0x33, 0x34, 0xcb, 0xcb, 0xbb, 0xcb,
  0xcb, 0xbb, 0xcb, 0x0b, 0x40, 0xed, 0x2e, 0x00, 0x00, 0x01, 0x24, 0x24, 0x33, 0x34, 0x33, 0x34,
  0x34, 0x33, 0xbc, 0xcb, 0xcb, 0xbb, 0xcb, 0xcb, 0xbb, 0xcb, 0x33, 0x34, 0x34, 0x33, 0x34, 0x34,
  0x33, 0x34, 0xcb, 0xcb, 0xca, 0xba, 0xcb, 0xbb, 0xcb, 0xcb, 0x33, 0x24, 0x24, 0x33, 0x34, 0x33,
  0x34, 0x34, 0xcb, 0xbb, 0xac, 0xac, 0xbb, 0xbc, 0xbb, 0xbc, 0x43, 0x43, 0x33, 0x43, 0x43, 0x33,
  0x43, 0x43, 0xbb, 0xcb, 0xac, 0xbb, 0xac, 0xac, 0xbb, 0xbc, 0x24, 0x33, 0x34, 0x33, 0x34, 0x34,
  0x33, 0x34, 0xcb, 0xcb, 0xbb, 0xcb, 0xcb, 0xbb, 0xcb, 0xcb, 0x33, 0x43, 0x43, 0x33, 0x24, 0x24,
  0x33, 0x34, 0xac, 0xbb, 0xbc, 0xbb, 0xbc, 0xbc, 0xbb, 0xbc, 0x43, 0x43, 0x33, 0x43, 0x43, 0x33,
  0x43, 0x43, 0xbb, 0xac, 0xac, 0xbb, 0xbc, 0xbb, 0xbc, 0xbc, 0x24, 0x33, 0x34, 0x33, 0x34, 0x34,
  0x33, 0x34, 0xcb, 0xcb, 0xbb, 0xcb, 0xcb, 0xbb, 0xcb, 0x0b, 0x40, 0xed, 0x2e, 0x00, 0x00, 0x01,
  0x24, 0x24, 0x33, 0x34, 0x33, 0x34, 0x34, 0x33, 0xbc, 0xcb, 0xcb, 0xbb, 0xcb, 0xcb, 0xbb, 0xcb,
  0x33, 0x34, 0x34, 0x33, 0x34, 0x34, 0x33, 0x34, 0xcb, 0xcb, 0xca, 0xba, 0xcb, 0xbb, 0xcb, 0xcb,
  0x33, 0x24, 0x24, 0x33, 0x34, 0x33, 0x34, 0x34, 0xcb, 0xbb, 0xac, 0xac, 0xbb, 0xbc, 0xbb, 0xbc,
  0x43, 0x43, 0x33, 0x43, 0x43, 0x33, 0x43, 0x43, 0xbb, 0xcb, 0xac, 0xbb, 0xac, 0xac, 0xbb, 0xbc,
  0x24, 0x33, 0x34, 0x33, 0x34, 0x34, 0x33, 0x34, 0xcb, 0xcb, 0xbb, 0xcb, 0xcb, 0xbb, 0xcb, 0xcb,
  0x33, 0x43, 0x43, 0x33, 0x24, 0x24, 0x33, 0x34, 0xac, 0xbb, 0xbc, 0xbb, 0xbc, 0xbc, 0xbb, 0xbc,
  0x43, 0x43, 0x33, 0x43, 0x43, 0x33, 0x43, 0x43, 0xbb, 0xac, 0xac, 0xbb, 0xbc, 0xbb, 0xbc, 0xbc,
  0x24, 0x33, 0x34, 0x33, 0x34, 0x34, 0x33, 0x34, 0xcb, 0xcb, 0xbb, 0xcb, 0xcb, 0xbb, 0xcb, 0x0b,
  0x40, 0xed, 0x2e, 0x00, 0x00, 0x01, 0x24, 0x24, 0x33, 0x34, 0x33, 0x34, 0x34, 0x33, 0xbc, 0xcb,
  0xcb, 0xbb, 0xcb, 0xcb, 0xbb, 0xcb, 0x33, 0x34, 0x34, 0x33, 0x34, 0x34, 0x33, 0x34, 0xcb, 0xcb,
  0xca, 0xba, 0xcb, 0xbb, 0xcb, 0xcb, 0x33, 0x24, 0x24, 0x33, 0x34, 0x33, 0x34, 0x34, 0xcb, 0xbb,
  0xac, 0xac, 0xbb, 0xbc, 0xbb, 0xbc, 0x43, 0x43, 0x33, 0x43, 0x43, 0x33, 0x43, 0x43, 0xbb, 0xcb,
  0xac, 0xbb, 0xac, 0xac, 0xbb, 0xbc, 0x24, 0x33, 0x34, 0x33, 0x34, 0x34, 0x33, 0x34, 0xcb, 0xcb,
  0xbb, 0xcb, 0xcb, 0xbb, 0xcb, 0xcb, 0x33, 0x43, 0x43, 0x33, 0x24, 0x24, 0x33, 0x34, 0xac, 0xbb,
  0xbc, 0xbb, 0xbc, 0xbc, 0xbb, 0xbc, 0x43, 0x43, 0x33, 0x43, 0x43, 0x33, 0x43, 0x43, 0xbb, 0xac,
  0xac, 0xbb, 0xbc, 0xbb, 0xbc, 0xbc, 0x24, 0x33, 0x34, 0x33, 0x34, 0x34, 0x33, 0x34, 0xcb, 0xcb,
  0xbb, 0xcb, 0xcb, 0xbb, 0xcb, 0x0b, 0x40, 0xed, 0x2e, 0x00, 0x00, 0x01, 0x24, 0x24, 0x33, 0x34,
  0x33, 0x34, 0x34, 0x33, 0xbc, 0xcb, 0xcb, 0xbb, 0xcb, 0xcb, 0xbb, 0xcb, 0x33, 0x34, 0x34, 0x33,
  0x34, 0x34, 0x33, 0x34, 0xcb, 0xcb, 0xca, 0xba, 0xcb, 0xbb, 0xcb, 0xcb, 0x33, 0x24, 0x24, 0x33,
  0x34, 0x33, 0x34, 0x34, 0xcb, 0xbb, 0xac, 0xac, 0xbb, 0xbc, 0xbb, 0xbc, 0x43, 0x43, 0x33, 0x43,
  0x43, 0x33, 0x43, 0x43, 0xbb, 0xcb, 0xac, 0xbb, 0xac, 0xac, 0xbb, 0xbc, 0x24, 0x33, 0x34, 0x33,
  0x34, 0x34, 0x33, 0x34, 0xcb, 0xcb, 0xbb, 0xcb, 0xcb, 0xbb, 0xcb, 0xcb, 0x33, 0x43, 0x43, 0x33,
  0x24, 0x24, 0x33, 0x34, 0xac, 0xbb, 0xbc, 0xbb, 0xbc, 0xbc, 0xbb, 0xbc, 0x43, 0x43, 0x33, 0x43,
  0x43, 0x33, 0x43, 0x43, 0xbb, 0xac, 0xac, 0xbb, 0xbc, 0xbb, 0xbc, 0xbc, 0x24, 0x33, 0x34, 0x33,
  0x34, 0x34, 0x33, 0x34, 0xcb, 0xcb, 0xbb, 0xcb, 0xcb, 0xbb, 0xcb, 0x0b, 0x40, 0xed, 0x2e, 0x00,
  0x00, 0x01, 0x24, 0x24, 0x33, 0x34, 0x33, 0x34, 0x34, 0x33, 0xbc, 0xcb, 0xcb, 0xbb, 0xcb, 0xcb,
  0xbb, 0xcb, 0x33, 0x34, 0x34, 0x33, 0x34, 0x34, 0x33, 0x34, 0xcb, 0xcb, 0xca, 0xba, 0xcb, 0xbb,
  0xcb, 0xcb, 0x33, 0x24, 0x24, 0x33, 0x34, 0x33, 0x34, 0x34, 0xcb, 0xbb, 0xac, 0xac, 0xbb, 0xbc,
  0xbb, 0xbc, 0x43, 0x43, 0x33, 0x43, 0x43, 0x33, 0x43, 0x43, 0xbb, 0xcb, 0xac, 0xbb, 0xac, 0xac,
  0xbb, 0xbc, 0x24, 0x33, 0x34, 0x33, 0x34, 0x34, 0x33, 0x34, 0xcb, 0xcb, 0xbb, 0xcb, 0xcb, 0xbb,
  0xcb, 0xcb, 0x33, 0x43, 0x43, 0x33, 0x24, 0x24, 0x33, 0x34, 0xac, 0xbb, 0xbc, 0xbb, 0xbc, 0xbc,
  0xbb, 0xbc, 0x43, 0x43, 0x33, 0x43, 0x43, 0x33, 0x43, 0x43, 0xbb, 0xac, 0xac, 0xbb, 0xbc, 0xbb,
  0xbc, 0xbc, 0x24, 0x33, 0x34, 0x33, 0x34, 0x34, 0x33, 0x34, 0xcb, 0xcb, 0xbb, 0xcb, 0xcb, 0xbb,
  0xcb, 0x0b, 0x40, 0xed, 0x2e, 0x00, 0x00, 0x01, 0x24, 0x24, 0x33, 0x34, 0x33, 0x34, 0x34, 0x33,
  0xbc, 0xcb, 0xcb, 0xbb, 0xcb, 0xcb, 0xbb, 0xcb, 0x33, 0x34, 0x34, 0x33, 0x34, 0x34, 0x33, 0x34,
  0xcb, 0xcb, 0xca, 0xba, 0xcb, 0xbb, 0xcb, 0xcb, 0x33, 0x24, 0x24, 0x33, 0x34, 0x33, 0x34, 0x34,
  0xcb, 0xbb, 0xac, 0xac, 0xbb, 0xbc, 0xbb, 0xbc, 0x43, 0x43, 0x33, 0x43, 0x43, 0x33, 0x43, 0x43,
  0xbb, 0xcb, 0xac, 0xbb, 0xac, 0xac, 0xbb, 0xbc, 0x24, 0x33, 0x34, 0x33, 0x34, 0x34, 0x33, 0x34,
  0xcb, 0xcb, 0xbb, 0xcb, 0xcb, 0xbb, 0xcb, 0xcb, 0x33, 0x43, 0x43, 0x33, 0x24, 0x24, 0x33, 0x34,
  0xac, 0xbb, 0xbc, 0xbb, 0xbc, 0xbc, 0xbb, 0xbc, 0x43, 0x43, 0x33, 0x43, 0x43, 0x33, 0x43, 0x43,
  0xbb, 0xac, 0xac, 0xbb, 0xbc, 0xbb, 0xbc, 0xbc, 0x24, 0x33, 0x34, 0x33, 0x34, 0x34, 0x33, 0x34,
  0xcb, 0xcb, 0xbb, 0xcb, 0xcb, 0xbb, 0xcb, 0x0b, 0x40, 0xed, 0x2e, 0x00, 0x00, 0x01, 0x24, 0x24,
  0x33, 0x34, 0x33, 0x34, 0x34, 0x33, 0xbc, 0xcb, 0xcb, 0xbb, 0xcb, 0xcb, 0xbb, 0xcb, 0x33, 0x34,
  0x34, 0x33, 0x34, 0x34, 0x33, 0x34, 0xcb, 0xcb, 0xca, 0xba, 0xcb, 0xbb, 0xcb, 0xcb, 0x33, 0x24,
  0x24, 0x33, 0x34, 0x33, 0x34, 0x34, 0xcb, 0xbb, 0xac, 0xac, 0xbb, 0xbc, 0xbb, 0xbc, 0x43, 0x43,
  0x33, 0x43, 0x43, 0x33, 0x43, 0x43, 0xbb, 0xcb, 0xac, 0xbb, 0xac, 0xac, 0xbb, 0xbc, 0x24, 0x33,
  0x34, 0x33, 0x34, 0x34, 0x33, 0x34, 0xcb, 0xcb, 0xbb, 0xcb, 0xcb, 0xbb, 0xcb, 0xcb, 0x33, 0x43,
  0x43, 0x33, 0x24, 0x24, 0x33, 0x34, 0xac, 0xbb, 0xbc, 0xbb, 0xbc, 0xbc, 0xbb, 0xbc, 0x43, 0x43,
  0x33, 0x43, 0x43, 0x33, 0x43, 0x43, 0xbb, 0xac, 0xac, 0xbb, 0xbc, 0xbb, 0xbc, 0xbc, 0x24, 0x33,
  0x34, 0x33, 0x34, 0x34, 0x33, 0x34, 0xcb, 0xcb, 0xbb, 0xcb, 0xcb, 0xbb, 0xcb, 0x0b, 0x40, 0xed,
  0x2e, 0x00, 0x00, 0x01, 0x24, 0x24, 0x33, 0x34, 0x33, 0x34, 0x34, 0x33, 0xbc, 0xcb, 0xcb, 0xbb,
  0xcb, 0xcb, 0xbb, 0xcb, 0x33, 0x34, 0x34, 0x33, 0x34, 0x34, 0x33, 0x34, 0xcb, 0xcb, 0xca, 0xba,
  0xcb, 0xbb, 0xcb, 0xcb, 0x33, 0x24, 0x24, 0x33, 0x34, 0x33, 0x34, 0x34, 0xcb, 0xbb, 0xac, 0xac,
  0xbb, 0xbc, 0xbb, 0xbc, 0x43, 0x43, 0x33, 0x43, 0x43, 0x33, 0x43, 0x43, 0xbb, 0xcb, 0xac, 0xbb,
  0xac, 0xac, 0xbb, 0xbc, 0x24, 0x33, 0x34, 0x33, 0x34, 0x34, 0x33, 0x34, 0xcb, 0xcb, 0xbb, 0xcb,
  0xcb, 0xbb, 0xcb, 0xcb, 0x33, 0x43, 0x43, 0x33, 0x24, 0x24, 0x33, 0x34, 0xac, 0xbb, 0xbc, 0xbb,
  0xbc, 0xbc, 0xbb, 0xbc, 0x43, 0x43, 0x33, 0x43, 0x43, 0x33, 0x43, 0x43, 0xbb, 0xac, 0xac, 0xbb,
  0xbc, 0xbb, 0xbc, 0xbc, 0x24, 0x33, 0x34, 0x33, 0x34, 0x34, 0x33, 0x34, 0xcb, 0xcb, 0xbb, 0xcb,
  0xcb, 0xbb, 0xcb, 0x0b, 0x40, 0xed, 0x2e, 0x00, 0x00, 0x01, 0x24, 0x24, 0x33, 0x34, 0x33, 0x34,
  0x34, 0x33, 0xbc, 0xcb, 0xcb, 0xbb, 0xcb, 0xcb, 0xbb, 0xcb, 0x33, 0x34, 0x34, 0x33, 0x34, 0x34,
  0x33, 0x34, 0xcb, 0xcb, 0xca, 0xba, 0xcb, 0xbb, 0xcb, 0xcb, 0x33, 0x24, 0x24, 0x33, 0x34, 0x33,
  0x34, 0x34, 0xcb, 0xbb, 0xac, 0xac, 0xbb, 0xbc, 0xbb, 0xbc, 0x43, 0x43, 0x33, 0x43, 0x43, 0x33,
  0x43, 0x43, 0xbb, 0xcb, 0xac, 0xbb, 0xac, 0xac, 0xbb, 0xbc, 0x24, 0x33, 0x34, 0x33, 0x34, 0x34,
  0x33, 0x34, 0xcb, 0xcb, 0xbb, 0xcb, 0xcb, 0xbb, 0xcb, 0xcb, 0x33, 0x43, 0x43, 0x33, 0x24, 0x24,
  0x33, 0x34, 0xac, 0xbb, 0xbc, 0xbb, 0xbc, 0xbc, 0xbb, 0xbc, 0x43, 0x43, 0x33, 0x43, 0x43, 0x33,
  0x43, 0x43, 0xbb, 0xac, 0xac, 0xbb, 0xbc, 0xbb, 0xbc, 0xbc, 0x24, 0x33, 0x34, 0x33, 0x34, 0x34,
  0x33, 0x34, 0xcb, 0xcb, 0xbb, 0xcb, 0xcb, 0xbb, 0xcb, 0x0b, 0x40, 0xed, 0x2e, 0x00, 0x00, 0x01,
  0x24, 0x24, 0x33, 0x34, 0x33, 0x34, 0x34, 0x33, 0xbc, 0xcb, 0xcb, 0xbb, 0xcb, 0xcb, 0xbb, 0xcb,
  0x33, 0x34, 0x34, 0x33, 0x34, 0x34, 0x33, 0x34, 0xcb, 0xcb, 0xca, 0xba, 0xcb, 0xbb, 0xcb, 0xcb,
  0x33, 0x24, 0x24, 0x33, 0x34, 0x33, 0x34, 0x34, 0xcb, 0xbb, 0xac, 0xac, 0xbb, 0xbc, 0xbb, 0xbc,
  0x43, 0x43, 0x33, 0x43, 0x43, 0x33, 0x43, 0x43, 0xbb, 0xcb, 0xac, 0xbb, 0xac, 0xac, 0xbb, 0xbc,
  0x24, 0x33, 0x34, 0x33, 0x34, 0x34, 0x33, 0x34, 0xcb, 0xcb, 0xbb, 0xcb, 0xcb, 0xbb, 0xcb, 0xcb,
  0x33, 0x43, 0x43, 0x33, 0x24, 0x24, 0x33, 0x34, 0xac, 0xbb, 0xbc, 0xbb, 0xbc, 0xbc, 0xbb, 0xbc,
  0x43, 0x43, 0x33, 0x43, 0x43, 0x33, 0x43, 0x43, 0xbb, 0xac, 0xac, 0xbb, 0xbc, 0xbb, 0xbc, 0xbc,
  0x24, 0x33, 0x34, 0x33, 0x34, 0x34, 0x33, 0x34, 0xcb, 0xcb, 0xbb, 0xcb, 0xcb, 0xbb, 0xcb, 0x0b,
  0x40, 0xed, 0x2e, 0x00, 0x00, 0x01, 0x24, 0x24, 0x33, 0x34, 0x33, 0x34, 0x34, 0x33, 0xbc, 0xcb,
  0xcb, 0xbb, 0xcb, 0xcb, 0xbb, 0xcb, 0x33, 0x34, 0x34, 0x33, 0x34, 0x34, 0x33, 0x34, 0xcb, 0xcb,
  0xca, 0xba, 0xcb, 0xbb, 0xcb, 0xcb, 0x33, 0x24, 0x24, 0x33, 0x34, 0x33, 0x34, 0x34, 0xcb, 0xbb,
  0xac, 0xac, 0xbb, 0xbc, 0xbb, 0xbc, 0x43, 0x43, 0x33, 0x43, 0x43, 0x33, 0x43, 0x43, 0xbb, 0xcb,
  0xac, 0xbb, 0xac, 0xac, 0xbb, 0xbc, 0x24, 0x33, 0x34, 0x33, 0x34, 0x34, 0x33, 0x34, 0xcb, 0xcb,
  0xbb, 0xcb, 0xcb, 0xbb, 0xcb, 0xcb, 0x33, 0x43, 0x43, 0x33, 0x24, 0x24, 0x33, 0x34, 0xac, 0xbb,
  0xbc, 0xbb, 0xbc, 0xbc, 0xbb, 0xbc, 0x43, 0x43, 0x33, 0x43, 0x43, 0x33, 0x43, 0x43, 0xbb, 0xac,
  0xac, 0xbb, 0xbc, 0xbb, 0xbc, 0xbc, 0x24, 0x33, 0x34, 0x33, 0x34, 0x34, 0x33, 0x34, 0xcb, 0xcb,
  0xbb, 0xcb, 0xcb, 0xbb, 0xcb, 0x0b, 0x40, 0xed, 0x2e, 0x00, 0x00, 0x01, 0x24, 0x24, 0x33, 0x34,
  0x33, 0x34, 0x34, 0x33, 0xbc, 0xcb, 0xcb, 0xbb, 0xcb, 0xcb, 0xbb, 0xcb, 0x33, 0x34, 0x34, 0x33,
  0x34, 0x34, 0x33, 0x34, 0xcb, 0xcb, 0xca, 0xba, 0xcb, 0xbb, 0xcb, 0xcb, 0x33, 0x24, 0x24, 0x33,
  0x34, 0x33, 0x34, 0x34, 0xcb, 0xbb, 0xac, 0xac, 0xbb, 0xbc, 0xbb, 0xbc, 0x43, 0x43, 0x33, 0x43,
  0x43, 0x33, 0x43, 0x43, 0xbb, 0xcb, 0xac, 0xbb, 0xac, 0xac, 0xbb, 0xbc, 0x24, 0x33, 0x34, 0x33,
  0x34, 0x34, 0x33, 0x34, 0xcb, 0xcb, 0xbb, 0xcb, 0xcb, 0xbb, 0xcb, 0xcb, 0x33, 0x43, 0x43, 0x33,
  0x24, 0x24, 0x33, 0x34, 0xac, 0xbb, 0xbc, 0xbb, 0xbc, 0xbc, 0xbb, 0xbc, 0x43, 0x43, 0x33, 0x43,
  0x43, 0x33, 0x43, 0x43, 0xbb, 0xac, 0xac, 0xbb, 0xbc, 0xbb, 0xbc, 0xbc, 0x24, 0x33, 0x34, 0x33,
  0x34, 0x34, 0x33, 0x34, 0xcb, 0xcb, 0xbb, 0xcb, 0xcb, 0xbb, 0xcb, 0x0b, 0x40, 0xed, 0x2e, 0x00,
  0x00, 0x01, 0x24, 0x24, 0x33, 0x34, 0x33, 0x34, 0x34, 0x33, 0xbc, 0xcb, 0xcb, 0xbb, 0xcb, 0xcb,
  0xbb, 0xcb, 0x33, 0x34, 0x34, 0x33, 0x34, 0x34, 0x33, 0x34, 0xcb, 0xcb, 0xca, 0xba, 0xcb, 0xbb,
  0xcb, 0xcb, 0x33, 0x24, 0x24, 0x33, 0x34, 0x33, 0x34, 0x34, 0xcb, 0xbb, 0xac, 0xac, 0xbb, 0xbc,
  0xbb, 0xbc, 0x43, 0x43, 0x33, 0x43, 0x43, 0x33, 0x43, 0x43, 0xbb, 0xcb, 0xac, 0xbb, 0xac, 0xac,
  0xbb, 0xbc, 0x24, 0x33, 0x34, 0x33, 0x34, 0x34, 0x33, 0x34, 0xcb, 0xcb, 0xbb, 0xcb, 0xcb, 0xbb,
  0xcb, 0xcb, 0x33, 0x43, 0x43, 0x33, 0x24, 0x24, 0x33, 0x34, 0xac, 0xbb, 0xbc, 0xbb, 0xbc, 0xbc,
  0xbb, 0xbc, 0x43, 0x43, 0x33, 0x43, 0x43, 0x33, 0x43, 0x43, 0xbb, 0xac, 0xac, 0xbb, 0xbc, 0xbb,
  0xbc, 0xbc, 0x24, 0x33, 0x34, 0x33, 0x34, 0x34, 0x33, 0x34, 0xcb, 0xcb, 0xbb, 0xcb, 0xcb, 0xbb,
  0xcb, 0x0b, 0x40, 0xed, 0x2e, 0x00, 0x00, 0x01, 0x24, 0x24, 0x33, 0x34, 0x33, 0x34, 0x34, 0x33,
  0xbc, 0xcb, 0xcb, 0xbb, 0xcb, 0xcb, 0xbb, 0xcb, 0x33, 0x34, 0x34, 0x33, 0x34, 0x34, 0x33, 0x34,
  0xcb, 0xcb, 0xca, 0xba, 0xcb, 0xbb, 0xcb, 0xcb, 0x33, 0x24, 0x24, 0x33, 0x34, 0x33, 0x34, 0x34,
  0xcb, 0xbb, 0xac, 0xac, 0xbb, 0xbc, 0xbb, 0xbc, 0x43, 0x43, 0x33, 0x43, 0x43, 0x33, 0x43, 0x43,
  0xbb, 0xcb, 0xac, 0xbb, 0xac, 0xac, 0xbb, 0xbc, 0x24, 0x33, 0x34, 0x33, 0x34, 0x34, 0x33, 0x34,
  0xcb, 0xcb, 0xbb, 0xcb, 0xcb, 0xbb, 0xcb, 0xcb, 0x33, 0x43, 0x43, 0x33, 0x24, 0x24, 0x33, 0x34,
  0xac, 0xbb, 0xbc, 0xbb, 0xbc, 0xbc, 0xbb, 0xbc, 0x43, 0x43, 0x33, 0x43, 0x43, 0x33, 0x43, 0x43,
  0xbb, 0xac, 0xac, 0xbb, 0xbc, 0xbb, 0xbc, 0xbc, 0x24, 0x33, 0x34, 0x33, 0x34, 0x34, 0x33, 0x34,
  0xcb, 0xcb, 0xbb, 0xcb, 0xcb, 0xbb, 0xcb, 0x0b, 0x40, 0xed, 0x2e, 0x00, 0x00, 0x01, 0x24, 0x24,
  0x33, 0x34, 0x33, 0x34, 0x34, 0x33, 0xbc, 0xcb, 0xcb, 0xbb, 0xcb, 0xcb, 0xbb, 0xcb, 0x33, 0x34,
  0x34, 0x33, 0x34, 0x34, 0x33, 0x34, 0xcb, 0xcb, 0xca, 0xba, 0xcb, 0xbb, 0xcb, 0xcb, 0x33, 0x24,
  0x24, 0x33, 0x34, 0x33, 0x34, 0x34, 0xcb, 0xbb, 0xac, 0xac, 0xbb, 0xbc, 0xbb, 0xbc, 0x43, 0x43,
  0x33, 0x43, 0x43, 0x33, 0x43, 0x43, 0xbb, 0xcb, 0xac, 0xbb, 0xac, 0xac, 0xbb, 0xbc, 0x24, 0x33,
  0x34, 0x33, 0x34, 0x34, 0x33, 0x34, 0xcb, 0xcb, 0xbb, 0xcb, 0xcb, 0xbb, 0xcb, 0xcb, 0x33, 0x43,
  0x43, 0x33, 0x24, 0x24, 0x33, 0x34, 0xac, 0xbb, 0xbc, 0xbb, 0xbc, 0xbc, 0xbb, 0xbc, 0x43, 0x43,
  0x33, 0x43, 0x43, 0x33, 0x43, 0x43, 0xbb, 0xac, 0xac, 0xbb, 0xbc, 0xbb, 0xbc, 0xbc, 0x24, 0x33,
  0x34, 0x33, 0x34, 0x34, 0x33, 0x34, 0xcb, 0xcb, 0xbb, 0xcb, 0xcb, 0xbb, 0xcb, 0x0b, 0x40, 0xed,
  0x2e, 0x00, 0x00, 0x01, 0x24, 0x24, 0x33, 0x34, 0x33, 0x34, 0x34, 0x33, 0xbc, 0xcb, 0xcb, 0xbb,
  0xcb, 0xcb, 0xbb, 0xcb, 0x33, 0x34, 0x34, 0x33, 0x34, 0x34, 0x33, 0x34, 0xcb, 0xcb, 0xca, 0xba,
  0xcb, 0xbb, 0xcb, 0xcb, 0x33, 0x24, 0x24, 0x33, 0x34, 0x33, 0x34, 0x34, 0xcb, 0xbb, 0xac, 0xac,
  0xbb, 0xbc, 0xbb, 0xbc, 0x43, 0x43, 0x33, 0x43, 0x43, 0x33, 0x43, 0x43, 0xbb, 0xcb, 0xac, 0xbb,
  0xac, 0xac, 0xbb, 0xbc, 0x24, 0x33, 0x34, 0x33, 0x34, 0x34, 0x33, 0x34, 0xcb, 0xcb, 0xbb, 0xcb,
  0xcb, 0xbb, 0xcb, 0xcb, 0x33, 0x43, 0x43, 0x33, 0x24, 0x24, 0x33, 0x34, 0xac, 0xbb, 0xbc, 0xbb,
  0xbc, 0xbc, 0xbb, 0xbc, 0x43, 0x43, 0x33, 0x43, 0x43, 0x33, 0x43, 0x43, 0xbb, 0xac, 0xac, 0xbb,
  0xbc, 0xbb, 0xbc, 0xbc, 0x24, 0x33, 0x34, 0x33, 0x34, 0x34, 0x33, 0x34, 0xcb, 0xcb, 0xbb, 0xcb,
  0xcb, 0xbb, 0xcb, 0x0b, 0x40, 0xed, 0x2e, 0x00, 0x00, 0x01, 0x24, 0x24, 0x33, 0x34, 0x33, 0x34,
  0x34, 0x33, 0xbc, 0xcb, 0xcb, 0xbb, 0xcb, 0xcb, 0xbb, 0xcb, 0x33, 0x34, 0x34, 0x33, 0x34, 0x34,
  0x33, 0x34, 0xcb, 0xcb, 0xca, 0xba, 0xcb, 0xbb, 0xcb, 0xcb, 0x33, 0x24, 0x24, 0x33, 0x34, 0x33,
  0x34, 0x34, 0xcb, 0xbb, 0xac, 0xac, 0xbb, 0xbc, 0xbb, 0xbc, 0x43, 0x43, 0x33, 0x43, 0x43, 0x33,
  0x43, 0x43, 0xbb, 0xcb, 0xac, 0xbb, 0xac, 0xac, 0xbb, 0xbc, 0x24, 0x33, 0x34, 0x33, 0x34, 0x34,
  0x33, 0x34, 0xcb, 0xcb, 0xbb, 0xcb, 0xcb, 0xbb, 0xcb, 0xcb, 0x33, 0x43, 0x43, 0x33, 0x24, 0x24,
  0x33, 0x34, 0xac, 0xbb, 0xbc, 0xbb, 0xbc, 0xbc, 0xbb, 0xbc, 0x43, 0x43, 0x33, 0x43, 0x43, 0x33,
  0x43, 0x43, 0xbb, 0xac, 0xac, 0xbb, 0xbc, 0xbb, 0xbc, 0xbc, 0x24, 0x33, 0x34, 0x33, 0x34, 0x34,
  0x33, 0x34, 0xcb, 0xcb, 0xbb, 0xcb, 0xcb, 0xbb, 0xcb, 0x0b, 0x40, 0xed, 0x2e, 0x00, 0x00, 0x01,
  0x24, 0x24, 0x33, 0x34, 0x33, 0x34, 0x34, 0x33, 0xbc, 0xcb, 0xcb, 0xbb, 0xcb, 0xcb, 0xbb, 0xcb,
  0x33, 0x34, 0x34, 0x33, 0x34, 0x34, 0x33, 0x34, 0xcb, 0xcb, 0xca, 0xba, 0xcb, 0xbb, 0xcb, 0xcb,
  0x33, 0x24, 0x24, 0x33, 0x34, 0x33, 0x34, 0x34, 0xcb, 0xbb, 0xac, 0xac, 0xbb, 0xbc, 0xbb, 0xbc,
  0x43, 0x43, 0x33, 0x43, 0x43, 0x33, 0x43, 0x43, 0xbb, 0xcb, 0xac, 0xbb, 0xac, 0xac, 0xbb, 0xbc,
  0x24, 0x33, 0x34, 0x33, 0x34, 0x34, 0x33, 0x34, 0xcb, 0xcb, 0xbb, 0xcb, 0xcb, 0xbb, 0xcb, 0xcb,
  0x33, 0x43, 0x43, 0x33, 0x24, 0x24, 0x33, 0x34, 0xac, 0xbb, 0xbc, 0xbb, 0xbc, 0xbc, 0xbb, 0xbc,
  0x43, 0x43, 0x33, 0x43, 0x43, 0x33, 0x43, 0x43, 0xbb, 0xac, 0xac, 0xbb, 0xbc, 0xbb, 0xbc, 0xbc,
  0x24, 0x33, 0x34, 0x33, 0x34, 0x34, 0x33, 0x34, 0xcb, 0xcb, 0xbb, 0xcb, 0xcb, 0xbb, 0xcb, 0x0b,
  0x40, 0xed, 0x2e, 0x00, 0x00, 0x01, 0x24, 0x24, 0x33, 0x34, 0x33, 0x34, 0x34, 0x33, 0xbc, 0xcb,
  0xcb, 0xbb, 0xcb, 0xcb, 0xbb, 0xcb, 0x33, 0x34, 0x34, 0x33, 0x34, 0x34, 0x33, 0x34, 0xcb, 0xcb,
  0xca, 0xba, 0xcb, 0xbb, 0xcb, 0xcb, 0x33, 0x24, 0x24, 0x33, 0x34, 0x33, 0x34, 0x34, 0xcb, 0xbb,
  0xac, 0xac, 0xbb, 0xbc, 0xbb, 0xbc, 0x43, 0x43, 0x33, 0x43, 0x43, 0x33, 0x43, 0x43, 0xbb, 0xcb,
  0xac, 0xbb, 0xac, 0xac, 0xbb, 0xbc, 0x24, 0x33, 0x34, 0x33, 0x34, 0x34, 0x33, 0x34, 0xcb, 0xcb,
  0xbb, 0xcb, 0xcb, 0xbb, 0xcb, 0xcb, 0x33, 0x43, 0x43, 0x33, 0x24, 0x24, 0x33, 0x34, 0xac, 0xbb,
  0xbc, 0xbb, 0xbc, 0xbc, 0xbb, 0xbc, 0x43, 0x43, 0x33, 0x43, 0x43, 0x33, 0x43, 0x43, 0xbb, 0xac,
  0xac, 0xbb, 0xbc, 0xbb, 0xbc, 0xbc, 0x24, 0x33, 0x34, 0x33, 0x34, 0x34, 0x33, 0x34, 0xcb, 0xcb,
  0xbb, 0xcb, 0xcb, 0xbb, 0xcb, 0x0b, 0x40, 0xed, 0x2e, 0x00, 0x00, 0x01, 0x24, 0x24, 0x33, 0x34,
  0x33, 0x34, 0x34, 0x33, 0xbc, 0xcb, 0xcb, 0xbb, 0xcb, 0xcb, 0xbb, 0xcb, 0x33, 0x34, 0x34, 0x33,
  0x34, 0x34, 0x33, 0x34, 0xcb, 0xcb, 0xca, 0xba, 0xcb, 0xbb, 0xcb, 0xcb, 0x33, 0x24, 0x24, 0x33,
  0x34, 0x33, 0x34, 0x34, 0xcb, 0xbb, 0xac, 0xac, 0xbb, 0xbc, 0xbb, 0xbc, 0x43, 0x43, 0x33, 0x43,
  0x43, 0x33, 0x43, 0x43, 0xbb, 0xcb, 0xac, 0xbb, 0xac, 0xac, 0xbb, 0xbc, 0x24, 0x33, 0x34, 0x33,
  0x34, 0x34, 0x33, 0x34, 0xcb, 0xcb, 0xbb, 0xcb, 0xcb, 0xbb, 0xcb, 0xcb, 0x33, 0x43, 0x43, 0x33,
  0x24, 0x24, 0x33, 0x34, 0xac, 0xbb, 0xbc, 0xbb, 0xbc, 0xbc, 0xbb, 0xbc, 0x43, 0x43, 0x33, 0x43,
  0x43, 0x33, 0x43, 0x43, 0xbb, 0xac, 0xac, 0xbb, 0xbc, 0xbb, 0xbc, 0xbc, 0x24, 0x33, 0x34, 0x33,
  0x34, 0x34, 0x33, 0x34, 0xcb, 0xcb, 0xbb, 0xcb, 0xcb, 0xbb, 0xcb, 0x0b, 0x40, 0xed, 0x2e, 0x00,
  0x00, 0x01, 0x24, 0x24, 0x33, 0x34, 0x33, 0x34, 0x34, 0x33, 0xbc, 0xcb, 0xcb, 0xbb, 0xcb, 0xcb,
  0xbb, 0xcb, 0x33, 0x34, 0x34, 0x33, 0x34, 0x34, 0x33, 0x34, 0xcb, 0xcb, 0xca, 0xba, 0xcb, 0xbb,
  0xcb, 0xcb, 0x33, 0x24, 0x24, 0x33, 0x34, 0x33, 0x34, 0x34, 0xcb, 0xbb, 0xac, 0xac, 0xbb, 0xbc,
  0xbb, 0xbc, 0x43, 0x43, 0x33, 0x43, 0x43, 0x33, 0x43, 0x43, 0xbb, 0xcb, 0xac, 0xbb, 0xac, 0xac,
  0xbb, 0xbc, 0x24, 0x33, 0x34, 0x33, 0x34, 0x34, 0x33, 0x34, 0xcb, 0xcb, 0xbb, 0xcb, 0xcb, 0xbb,
  0xcb, 0xcb, 0x33, 0x43, 0x43, 0x33, 0x24, 0x24, 0x33, 0x34, 0xac, 0xbb, 0xbc, 0xbb, 0xbc, 0xbc,
  0xbb, 0xbc, 0x43, 0x43, 0x33, 0x43, 0x43, 0x33, 0x43, 0x43, 0xbb, 0xac, 0xac, 0xbb, 0xbc, 0xbb,
  0xbc, 0xbc, 0x24, 0x33, 0x34, 0x33, 0x34, 0x34, 0x33, 0x34, 0xcb, 0xcb, 0xbb, 0xcb, 0xcb, 0xbb,
  0xcb, 0x0b, 0x40, 0xed, 0x2e, 0x00, 0x00, 0x01, 0x24, 0x24, 0x33, 0x34, 0x33, 0x34, 0x34, 0x33,
  0xbc, 0xcb, 0xcb, 0xbb, 0xcb, 0xcb, 0xbb, 0xcb, 0x33, 0x34, 0x34, 0x33, 0x34, 0x34, 0x33, 0x34,
  0xcb, 0xcb, 0xca, 0xba, 0xcb, 0xbb, 0xcb, 0xcb, 0x33, 0x24, 0x24, 0x33, 0x34, 0x33, 0x34, 0x34,
  0xcb, 0xbb, 0xac, 0xac, 0xbb, 0xbc, 0xbb, 0xbc, 0x43, 0x43, 0x33, 0x43, 0x43, 0x33, 0x43, 0x43,
  0xbb, 0xcb, 0xac, 0xbb, 0xac, 0xac, 0xbb, 0xbc, 0x24, 0x33, 0x34, 0x33, 0x34, 0x34, 0x33, 0x34,
  0xcb, 0xcb, 0xbb, 0xcb, 0xcb, 0xbb, 0xcb, 0xcb, 0x33, 0x43, 0x43, 0x33, 0x24, 0x24, 0x33, 0x34,
  0xac, 0xbb, 0xbc, 0xbb, 0xbc, 0xbc, 0xbb, 0xbc, 0x43, 0x43, 0x33, 0x43, 0x43, 0x33, 0x43, 0x43,
  0xbb, 0xac, 0xac, 0xbb, 0xbc, 0xbb, 0xbc, 0xbc, 0x24, 0x33, 0x34, 0x33, 0x34, 0x34, 0x33, 0x34,
  0xcb, 0xcb, 0xbb, 0xcb, 0xcb, 0xbb, 0xcb, 0x0b, 0x40, 0xed, 0x2e, 0x00, 0x00, 0x01, 0x24, 0x24,
  0x33, 0x34, 0x33, 0x34, 0x34, 0x33, 0xbc, 0xcb, 0xcb, 0xbb, 0xcb, 0xcb, 0xbb, 0xcb, 0x33, 0x34,
  0x34, 0x33, 0x34, 0x34, 0x33, 0x34, 0xcb, 0xcb, 0xca, 0xba, 0xcb, 0xbb, 0xcb, 0xcb, 0x33, 0x24,
  0x24, 0x33, 0x34, 0x33, 0x34, 0x34, 0xcb, 0xbb, 0xac, 0xac, 0xbb, 0xbc, 0xbb, 0xbc, 0x43, 0x43,
  0x33, 0x43, 0x43, 0x33, 0x43, 0x43, 0xbb, 0xcb, 0xac, 0xbb, 0xac, 0xac, 0xbb, 0xbc, 0x24, 0x33,
  0x34, 0x33, 0x34, 0x34, 0x33, 0x34, 0xcb, 0xcb, 0xbb, 0xcb, 0xcb, 0xbb, 0xcb, 0xcb, 0x33, 0x43,
  0x43, 0x33, 0x24, 0x24, 0x33, 0x34, 0xac, 0xbb, 0xbc, 0xbb, 0xbc, 0xbc, 0xbb, 0xbc, 0x43, 0x43,
  0x33, 0x43, 0x43, 0x33, 0x43, 0x43, 0xbb, 0xac, 0xac, 0xbb, 0xbc, 0xbb, 0xbc, 0xbc, 0x24, 0x33,
  0x34, 0x33, 0x34, 0x34, 0x33, 0x34, 0xcb, 0xcb, 0xbb, 0xcb, 0xcb, 0xbb, 0xcb, 0x0b, 0x40, 0xed,
  0x2e, 0x00, 0x00, 0x01, 0x24, 0x24, 0x33, 0x34, 0x33, 0x34, 0x34, 0x33, 0xbc, 0xcb, 0xcb, 0xbb,
  0xcb, 0xcb, 0xbb, 0xcb, 0x33, 0x34, 0x34, 0x33, 0x34, 0x34, 0x33, 0x34, 0xcb, 0xcb, 0xca, 0xba,
  0xcb, 0xbb, 0xcb, 0xcb, 0x33, 0x24, 0x24, 0x33, 0x34, 0x33, 0x34, 0x34, 0xcb, 0xbb, 0xac, 0xac,
  0xbb, 0xbc, 0xbb, 0xbc, 0x43, 0x43, 0x33, 0x43, 0x43, 0x33, 0x43, 0x43, 0xbb, 0xcb, 0xac, 0xbb,
  0xac, 0xac, 0xbb, 0xbc, 0x24, 0x33, 0x34, 0x33, 0x34, 0x34, 0x33, 0x34, 0xcb, 0xcb, 0xbb, 0xcb,
  0xcb, 0xbb, 0xcb, 0xcb, 0x33, 0x43, 0x43, 0x33, 0x24, 0x24, 0x33, 0x34, 0xac, 0xbb, 0xbc, 0xbb,
  0xbc, 0xbc, 0xbb, 0xbc, 0x43, 0x43, 0x33, 0x43, 0x43, 0x33, 0x43, 0x43, 0xbb, 0xac, 0xac, 0xbb,
  0xbc, 0xbb, 0xbc, 0xbc, 0x24, 0x33, 0x34, 0x33, 0x34, 0x34, 0x33, 0x34, 0xcb, 0xcb, 0xbb, 0xcb,
  0xcb, 0xbb, 0xcb, 0x0b, 0x40, 0xed, 0x2e, 0x00, 0x00, 0x01, 0x24, 0x24, 0x33, 0x34, 0x33, 0x34,
  0x34, 0x33, 0xbc, 0xcb, 0xcb, 0xbb, 0xcb, 0xcb, 0xbb, 0xcb, 0x33, 0x34, 0x34, 0x33, 0x34, 0x34,
  0x33, 0x34, 0xcb, 0xcb, 0xca, 0xba, 0xcb, 0xbb, 0xcb, 0xcb, 0x33, 0x24, 0x24, 0x33, 0x34, 0x33,
  0x34, 0x34, 0xcb, 0xbb, 0xac, 0xac, 0xbb, 0xbc, 0xbb, 0xbc, 0x43, 0x43, 0x33, 0x43, 0x43, 0x33,
  0x43, 0x43, 0xbb, 0xcb, 0xac, 0xbb, 0xac, 0xac, 0xbb, 0xbc, 0x24, 0x33, 0x34, 0x33, 0x34, 0x34,
  0x33, 0x34, 0xcb, 0xcb, 0xbb, 0xcb, 0xcb, 0xbb, 0xcb, 0xcb, 0x33, 0x43, 0x43, 0x33, 0x24, 0x24,
  0x33, 0x34, 0xac, 0xbb, 0xbc, 0xbb, 0xbc, 0xbc, 0xbb, 0xbc, 0x43, 0x43, 0x33, 0x43, 0x43, 0x33,
  0x43, 0x43, 0xbb, 0xac, 0xac, 0xbb, 0xbc, 0xbb, 0xbc, 0xbc, 0x24, 0x33, 0x34, 0x33, 0x34, 0x34,
  0x33, 0x34, 0xcb, 0xcb, 0xbb, 0xcb, 0xcb, 0xbb, 0xcb, 0x0b, 0x40, 0xed, 0x2e, 0x00, 0x00, 0x01,
  0x24, 0x24, 0x33, 0x34, 0x33, 0x34, 0x34, 0x33, 0xbc, 0xcb, 0xcb, 0xbb, 0xcb, 0xcb, 0xbb, 0xcb,
  0x33, 0x34, 0x34, 0x33, 0x34, 0x34, 0x33, 0x34, 0xcb, 0xcb, 0xca, 0xba, 0xcb, 0xbb, 0xcb, 0xcb,
  0x33, 0x24, 0x24, 0x33, 0x34, 0x33, 0x34, 0x34, 0xcb, 0xbb, 0xac, 0xac, 0xbb, 0xbc, 0xbb, 0xbc,
  0x43, 0x43, 0x33, 0x43, 0x43, 0x33, 0x43, 0x43, 0xbb, 0xcb, 0xac, 0xbb, 0xac, 0xac, 0xbb, 0xbc,
  0x24, 0x33, 0x34, 0x33, 0x34, 0x34, 0x33, 0x34, 0xcb, 0xcb, 0xbb, 0xcb, 0xcb, 0xbb, 0xcb, 0xcb,
  0x33, 0x43, 0x43, 0x33, 0x24, 0x24, 0x33, 0x34, 0xac, 0xbb, 0xbc, 0xbb, 0xbc, 0xbc, 0xbb, 0xbc,
  0x43, 0x43, 0x33, 0x43, 0x43, 0x33, 0x43, 0x43, 0xbb, 0xac, 0xac, 0xbb, 0xbc, 0xbb, 0xbc, 0xbc,
  0x24, 0x33, 0x34, 0x33, 0x34, 0x34, 0x33, 0x34, 0xcb, 0xcb, 0xbb, 0xcb, 0xcb, 0xbb, 0xcb, 0x0b,
  0x40, 0xed, 0x2e, 0x00, 0x00, 0x01, 0x24, 0x24, 0x33, 0x34, 0x33, 0x34, 0x34, 0x33, 0xbc, 0xcb,
  0xcb, 0xbb, 0xcb, 0xcb, 0xbb, 0xcb, 0x33, 0x34, 0x34, 0x33, 0x34, 0x34, 0x33, 0x34, 0xcb, 0xcb,
  0xca, 0xba, 0xcb, 0xbb, 0xcb, 0xcb, 0x33, 0x24, 0x24, 0x33, 0x34, 0x33, 0x34, 0x34, 0xcb, 0xbb,
  0xac, 0xac, 0xbb, 0xbc, 0xbb, 0xbc, 0x43, 0x43, 0x33, 0x43, 0x43, 0x33, 0x43, 0x43, 0xbb, 0xcb,
  0xac, 0xbb, 0xac, 0xac, 0xbb, 0xbc, 0x24, 0x33, 0x34, 0x33, 0x34, 0x34, 0x33, 0x34, 0xcb, 0xcb,
  0xbb, 0xcb, 0xcb, 0xbb, 0xcb, 0xcb, 0x33, 0x43, 0x43, 0x33, 0x24, 0x24, 0x33, 0x34, 0xac, 0xbb,
  0xbc, 0xbb, 0xbc, 0xbc, 0xbb, 0xbc, 0x43, 0x43, 0x33, 0x43, 0x43, 0x33, 0x43, 0x43, 0xbb, 0xac,
  0xac, 0xbb, 0xbc, 0xbb, 0xbc, 0xbc, 0x24, 0x33, 0x34, 0x33, 0x34, 0x34, 0x33, 0x34, 0xcb, 0xcb,
  0xbb, 0xcb, 0xcb, 0xbb, 0xcb, 0x0b, 0x40, 0xed, 0x2e, 0x00, 0x00, 0x01, 0x24, 0x24, 0x33, 0x34,
  0x33, 0x34, 0x34, 0x33, 0xbc, 0xcb, 0xcb, 0xbb, 0xcb, 0xcb, 0xbb, 0xcb, 0x33, 0x34, 0x34, 0x33,
  0x34, 0x34, 0x33, 0x34, 0xcb, 0xcb, 0xca, 0xba, 0xcb, 0xbb, 0xcb, 0xcb, 0x33, 0x24, 0x24, 0x33,
  0x34, 0x33, 0x34, 0x34, 0xcb, 0xbb, 0xac, 0xac, 0xbb, 0xbc, 0xbb, 0xbc, 0x43, 0x43, 0x33, 0x43,
  0x43, 0x33, 0x43, 0x43, 0xbb, 0xcb, 0xac, 0xbb, 0xac, 0xac, 0xbb, 0xbc, 0x24, 0x33, 0x34, 0x33,
  0x34, 0x34, 0x33, 0x34, 0xcb, 0xcb, 0xbb, 0xcb, 0xcb, 0xbb, 0xcb, 0xcb, 0x33, 0x43, 0x43, 0x33,
  0x24, 0x24, 0x33, 0x34, 0xac, 0xbb, 0xbc, 0xbb, 0xbc, 0xbc, 0xbb, 0xbc, 0x43, 0x43, 0x33, 0x43,
  0x43, 0x33, 0x43, 0x43, 0xbb, 0xac, 0xac, 0xbb, 0xbc, 0xbb, 0xbc, 0xbc, 0x24, 0x33, 0x34, 0x33,
  0x34, 0x34, 0x33, 0x34, 0xcb, 0xcb, 0xbb, 0xcb, 0xcb, 0xbb, 0xcb, 0x0b, 0x40, 0xed, 0x2e, 0x00,
  0x00, 0x01, 0x24, 0x24, 0x33, 0x34, 0x33, 0x34, 0x34, 0x33, 0xbc, 0xcb, 0xcb, 0xbb, 0xcb, 0xcb,
  0xbb, 0xcb, 0x33, 0x34, 0x34, 0x33, 0x34, 0x34, 0x33, 0x34, 0xcb, 0xcb, 0xca, 0xba, 0xcb, 0xbb,
  0xcb, 0xcb, 0x33, 0x24, 0x24, 0x33, 0x34, 0x33, 0x34, 0x34, 0xcb, 0xbb, 0xac, 0xac, 0xbb, 0xbc,
  0xbb, 0xbc, 0x43, 0x43, 0x33, 0x43, 0x43, 0x33, 0x43, 0x43, 0xbb, 0xcb, 0xac, 0xbb, 0xac, 0xac,
  0xbb, 0xbc, 0x24, 0x33, 0x34, 0x33, 0x34, 0x34, 0x33, 0x34, 0xcb, 0xcb, 0xbb, 0xcb, 0xcb, 0xbb,
  0xcb, 0xcb, 0x33, 0x43, 0x43, 0x33, 0x24, 0x24, 0x33, 0x34, 0xac, 0xbb, 0xbc, 0xbb, 0xbc, 0xbc,
  0xbb, 0xbc, 0x43, 0x43, 0x33, 0x43, 0x43, 0x33, 0x43, 0x43, 0xbb, 0xac, 0xac, 0xbb, 0xbc, 0xbb,
  0xbc, 0xbc, 0x24, 0x33, 0x34, 0x33, 0x34, 0x34, 0x33, 0x34, 0xcb, 0xcb, 0xbb, 0xcb, 0xcb, 0xbb,
  0xcb, 0x0b, 0x40, 0xed, 0x2e, 0x00, 0x00, 0x01, 0x24, 0x24, 0x33, 0x34, 0x33, 0x34, 0x34, 0x33,
  0xbc, 0xcb, 0xcb, 0xbb, 0xcb, 0xcb, 0xbb, 0xcb, 0x33, 0x34, 0x34, 0x33, 0x34, 0x34, 0x33, 0x34,
  0xcb, 0xcb, 0xca, 0xba, 0xcb, 0xbb, 0xcb, 0xcb, 0x33, 0x24, 0x24, 0x33, 0x34, 0x33, 0x34, 0x34,
  0xcb, 0xbb, 0xac, 0xac, 0xbb, 0xbc, 0xbb, 0xbc, 0x43, 0x43, 0x33, 0x43, 0x43, 0x33, 0x43, 0x43,
  0xbb, 0xcb, 0xac, 0xbb, 0xac, 0xac, 0xbb, 0xbc, 0x24, 0x33, 0x34, 0x33, 0x34, 0x34, 0x33, 0x34,
  0xcb, 0xcb, 0xbb, 0xcb, 0xcb, 0xbb, 0xcb, 0xcb, 0x33, 0x43, 0x43, 0x33, 0x24, 0x24, 0x33, 0x34,
  0xac, 0xbb, 0xbc, 0xbb, 0xbc, 0xbc, 0xbb, 0xbc, 0x43, 0x43, 0x33, 0x43, 0x43, 0x33, 0x43, 0x43,
  0xbb, 0xac, 0xac, 0xbb, 0xbc, 0xbb, 0xbc, 0xbc, 0x24, 0x33, 0x34, 0x33, 0x34, 0x34, 0x33, 0x34,
  0xcb, 0xcb, 0xbb, 0xcb, 0xcb, 0xbb, 0xcb, 0x0b, 0x40, 0xed, 0x2e, 0x00, 0x00, 0x01, 0x24, 0x24,
  0x33, 0x34, 0x33, 0x34, 0x34, 0x33, 0xbc, 0xcb, 0xcb, 0xbb, 0xcb, 0xcb, 0xbb, 0xcb, 0x33, 0x34,
  0x34, 0x33, 0x34, 0x34, 0x33, 0x34, 0xcb, 0xcb, 0xca, 0xba, 0xcb, 0xbb, 0xcb, 0xcb, 0x33, 0x24,
  0x24, 0x33, 0x34, 0x33, 0x34, 0x34, 0xcb, 0xbb, 0xac, 0xac, 0xbb, 0xbc, 0xbb, 0xbc, 0x43, 0x43,
  0x33, 0x43, 0x43, 0x33, 0x43, 0x43, 0xbb, 0xcb, 0xac, 0xbb, 0xac, 0xac, 0xbb, 0xbc, 0x24, 0x33,
  0x34, 0x33, 0x34, 0x34, 0x33, 0x34, 0xcb, 0xcb, 0xbb, 0xcb, 0xcb, 0xbb, 0xcb, 0xcb, 0x33, 0x43,
  0x43, 0x33, 0x24, 0x24, 0x33, 0x34, 0xac, 0xbb, 0xbc, 0xbb, 0xbc, 0xbc, 0xbb, 0xbc, 0x43, 0x43,
  0x33, 0x43, 0x43, 0x33, 0x43, 0x43, 0xbb, 0xac, 0xac, 0xbb, 0xbc, 0xbb, 0xbc, 0xbc, 0x24, 0x33,
  0x34, 0x33, 0x34, 0x34, 0x33, 0x34, 0xcb, 0xcb, 0xbb, 0xcb, 0xcb, 0xbb, 0xcb, 0x0b, 0x40, 0xed,
  0x2e, 0x00, 0x00, 0x01, 0x24, 0x24, 0x33, 0x34, 0x33, 0x34, 0x34, 0x33, 0xbc, 0xcb, 0xcb, 0xbb,
  0xcb, 0xcb, 0xbb, 0xcb, 0x33, 0x34, 0x34, 0x33, 0x34, 0x34, 0x33, 0x34, 0xcb, 0xcb, 0xca, 0xba,
  0xcb, 0xbb, 0xcb, 0xcb, 0x33, 0x24, 0x24, 0x33, 0x34, 0x33, 0x34, 0x34, 0xcb, 0xbb, 0xac, 0xac,
  0xbb, 0xbc, 0xbb, 0xbc, 0x43, 0x43, 0x33, 0x43, 0x43, 0x33, 0x43, 0x43, 0xbb, 0xcb, 0xac, 0xbb,
  0xac, 0xac, 0xbb, 0xbc, 0x24, 0x33, 0x34, 0x33, 0x34, 0x34, 0x33, 0x34, 0xcb, 0xcb, 0xbb, 0xcb,
  0xcb, 0xbb, 0xcb, 0xcb, 0x33, 0x43, 0x43, 0x33, 0x24, 0x24, 0x33, 0x34, 0xac, 0xbb, 0xbc, 0xbb,
  0xbc, 0xbc, 0xbb, 0xbc, 0x43, 0x43, 0x33, 0x43, 0x43, 0x33, 0x43, 0x43, 0xbb, 0xac, 0xac, 0xbb,
  0xbc, 0xbb, 0xbc, 0xbc, 0x24, 0x33, 0x34, 0x33, 0x34, 0x34, 0x33, 0x34, 0xcb, 0xcb, 0xbb, 0xcb,
  0xcb, 0xbb, 0xcb, 0x0b, 0x40, 0xed, 0x2e, 0x00, 0x00, 0x01, 0x24, 0x24, 0x33, 0x34, 0x33, 0x34,
  0x34, 0x33, 0xbc, 0xcb, 0xcb, 0xbb, 0xcb, 0xcb, 0xbb, 0xcb, 0x33, 0x34, 0x34, 0x33, 0x34, 0x34,
  0x33, 0x34, 0xcb, 0xcb, 0xca, 0xba, 0xcb, 0xbb, 0xcb, 0xcb, 0x33, 0x24, 0x24, 0x33, 0x34, 0x33,
  0x34, 0x34, 0xcb, 0xbb, 0xac, 0xac, 0xbb, 0xbc, 0xbb, 0xbc, 0x43, 0x43, 0x33, 0x43, 0x43, 0x33,
  0x43, 0x43, 0xbb, 0xcb, 0xac, 0xbb, 0xac, 0xac, 0xbb, 0xbc, 0x24, 0x33, 0x34, 0x33, 0x34, 0x34,
  0x33, 0x34, 0xcb, 0xcb, 0xbb, 0xcb, 0xcb, 0xbb, 0xcb, 0xcb, 0x33, 0x43, 0x43, 0x33, 0x24, 0x24,
  0x33, 0x34, 0xac, 0xbb, 0xbc, 0xbb, 0xbc, 0xbc, 0xbb, 0xbc, 0x43, 0x43, 0x33, 0x43, 0x43, 0x33,
  0x43, 0x43, 0xbb, 0xac, 0xac, 0xbb, 0xbc, 0xbb, 0xbc, 0xbc, 0x24, 0x33, 0x34, 0x33, 0x34, 0x34,
  0x33, 0x34, 0xcb, 0xcb, 0xbb, 0xcb, 0xcb, 0xbb, 0xcb, 0x0b, 0x40, 0xed, 0x2e, 0x00, 0x00, 0x01,
  0x24, 0x24, 0x33, 0x34, 0x33, 0x34, 0x34, 0x33, 0xbc, 0xcb, 0xcb, 0xbb, 0xcb, 0xcb, 0xbb, 0xcb,
  0x33, 0x34, 0x34, 0x33, 0x34, 0x34, 0x33, 0x34, 0xcb, 0xcb, 0xca, 0xba, 0xcb, 0xbb, 0xcb, 0xcb,
  0x33, 0x24, 0x24, 0x33, 0x34, 0x33, 0x34, 0x34, 0xcb, 0xbb, 0xac, 0xac, 0xbb, 0xbc, 0xbb, 0xbc,
  0x43, 0x43, 0x33, 0x43, 0x43, 0x33, 0x43, 0x43, 0xbb, 0xcb, 0xac, 0xbb, 0xac, 0xac, 0xbb, 0xbc,
  0x24, 0x33, 0x34, 0x33, 0x34, 0x34, 0x33, 0x34, 0xcb, 0xcb, 0xbb, 0xcb, 0xcb, 0xbb, 0xcb, 0xcb,
  0x33, 0x43, 0x43, 0x33, 0x24, 0x24, 0x33, 0x34, 0xac, 0xbb, 0xbc, 0xbb, 0xbc, 0xbc, 0xbb, 0xbc,
  0x43, 0x43, 0x33, 0x43, 0x43, 0x33, 0x43, 0x43, 0xbb, 0xac, 0xac, 0xbb, 0xbc, 0xbb, 0xbc, 0xbc,
  0x24, 0x33, 0x34, 0x33, 0x34, 0x34, 0x33, 0x34, 0xcb, 0xcb, 0xbb, 0xcb, 0xcb, 0xbb, 0xcb, 0x0b,
  0x40, 0xed, 0x2e, 0x00, 0x00, 0x01, 0x24, 0x24, 0x33, 0x34, 0x33, 0x34, 0x34, 0x33, 0xbc, 0xcb,
  0xcb, 0xbb, 0xcb, 0xcb, 0xbb, 0xcb, 0x33, 0x34, 0x34, 0x33, 0x34, 0x34, 0x33, 0x34, 0xcb, 0xcb,
  0xca, 0xba, 0xcb, 0xbb, 0xcb, 0xcb, 0x33, 0x24, 0x24, 0x33, 0x34, 0x33, 0x34, 0x34, 0xcb, 0xbb,
  0xac, 0xac, 0xbb, 0xbc, 0xbb, 0xbc, 0x43, 0x43, 0x33, 0x43, 0x43, 0x33, 0x43, 0x43, 0xbb, 0xcb,
  0xac, 0xbb, 0xac, 0xac, 0xbb, 0xbc, 0x24, 0x33, 0x34, 0x33, 0x34, 0x34, 0x33, 0x34, 0xcb, 0xcb,
  0xbb, 0xcb, 0xcb, 0xbb, 0xcb, 0xcb, 0x33, 0x43, 0x43, 0x33, 0x24, 0x24, 0x33, 0x34, 0xac, 0xbb,
  0xbc, 0xbb, 0xbc, 0xbc, 0xbb, 0xbc, 0x43, 0x43, 0x33, 0x43, 0x43, 0x33, 0x43, 0x43, 0xbb, 0xac,
  0xac, 0xbb, 0xbc, 0xbb, 0xbc, 0xbc, 0x24, 0x33, 0x34, 0x33, 0x34, 0x34, 0x33, 0x34, 0xcb, 0xcb,
  0xbb, 0xcb, 0xcb, 0xbb, 0xcb, 0x0b, 0x40, 0xed, 0x2e, 0x00, 0x00, 0x01, 0x24, 0x24, 0x33, 0x34,
  0x33, 0x34, 0x34, 0x33, 0xbc, 0xcb, 0xcb, 0xbb, 0xcb, 0xcb, 0xbb, 0xcb, 0x33, 0x34, 0x34, 0x33,
  0x34, 0x34, 0x33, 0x34, 0xcb, 0xcb, 0xca, 0xba, 0xcb, 0xbb, 0xcb, 0xcb, 0x33, 0x24, 0x24, 0x33,
  0x34, 0x33, 0x34, 0x34, 0xcb, 0xbb, 0xac, 0xac, 0xbb, 0xbc, 0xbb, 0xbc, 0x43, 0x43, 0x33, 0x43,
  0x43, 0x33, 0x43, 0x43, 0xbb, 0xcb, 0xac, 0xbb, 0xac, 0xac, 0xbb, 0xbc, 0x24, 0x33, 0x34, 0x33,
  0x34, 0x34, 0x33, 0x34, 0xcb, 0xcb, 0xbb, 0xcb, 0xcb, 0xbb, 0xcb, 0xcb, 0x33, 0x43, 0x43, 0x33,
  0x24, 0x24, 0x33, 0x34, 0xac, 0xbb, 0xbc, 0xbb, 0xbc, 0xbc, 0xbb, 0xbc, 0x43, 0x43, 0x33, 0x43,
  0x43, 0x33, 0x43, 0x43, 0xbb, 0xac, 0xac, 0xbb, 0xbc, 0xbb, 0xbc, 0xbc, 0x24, 0x33, 0x34, 0x33,
  0x34, 0x34, 0x33, 0x34, 0xcb, 0xcb, 0xbb, 0xcb, 0xcb, 0xbb, 0xcb, 0x0b, 0x40, 0xed, 0x2e, 0x00,
  0x00, 0x01, 0x24, 0x24, 0x33, 0x34, 0x33, 0x34, 0x34, 0x33, 0xbc, 0xcb, 0xcb, 0xbb, 0xcb, 0xcb,
  0xbb, 0xcb, 0x33, 0x34, 0x34, 0x33, 0x34, 0x34, 0x33, 0x34, 0xcb, 0xcb, 0xca, 0xba, 0xcb, 0xbb,
  0xcb, 0xcb, 0x33, 0x24, 0x24, 0x33, 0x34, 0x33, 0x34, 0x34, 0xcb, 0xbb, 0xac, 0xac, 0xbb, 0xbc,
  0xbb, 0xbc, 0x43, 0x43, 0x33, 0x43, 0x43, 0x33, 0x43, 0x43, 0xbb, 0xcb, 0xac, 0xbb, 0xac, 0xac,
  0xbb, 0xbc, 0x24, 0x33, 0x34, 0x33, 0x34, 0x34, 0x33, 0x34, 0xcb, 0xcb, 0xbb, 0xcb, 0xcb, 0xbb,
  0xcb, 0xcb, 0x33, 0x43, 0x43, 0x33, 0x24, 0x24, 0x33, 0x34, 0xac, 0xbb, 0xbc, 0xbb, 0xbc, 0xbc,
  0xbb, 0xbc, 0x43, 0x43, 0x33, 0x43, 0x43, 0x33, 0x43, 0x43, 0xbb, 0xac, 0xac, 0xbb, 0xbc, 0xbb,
  0xbc, 0xbc, 0x24, 0x33, 0x34, 0x33, 0x34, 0x34, 0x33, 0x34, 0xcb, 0xcb, 0xbb, 0xcb, 0xcb, 0xbb,
  0xcb, 0x0b, 0x40, 0xed, 0x2e, 0x00, 0x00, 0x01, 0x24, 0x24, 0x33, 0x34, 0x33, 0x34, 0x34, 0x33,
  0xbc, 0xcb, 0xcb, 0xbb, 0xcb, 0xcb, 0xbb, 0xcb, 0x33, 0x34, 0x34, 0x33, 0x34, 0x34, 0x33, 0x34,
  0xcb, 0xcb, 0xca, 0xba, 0xcb, 0xbb, 0xcb, 0xcb, 0x33, 0x24, 0x24, 0x33, 0x34, 0x33, 0x34, 0x34,
  0xcb, 0xbb, 0xac, 0xac, 0xbb, 0xbc, 0xbb, 0xbc, 0x43, 0x43, 0x33, 0x43, 0x43, 0x33, 0x43, 0x43,
  0xbb, 0xcb, 0xac, 0xbb, 0xac, 0xac, 0xbb, 0xbc, 0x24, 0x33, 0x34, 0x33, 0x34, 0x34, 0x33, 0x34,
  0xcb, 0xcb, 0xbb, 0xcb, 0xcb, 0xbb, 0xcb, 0xcb, 0x33, 0x43, 0x43, 0x33, 0x24, 0x24, 0x33, 0x34,
  0xac, 0xbb, 0xbc, 0xbb, 0xbc, 0xbc, 0xbb, 0xbc, 0x43, 0x43, 0x33, 0x43, 0x43, 0x33, 0x43, 0x43,
  0xbb, 0xac, 0xac, 0xbb, 0xbc, 0xbb, 0xbc, 0xbc, 0x24, 0x33, 0x34, 0x33, 0x34, 0x34, 0x33, 0x34,
  0xcb, 0xcb, 0xbb, 0xcb, 0xcb, 0xbb, 0xcb, 0x0b, 0x40, 0xed, 0x2e, 0x00, 0x00, 0x01, 0x24, 0x24,
  0x33, 0x34, 0x33, 0x34, 0x34, 0x33, 0xbc, 0xcb, 0xcb, 0xbb, 0xcb, 0xcb, 0xbb, 0xcb, 0x33, 0x34,
  0x34, 0x33, 0x34, 0x34, 0x33, 0x34, 0xcb, 0xcb, 0xca, 0xba, 0xcb, 0xbb, 0xcb, 0xcb, 0x33, 0x24,
  0x24, 0x33, 0x34, 0x33, 0x34, 0x34, 0xcb, 0xbb, 0xac, 0xac, 0xbb, 0xbc, 0xbb, 0xbc, 0x43, 0x43,
  0x33, 0x43, 0x43, 0x33, 0x43, 0x43, 0xbb, 0xcb, 0xac, 0xbb, 0xac, 0xac, 0xbb, 0xbc, 0x24, 0x33,
  0x34, 0x33, 0x34, 0x34, 0x33, 0x34, 0xcb, 0xcb, 0xbb, 0xcb, 0xcb, 0xbb, 0xcb, 0xcb, 0x33, 0x43,
  0x43, 0x33, 0x24, 0x24, 0x33, 0x34, 0xac, 0xbb, 0xbc, 0xbb, 0xbc, 0xbc, 0xbb, 0xbc, 0x43, 0x43,
  0x33, 0x43, 0x43, 0x33, 0x43, 0x43, 0xbb, 0xac, 0xac, 0xbb, 0xbc, 0xbb, 0xbc, 0xbc, 0x24, 0x33,
  0x34, 0x33, 0x34, 0x34, 0x33, 0x34, 0xcb, 0xcb, 0xbb, 0xcb, 0xcb, 0xbb, 0xcb, 0x0b, 0x40, 0xed,
  0x2e, 0x00, 0x00, 0x01, 0x24, 0x24, 0x33, 0x34, 0x33, 0x34, 0x34, 0x33, 0xbc, 0xcb, 0xcb, 0xbb,
  0xcb, 0xcb, 0xbb, 0xcb, 0x33, 0x34, 0x34, 0x33, 0x34, 0x34, 0x33, 0x34, 0xcb, 0xcb, 0xca, 0xba,
  0xcb, 0xbb, 0xcb, 0xcb, 0x33, 0x24, 0x24, 0x33, 0x34, 0x33, 0x34, 0x34, 0xcb, 0xbb, 0xac, 0xac,
  0xbb, 0xbc, 0xbb, 0xbc, 0x43, 0x43, 0x33, 0x43, 0x43, 0x33, 0x43, 0x43, 0xbb, 0xcb, 0xac, 0xbb,
  0xac, 0xac, 0xbb, 0xbc, 0x24, 0x33, 0x34, 0x33, 0x34, 0x34, 0x33, 0x34, 0xcb, 0xcb, 0xbb, 0xcb,
  0xcb, 0xbb, 0xcb, 0xcb, 0x33, 0x43, 0x43, 0x33, 0x24, 0x24, 0x33, 0x34, 0xac, 0xbb, 0xbc, 0xbb,
  0xbc, 0xbc, 0xbb, 0xbc, 0x43, 0x43, 0x33, 0x43, 0x43, 0x33, 0x43, 0x43, 0xbb, 0xac, 0xac, 0xbb,
  0xbc, 0xbb, 0xbc, 0xbc, 0x24, 0x33, 0x34, 0x33, 0x34, 0x34, 0x33, 0x34, 0xcb, 0xcb, 0xbb, 0xcb,
  0xcb, 0xbb, 0xcb, 0x0b, 0x40, 0xed, 0x2e, 0x00, 0x00, 0x01, 0x24, 0x24, 0x33, 0x34, 0x33, 0x34,
  0x34, 0x33, 0xbc, 0xcb, 0xcb, 0xbb, 0xcb, 0xcb, 0xbb, 0xcb, 0x33, 0x34, 0x34, 0x33, 0x34, 0x34,
  0x33, 0x34, 0xcb, 0xcb, 0xca, 0xba, 0xcb, 0xbb, 0xcb, 0xcb, 0x33, 0x24, 0x24, 0x33, 0x34, 0x33,
  0x34, 0x34, 0xcb, 0xbb, 0xac, 0xac, 0xbb, 0xbc, 0xbb, 0xbc, 0x43, 0x43, 0x33, 0x43, 0x43, 0x33,
  0x43, 0x43, 0xbb, 0xcb, 0xac, 0xbb, 0xac, 0xac, 0xbb, 0xbc, 0x24, 0x33, 0x34, 0x33, 0x34, 0x34,
  0x33, 0x34, 0xcb, 0xcb, 0xbb, 0xcb, 0xcb, 0xbb, 0xcb, 0xcb, 0x33, 0x43, 0x43, 0x33, 0x24, 0x24,
  0x33, 0x34, 0xac, 0xbb, 0xbc, 0xbb, 0xbc, 0xbc, 0xbb, 0xbc, 0x43, 0x43, 0x33, 0x43, 0x43, 0x33,
  0x43, 0x43, 0xbb, 0xac, 0xac, 0xbb, 0xbc, 0xbb, 0xbc, 0xbc, 0x24, 0x33, 0x34, 0x33, 0x34, 0x34,
  0x33, 0x34, 0xcb, 0xcb, 0xbb, 0xcb, 0xcb, 0xbb, 0xcb, 0x0b, 0x40, 0xed, 0x2e, 0x00, 0x00, 0x01,
  0x24, 0x24, 0x33, 0x34, 0x33, 0x34, 0x34, 0x33, 0xbc, 0xcb, 0xcb, 0xbb, 0xcb, 0xcb, 0xbb, 0xcb,
  0x33, 0x34, 0x34, 0x33, 0x34, 0x34, 0x33, 0x34, 0xcb, 0xcb, 0xca, 0xba, 0xcb, 0xbb, 0xcb, 0xcb,
  0x33, 0x24, 0x24, 0x33, 0x34, 0x33, 0x34, 0x34, 0xcb, 0xbb, 0xac, 0xac, 0xbb, 0xbc, 0xbb, 0xbc,
  0x43, 0x43, 0x33, 0x43, 0x43, 0x33, 0x43, 0x43, 0xbb, 0xcb, 0xac, 0xbb, 0xac, 0xac, 0xbb, 0xbc,
  0x24, 0x33, 0x34, 0x33, 0x34, 0x34, 0x33, 0x34, 0xcb, 0xcb, 0xbb, 0xcb, 0xcb, 0xbb, 0xcb, 0xcb,
  0x33, 0x43, 0x43, 0x33, 0x24, 0x24, 0x33, 0x34, 0xac, 0xbb, 0xbc, 0xbb, 0xbc, 0xbc, 0xbb, 0xbc,
  0x43, 0x43, 0x33, 0x43, 0x43, 0x33, 0x43, 0x43, 0xbb, 0xac, 0xac, 0xbb, 0xbc, 0xbb, 0xbc, 0xbc,
  0x24, 0x33, 0x34, 0x33, 0x34, 0x34, 0x33, 0x34, 0xcb, 0xcb, 0xbb, 0xcb, 0xcb, 0xbb, 0xcb, 0x0b,
  0x40, 0xed, 0x2e, 0x00, 0x00, 0x01, 0x24, 0x24, 0x33, 0x34, 0x33, 0x34, 0x34, 0x33, 0xbc, 0xcb,
  0xcb, 0xbb, 0xcb, 0xcb, 0xbb, 0xcb, 0x33, 0x34, 0x34, 0x33, 0x34, 0x34, 0x33, 0x34, 0xcb, 0xcb,
  0xca, 0xba, 0xcb, 0xbb, 0xcb, 0xcb, 0x33, 0x24, 0x24, 0x33, 0x34, 0x33, 0x34, 0x34, 0xcb, 0xbb,
  0xac, 0xac, 0xbb, 0xbc, 0xbb, 0xbc, 0x43, 0x43, 0x33, 0x43, 0x43, 0x33, 0x43, 0x43, 0xbb, 0xcb,
  0xac, 0xbb, 0xac, 0xac, 0xbb, 0xbc, 0x24, 0x33, 0x34, 0x33, 0x34, 0x34, 0x33, 0x34, 0xcb, 0xcb,
  0xbb, 0xcb, 0xcb, 0xbb, 0xcb, 0xcb, 0x33, 0x43, 0x43, 0x33, 0x24, 0x24, 0x33, 0x34, 0xac, 0xbb,
  0xbc, 0xbb, 0xbc, 0xbc, 0xbb, 0xbc, 0x43, 0x43, 0x33, 0x43, 0x43, 0x33, 0x43, 0x43, 0xbb, 0xac,
  0xac, 0xbb, 0xbc, 0xbb, 0xbc, 0xbc, 0x24, 0x33, 0x34, 0x33, 0x34, 0x34, 0x33, 0x34, 0xcb, 0xcb,
  0xbb, 0xcb, 0xcb, 0xbb, 0xcb, 0x0b, 0x40, 0xed, 0x2e, 0x00, 0x00, 0x01, 0x24, 0x24, 0x33, 0x34,
  0x33, 0x34, 0x34, 0x33, 0xbc, 0xcb, 0xcb, 0xbb, 0xcb, 0xcb, 0xbb, 0xcb, 0x33, 0x34, 0x34, 0x33,
  0x34, 0x34, 0x33, 0x34, 0xcb, 0xcb, 0xca, 0xba, 0xcb, 0xbb, 0xcb, 0xcb, 0x33, 0x24, 0x24, 0x33,
  0x34, 0x33, 0x34, 0x34, 0xcb, 0xbb, 0xac, 0xac, 0xbb, 0xbc, 0xbb, 0xbc, 0x43, 0x43, 0x33, 0x43,
  0x43, 0x33, 0x43, 0x43, 0xbb, 0xcb, 0xac, 0xbb, 0xac, 0xac, 0xbb, 0xbc, 0x24, 0x33, 0x34, 0x33,
  0x34, 0x34, 0x33, 0x34, 0xcb, 0xcb, 0xbb, 0xcb, 0xcb, 0xbb, 0xcb, 0xcb, 0x33, 0x43, 0x43, 0x33,
  0x24, 0x24, 0x33, 0x34, 0xac, 0xbb, 0xbc, 0xbb, 0xbc, 0xbc, 0xbb, 0xbc, 0x43, 0x43, 0x33, 0x43,
  0x43, 0x33, 0x43, 0x43, 0xbb, 0xac, 0xac, 0xbb, 0xbc, 0xbb, 0xbc, 0xbc, 0x24, 0x33, 0x34, 0x33,
  0x34, 0x34, 0x33, 0x34, 0xcb, 0xcb, 0xbb, 0xcb, 0xcb, 0xbb, 0xcb, 0x0b, 0x40, 0xed, 0x2e, 0x00,
  0x00, 0x01, 0x24, 0x24, 0x33, 0x34, 0x33, 0x34, 0x34, 0x33, 0xbc, 0xcb, 0xcb, 0xbb, 0xcb, 0xcb,
  0xbb, 0xcb, 0x33, 0x34, 0x34, 0x33, 0x34, 0x34, 0x33, 0x34, 0xcb, 0xcb, 0xca, 0xba, 0xcb, 0xbb,
  0xcb, 0xcb, 0x33, 0x24, 0x24, 0x33, 0x34, 0x33, 0x34, 0x34, 0xcb, 0xbb, 0xac, 0xac, 0xbb, 0xbc,
  0xbb, 0xbc, 0x43, 0x43, 0x33, 0x43, 0x43, 0x33, 0x43, 0x43, 0xbb, 0xcb, 0xac, 0xbb, 0xac, 0xac,
  0xbb, 0xbc, 0x24, 0x33, 0x34, 0x33, 0x34, 0x34, 0x33, 0x34, 0xcb, 0xcb, 0xbb, 0xcb, 0xcb, 0xbb,
  0xcb, 0xcb, 0x33, 0x43, 0x43, 0x33, 0x24, 0x24, 0x33, 0x34, 0xac, 0xbb, 0xbc, 0xbb, 0xbc, 0xbc,
  0xbb, 0xbc, 0x43, 0x43, 0x33, 0x43, 0x43, 0x33, 0x43, 0x43, 0xbb, 0xac, 0xac, 0xbb, 0xbc, 0xbb,
  0xbc, 0xbc, 0x24, 0x33, 0x34, 0x33, 0x34, 0x34, 0x33, 0x34, 0xcb, 0xcb, 0xbb, 0xcb, 0xcb, 0xbb,
  0xcb, 0x0b, 0x40, 0xed, 0x2e, 0x00, 0x00, 0x01, 0x24, 0x24, 0x33, 0x34, 0x33, 0x34, 0x34, 0x33,
  0xbc, 0xcb, 0xcb, 0xbb, 0xcb, 0xcb, 0xbb, 0xcb, 0x33, 0x34, 0x34, 0x33, 0x34, 0x34, 0x33, 0x34,
  0xcb, 0xcb, 0xca, 0xba, 0xcb, 0xbb, 0xcb, 0xcb, 0x33, 0x24, 0x24, 0x33, 0x34, 0x33, 0x34, 0x34,
  0xcb, 0xbb, 0xac, 0xac, 0xbb, 0xbc, 0xbb, 0xbc, 0x43, 0x43, 0x33, 0x43, 0x43, 0x33, 0x43, 0x43,
  0xbb, 0xcb, 0xac, 0xbb, 0xac, 0xac, 0xbb, 0xbc, 0x24, 0x33, 0x34, 0x33, 0x34, 0x34, 0x33, 0x34,
  0xcb, 0xcb, 0xbb, 0xcb, 0xcb, 0xbb, 0xcb, 0xcb, 0x33, 0x43, 0x43, 0x33, 0x24, 0x24, 0x33, 0x34,
  0xac, 0xbb, 0xbc, 0xbb, 0xbc, 0xbc, 0xbb, 0xbc, 0x43, 0x43, 0x33, 0x43, 0x43, 0x33, 0x43, 0x43,
  0xbb, 0xac, 0xac, 0xbb, 0xbc, 0xbb, 0xbc, 0xbc, 0x24, 0x33, 0x34, 0x33, 0x34, 0x34, 0x33, 0x34,
  0xcb, 0xcb, 0xbb, 0xcb, 0xcb, 0xbb, 0xcb, 0x0b, 0x40, 0xed, 0x2e, 0x00, 0x00, 0x01, 0x24, 0x24,
  0x33, 0x34, 0x33, 0x34, 0x34, 0x33, 0xbc, 0xcb, 0xcb, 0xbb, 0xcb, 0xcb, 0xbb, 0xcb, 0x33, 0x34,
  0x34, 0x33, 0x34, 0x34, 0x33, 0x34, 0xcb, 0xcb, 0xca, 0xba, 0xcb, 0xbb, 0xcb, 0xcb, 0x33, 0x24,
  0x24, 0x33, 0x34, 0x33, 0x34, 0x34, 0xcb, 0xbb, 0xac, 0xac, 0xbb, 0xbc, 0xbb, 0xbc, 0x43, 0x43,
  0x33, 0x43, 0x43, 0x33, 0x43, 0x43, 0xbb, 0xcb, 0xac, 0xbb, 0xac, 0xac, 0xbb, 0xbc, 0x24, 0x33,
  0x34, 0x33, 0x34, 0x34, 0x33, 0x34, 0xcb, 0xcb, 0xbb, 0xcb, 0xcb, 0xbb, 0xcb, 0xcb, 0x33, 0x43,
  0x43, 0x33, 0x24, 0x24, 0x33, 0x34, 0xac, 0xbb, 0xbc, 0xbb, 0xbc, 0xbc, 0xbb, 0xbc, 0x43, 0x43,
  0x33, 0x43, 0x43, 0x33, 0x43, 0x43, 0xbb, 0xac, 0xac, 0xbb, 0xbc, 0xbb, 0xbc, 0xbc, 0x24, 0x33,
  0x34, 0x33, 0x34, 0x34, 0x33, 0x34, 0xcb, 0xcb, 0xbb, 0xcb, 0xcb, 0xbb, 0xcb, 0x0b, 0x40, 0xed,
  0x2e, 0x00, 0x00, 0x01, 0x24, 0x24, 0x33, 0x34, 0x33, 0x34, 0x34, 0x33, 0xbc, 0xcb, 0xcb, 0xbb,
  0xcb, 0xcb, 0xbb, 0xcb, 0x33, 0x34, 0x34, 0x33, 0x34, 0x34, 0x33, 0x34, 0xcb, 0xcb, 0xca, 0xba,
  0xcb, 0xbb, 0xcb, 0xcb, 0x33, 0x24, 0x24, 0x33, 0x34, 0x33, 0x34, 0x34, 0xcb, 0xbb, 0xac, 0xac,
  0xbb, 0xbc, 0xbb, 0xbc, 0x43, 0x43, 0x33, 0x43, 0x43, 0x33, 0x43, 0x43, 0xbb, 0xcb, 0xac, 0xbb,
  0xac, 0xac, 0xbb, 0xbc, 0x24, 0x33, 0x34, 0x33, 0x34, 0x34, 0x33, 0x34, 0xcb, 0xcb, 0xbb, 0xcb,
  0xcb, 0xbb, 0xcb, 0xcb, 0x33, 0x43, 0x43, 0x33, 0x24, 0x24, 0x33, 0x34, 0xac, 0xbb, 0xbc, 0xbb,
  0xbc, 0xbc, 0xbb, 0xbc, 0x43, 0x43, 0x33, 0x43, 0x43, 0x33, 0x43, 0x43, 0xbb, 0xac, 0xac, 0xbb,
  0xbc, 0xbb, 0xbc, 0xbc, 0x24, 0x33, 0x34, 0x33, 0x34, 0x34, 0x33, 0x34, 0xcb, 0xcb, 0xbb, 0xcb,
  0xcb, 0xbb, 0xcb, 0x0b, 0x40, 0xed, 0x2e, 0x00, 0x00, 0x01, 0x24, 0x24, 0x33, 0x34, 0x33, 0x34,
  0x34, 0x33, 0xbc, 0xcb, 0xcb, 0xbb, 0xcb, 0xcb, 0xbb, 0xcb, 0x33, 0x34, 0x34, 0x33, 0x34, 0x34,
  0x33, 0x34, 0xcb, 0xcb, 0xca, 0xba, 0xcb, 0xbb, 0xcb, 0xcb, 0x33, 0x24, 0x24, 0x33, 0x34, 0x33,
  0x34, 0x34, 0xcb, 0xbb, 0xac, 0xac, 0xbb, 0xbc, 0xbb, 0xbc, 0x43, 0x43, 0x33, 0x43, 0x43, 0x33,
  0x43, 0x43, 0xbb, 0xcb, 0xac, 0xbb, 0xac, 0xac, 0xbb, 0xbc, 0x24, 0x33, 0x34, 0x33, 0x34, 0x34,
  0x33, 0x34, 0xcb, 0xcb, 0xbb, 0xcb, 0xcb, 0xbb, 0xcb, 0xcb, 0x33, 0x43, 0x43, 0x33, 0x24, 0x24,
  0x33, 0x34, 0xac, 0xbb, 0xbc, 0xbb, 0xbc, 0xbc, 0xbb, 0xbc, 0x43, 0x43, 0x33, 0x43, 0x43, 0x33,
  0x43, 0x43, 0xbb, 0xac, 0xac, 0xbb, 0xbc, 0xbb, 0xbc, 0xbc, 0x24, 0x33, 0x34, 0x33, 0x34, 0x34,
  0x33, 0x34, 0xcb, 0xcb, 0xbb, 0xcb, 0xcb, 0xbb, 0xcb, 0x0b, 0x40, 0xed, 0x2e, 0x00, 0x00, 0x01,
  0x24, 0x24, 0x33, 0x34, 0x33, 0x34, 0x34, 0x33, 0xbc, 0xcb, 0xcb, 0xbb, 0xcb, 0xcb, 0xbb, 0xcb,
  0x33, 0x34, 0x34, 0x33, 0x34, 0x34, 0x33, 0x34, 0xcb, 0xcb, 0xca, 0xba, 0xcb, 0xbb, 0xcb, 0xcb,
  0x33, 0x24, 0x24, 0x33, 0x34, 0x33, 0x34, 0x34, 0xcb, 0xbb, 0xac, 0xac, 0xbb, 0xbc, 0xbb, 0xbc,
  0x43, 0x43, 0x33, 0x43, 0x43, 0x33, 0x43, 0x43, 0xbb, 0xcb, 0xac, 0xbb, 0xac, 0xac, 0xbb, 0xbc,
  0x24, 0x33, 0x34, 0x33, 0x34, 0x34, 0x33, 0x34, 0xcb, 0xcb, 0xbb, 0xcb, 0xcb, 0xbb, 0xcb, 0xcb,
  0x33, 0x43, 0x43, 0x33, 0x24, 0x24, 0x33, 0x34, 0xac, 0xbb, 0xbc, 0xbb, 0xbc, 0xbc, 0xbb, 0xbc,
  0x43, 0x43, 0x33, 0x43, 0x43, 0x33, 0x43, 0x43, 0xbb, 0xac, 0xac, 0xbb, 0xbc, 0xbb, 0xbc, 0xbc,
  0x24, 0x33, 0x34, 0x33, 0x34, 0x34, 0x33, 0x34, 0xcb, 0xcb, 0xbb, 0xcb, 0xcb, 0xbb, 0xcb, 0x0b,
  0x40, 0xed, 0x2e, 0x00, 0x00, 0x01, 0x24, 0x24, 0x33, 0x34, 0x33, 0x34, 0x34, 0x33, 0xbc, 0xcb,
  0xcb, 0xbb, 0xcb, 0xcb, 0xbb, 0xcb, 0x33, 0x34, 0x34, 0x33, 0x34, 0x34, 0x33, 0x34, 0xcb, 0xcb,
  0xca, 0xba, 0xcb, 0xbb, 0xcb, 0xcb, 0x33, 0x24, 0x24, 0x33, 0x34, 0x33, 0x34, 0x34, 0xcb, 0xbb,
  0xac, 0xac, 0xbb, 0xbc, 0xbb, 0xbc, 0x43, 0x43, 0x33, 0x43, 0x43, 0x33, 0x43, 0x43, 0xbb, 0xcb,
  0xac, 0xbb, 0xac, 0xac, 0xbb, 0xbc, 0x24, 0x33, 0x34, 0x33, 0x34, 0x34, 0x33, 0x34, 0xcb, 0xcb,
  0xbb, 0xcb, 0xcb, 0xbb, 0xcb, 0xcb, 0x33, 0x43, 0x43, 0x33, 0x24, 0x24, 0x33, 0x34, 0xac, 0xbb,
  0xbc, 0xbb, 0xbc, 0xbc, 0xbb, 0xbc, 0x43, 0x43, 0x33, 0x43, 0x43, 0x33, 0x43, 0x43, 0xbb, 0xac,
  0xac, 0xbb, 0xbc, 0xbb, 0xbc, 0xbc, 0x24, 0x33, 0x34, 0x33, 0x34, 0x34, 0x33, 0x34, 0xcb, 0xcb,
  0xbb, 0xcb, 0xcb, 0xbb, 0xcb, 0x0b, 0x40, 0xed, 0x2e, 0x00, 0x00, 0x01, 0x24, 0x24, 0x33, 0x34,
  0x33, 0x34, 0x34, 0x33, 0xbc, 0xcb, 0xcb, 0xbb, 0xcb, 0xcb, 0xbb, 0xcb, 0x33, 0x34, 0x34, 0x33,
  0x34, 0x34, 0x33, 0x34, 0xcb, 0xcb, 0xca, 0xba, 0xcb, 0xbb, 0xcb, 0xcb, 0x33, 0x24, 0x24, 0x33,
  0x34, 0x33, 0x34, 0x34, 0xcb, 0xbb, 0xac, 0xac, 0xbb, 0xbc, 0xbb, 0xbc, 0x43, 0x43, 0x33, 0x43,
  0x43, 0x33, 0x43, 0x43, 0xbb, 0xcb, 0xac, 0xbb, 0xac, 0xac, 0xbb, 0xbc, 0x24, 0x33, 0x34, 0x33,
  0x34, 0x34, 0x33, 0x34, 0xcb, 0xcb, 0xbb, 0xcb, 0xcb, 0xbb, 0xcb, 0xcb, 0x33, 0x43, 0x43, 0x33,
  0x24, 0x24, 0x33, 0x34, 0xac, 0xbb, 0xbc, 0xbb, 0xbc, 0xbc, 0xbb, 0xbc, 0x43, 0x43, 0x33, 0x43,
  0x43, 0x33, 0x43, 0x43, 0xbb, 0xac, 0xac, 0xbb, 0xbc, 0xbb, 0xbc, 0xbc, 0x24, 0x33, 0x34, 0x33,
  0x34, 0x34, 0x33, 0x34, 0xcb, 0xcb, 0xbb, 0xcb, 0xcb, 0xbb, 0xcb, 0x0b, 0x40, 0xed, 0x2e, 0x00,
  0x00, 0x01, 0x24, 0x24, 0x33, 0x34, 0x33, 0x34, 0x34, 0x33, 0xbc, 0xcb, 0xcb, 0xbb, 0xcb, 0xcb,
  0xbb, 0xcb, 0x33, 0x34, 0x34, 0x33, 0x34, 0x34, 0x33, 0x34, 0xcb, 0xcb, 0xca, 0xba, 0xcb, 0xbb,
  0xcb, 0xcb, 0x33, 0x24, 0x24, 0x33, 0x34, 0x33, 0x34, 0x34, 0xcb, 0xbb, 0xac, 0xac, 0xbb, 0xbc,
  0xbb, 0xbc, 0x43, 0x43, 0x33, 0x43, 0x43, 0x33, 0x43, 0x43, 0xbb, 0xcb, 0xac, 0xbb, 0xac, 0xac,
  0xbb, 0xbc, 0x24, 0x33, 0x34, 0x33, 0x34, 0x34, 0x33, 0x34, 0xcb, 0xcb, 0xbb, 0xcb, 0xcb, 0xbb,
  0xcb, 0xcb, 0x33, 0x43, 0x43, 0x33, 0x24, 0x24, 0x33, 0x34, 0xac, 0xbb, 0xbc, 0xbb, 0xbc, 0xbc,
  0xbb, 0xbc, 0x43, 0x43, 0x33, 0x43, 0x43, 0x33, 0x43, 0x43, 0xbb, 0xac, 0xac, 0xbb, 0xbc, 0xbb,
  0xbc, 0xbc, 0x24, 0x33, 0x34, 0x33, 0x34, 0x34, 0x33, 0x34, 0xcb, 0xcb, 0xbb, 0xcb, 0xcb, 0xbb,
  0xcb, 0x0b, 0x40, 0xed, 0x2e, 0x00, 0x00, 0x01, 0x24, 0x24, 0x33, 0x34, 0x33, 0x34, 0x34, 0x33,
  0xbc, 0xcb, 0xcb, 0xbb, 0xcb, 0xcb, 0xbb, 0xcb, 0x33, 0x34, 0x34, 0x33, 0x34, 0x34, 0x33, 0x34,
  0xcb, 0xcb, 0xca, 0xba, 0xcb, 0xbb, 0xcb, 0xcb, 0x33, 0x24, 0x24, 0x33, 0x34, 0x33, 0x34, 0x34,
  0xcb, 0xbb, 0xac, 0xac, 0xbb, 0xbc, 0xbb, 0xbc, 0x43, 0x43, 0x33, 0x43, 0x43, 0x33, 0x43, 0x43,
  0xbb, 0xcb, 0xac, 0xbb, 0xac, 0xac, 0xbb, 0xbc, 0x24, 0x33, 0x34, 0x33, 0x34, 0x34, 0x33, 0x34,
  0xcb, 0xcb, 0xbb, 0xcb, 0xcb, 0xbb, 0xcb, 0xcb, 0x33, 0x43, 0x43, 0x33, 0x24, 0x24, 0x33, 0x34,
  0xac, 0xbb, 0xbc, 0xbb, 0xbc, 0xbc, 0xbb, 0xbc, 0x43, 0x43, 0x33, 0x43, 0x43, 0x33, 0x43, 0x43,
  0xbb, 0xac, 0xac, 0xbb, 0xbc, 0xbb, 0xbc, 0xbc, 0x24, 0x33, 0x34, 0x33, 0x34, 0x34, 0x33, 0x34,
  0xcb, 0xcb, 0xbb, 0xcb, 0xcb, 0xbb, 0xcb, 0x0b, 0x40, 0xed, 0x2e, 0x00, 0x00, 0x01, 0x24, 0x24,
  0x33, 0x34, 0x33, 0x34, 0x34, 0x33, 0xbc, 0xcb, 0xcb, 0xbb, 0xcb, 0xcb, 0xbb, 0xcb, 0x33, 0x34,
  0x34, 0x33, 0x34, 0x34, 0x33, 0x34, 0xcb, 0xcb, 0xca, 0xba, 0xcb, 0xbb, 0xcb, 0xcb, 0x33, 0x24,
  0x24, 0x33, 0x34, 0x33, 0x34, 0x34, 0xcb, 0xbb, 0xac, 0xac, 0xbb, 0xbc, 0xbb, 0xbc, 0x43, 0x43,
  0x33, 0x43, 0x43, 0x33, 0x43, 0x43, 0xbb, 0xcb, 0xac, 0xbb, 0xac, 0xac, 0xbb, 0xbc, 0x24, 0x33,
  0x34, 0x33, 0x34, 0x34, 0x33, 0x34, 0xcb, 0xcb, 0xbb, 0xcb, 0xcb, 0xbb, 0xcb, 0xcb, 0x33, 0x43,
  0x43, 0x33, 0x24, 0x24, 0x33, 0x34, 0xac, 0xbb, 0xbc, 0xbb, 0xbc, 0xbc, 0xbb, 0xbc, 0x43, 0x43,
  0x33, 0x43, 0x43, 0x33, 0x43, 0x43, 0xbb, 0xac, 0xac, 0xbb, 0xbc, 0xbb, 0xbc, 0xbc, 0x24, 0x33,
  0x34, 0x33, 0x34, 0x34, 0x33, 0x34, 0xcb, 0xcb, 0xbb, 0xcb, 0xcb, 0xbb, 0xcb, 0x0b, 0x40, 0xed,
  0x2e, 0x00, 0x00, 0x01, 0x24, 0x24, 0x33, 0x34, 0x33, 0x34, 0x34, 0x33, 0xbc, 0xcb, 0xcb, 0xbb,
  0xcb, 0xcb, 0xbb, 0xcb, 0x33, 0x34, 0x34, 0x33, 0x34, 0x34, 0x33, 0x34, 0xcb, 0xcb, 0xca, 0xba,
  0xcb, 0xbb, 0xcb, 0xcb, 0x33, 0x24, 0x24, 0x33, 0x34, 0x33, 0x34, 0x34, 0xcb, 0xbb, 0xac, 0xac,
  0xbb, 0xbc, 0xbb, 0xbc, 0x43, 0x43, 0x33, 0x43, 0x43, 0x33, 0x43, 0x43, 0xbb, 0xcb, 0xac, 0xbb,
  0xac, 0xac, 0xbb, 0xbc, 0x24, 0x33, 0x34, 0x33, 0x34, 0x34, 0x33, 0x34, 0xcb, 0xcb, 0xbb, 0xcb,
  0xcb, 0xbb, 0xcb, 0xcb, 0x33, 0x43, 0x43, 0x33, 0x24, 0x24, 0x33, 0x34, 0xac, 0xbb, 0xbc, 0xbb,
  0xbc, 0xbc, 0xbb, 0xbc, 0x43, 0x43, 0x33, 0x43, 0x43, 0x33, 0x43, 0x43, 0xbb, 0xac, 0xac, 0xbb,
  0xbc, 0xbb, 0xbc, 0xbc, 0x24, 0x33, 0x34, 0x33, 0x34, 0x34, 0x33, 0x34, 0xcb, 0xcb, 0xbb, 0xcb,
  0xcb, 0xbb, 0xcb, 0x0b, 0x40, 0xed, 0x2e, 0x00, 0x00, 0x01, 0x24, 0x24, 0x33, 0x34, 0x33, 0x34,
  0x34, 0x33, 0xbc, 0xcb, 0xcb, 0xbb, 0xcb, 0xcb, 0xbb, 0xcb, 0x33, 0x34, 0x34, 0x33, 0x34, 0x34,
  0x33, 0x34, 0xcb, 0xcb, 0xca, 0xba, 0xcb, 0xbb, 0xcb, 0xcb, 0x33, 0x24, 0x24, 0x33, 0x34, 0x33,
  0x34, 0x34, 0xcb, 0xbb, 0xac, 0xac, 0xbb, 0xbc, 0xbb, 0xbc, 0x43, 0x43, 0x33, 0x43, 0x43, 0x33,
  0x43, 0x43, 0xbb, 0xcb, 0xac, 0xbb, 0xac, 0xac, 0xbb, 0xbc, 0x24, 0x33, 0x34, 0x33, 0x34, 0x34,
  0x33, 0x34, 0xcb, 0xcb, 0xbb, 0xcb, 0xcb, 0xbb, 0xcb, 0xcb, 0x33, 0x43, 0x43, 0x33, 0x24, 0x24,
  0x33, 0x34, 0xac, 0xbb, 0xbc, 0xbb, 0xbc, 0xbc, 0xbb, 0xbc, 0x43, 0x43, 0x33, 0x43, 0x43, 0x33,
  0x43, 0x43, 0xbb, 0xac, 0xac, 0xbb, 0xbc, 0xbb, 0xbc, 0xbc, 0x24, 0x33, 0x34, 0x33, 0x34, 0x34,
  0x33, 0x34, 0xcb, 0xcb, 0xbb, 0xcb, 0xcb, 0xbb, 0xcb, 0x0b, 0x40, 0xed, 0x2e, 0x00, 0x00, 0x01,
  0x24, 0x24, 0x33, 0x34, 0x33, 0x34, 0x34, 0x33, 0xbc, 0xcb, 0xcb, 0xbb, 0xcb, 0xcb, 0xbb, 0xcb,
  0x33, 0x34, 0x34, 0x33, 0x34, 0x34, 0x33, 0x34, 0xcb, 0xcb, 0xca, 0xba, 0xcb, 0xbb, 0xcb, 0xcb,
  0x33, 0x24, 0x24, 0x33, 0x34, 0x33, 0x34, 0x34, 0xcb, 0xbb, 0xac, 0xac, 0xbb, 0xbc, 0xbb, 0xbc,
  0x43, 0x43, 0x33, 0x43, 0x43, 0x33, 0x43, 0x43, 0xbb, 0xcb, 0xac, 0xbb, 0xac, 0xac, 0xbb, 0xbc,
  0x24, 0x33, 0x34, 0x33, 0x34, 0x34, 0x33, 0x34, 0xcb, 0xcb, 0xbb, 0xcb, 0xcb, 0xbb, 0xcb, 0xcb,
  0x33, 0x43, 0x43, 0x33, 0x24, 0x24, 0x33, 0x34, 0xac, 0xbb, 0xbc, 0xbb, 0xbc, 0xbc, 0xbb, 0xbc,
  0x43, 0x43, 0x33, 0x43, 0x43, 0x33, 0x43, 0x43, 0xbb, 0xac, 0xac, 0xbb, 0xbc, 0xbb, 0xbc, 0xbc,
  0x24, 0x33, 0x34, 0x33, 0x34, 0x34, 0x33, 0x34, 0xcb, 0xcb, 0xbb, 0xcb, 0xcb, 0xbb, 0xcb, 0x0b,
  0x40, 0xed, 0x2e, 0x00, 0x00, 0x01, 0x24, 0x24, 0x33, 0x34, 0x33, 0x34, 0x34, 0x33, 0xbc, 0xcb,
  0xcb, 0xbb, 0xcb, 0xcb, 0xbb, 0xcb, 0x33, 0x34, 0x34, 0x33, 0x34, 0x34, 0x33, 0x34, 0xcb, 0xcb,
  0xca, 0xba, 0xcb, 0xbb, 0xcb, 0xcb, 0x33, 0x24, 0x24, 0x33, 0x34, 0x33, 0x34, 0x34, 0xcb, 0xbb,
  0xac, 0xac, 0xbb, 0xbc, 0xbb, 0xbc, 0x43, 0x43, 0x33, 0x43, 0x43, 0x33, 0x43, 0x43, 0xbb, 0xcb,
  0xac, 0xbb, 0xac, 0xac, 0xbb, 0xbc, 0x24, 0x33, 0x34, 0x33, 0x34, 0x34, 0x33, 0x34, 0xcb, 0xcb,
  0xbb, 0xcb, 0xcb, 0xbb, 0xcb, 0xcb, 0x33, 0x43, 0x43, 0x33, 0x24, 0x24, 0x33, 0x34, 0xac, 0xbb,
  0xbc, 0xbb, 0xbc, 0xbc, 0xbb, 0xbc, 0x43, 0x43, 0x33, 0x43, 0x43, 0x33, 0x43, 0x43, 0xbb, 0xac,
  0xac, 0xbb, 0xbc, 0xbb, 0xbc, 0xbc, 0x24, 0x33, 0x34, 0x33, 0x34, 0x34, 0x33, 0x34, 0xcb, 0xcb,
  0xbb, 0xcb, 0xcb, 0xbb, 0xcb, 0x0b, 0x40, 0xed, 0x2e, 0x00, 0x00, 0x01, 0x24, 0x24, 0x33, 0x34,
  0x33, 0x34, 0x34, 0x33, 0xbc, 0xcb, 0xcb, 0xbb, 0xcb, 0xcb, 0xbb, 0xcb, 0x33, 0x34, 0x34, 0x33,
  0x34, 0x34, 0x33, 0x34, 0xcb, 0xcb, 0xca, 0xba, 0xcb, 0xbb, 0xcb, 0xcb, 0x33, 0x24, 0x24, 0x33,
  0x34, 0x33, 0x34, 0x34, 0xcb, 0xbb, 0xac, 0xac, 0xbb, 0xbc, 0xbb, 0xbc, 0x43, 0x43, 0x33, 0x43,
  0x43, 0x33, 0x43, 0x43, 0xbb, 0xcb, 0xac, 0xbb, 0xac, 0xac, 0xbb, 0xbc, 0x24, 0x33, 0x34, 0x33,
  0x34, 0x34, 0x33, 0x34, 0xcb, 0xcb, 0xbb, 0xcb, 0xcb, 0xbb, 0xcb, 0xcb, 0x33, 0x43, 0x43, 0x33,
  0x24, 0x24, 0x33, 0x34, 0xac, 0xbb, 0xbc, 0xbb, 0xbc, 0xbc, 0xbb, 0xbc, 0x43, 0x43, 0x33, 0x43,
  0x43, 0x33, 0x43, 0x43, 0xbb, 0xac, 0xac, 0xbb, 0xbc, 0xbb, 0xbc, 0xbc, 0x24, 0x33, 0x34, 0x33,
  0x34, 0x34, 0x33, 0x34, 0xcb, 0xcb, 0xbb, 0xcb, 0xcb, 0xbb, 0xcb, 0x0b, 0x40, 0xed, 0x2e, 0x00,
  0x00, 0x01, 0x24, 0x24, 0x33, 0x34, 0x33, 0x34, 0x34, 0x33, 0xbc, 0xcb, 0xcb, 0xbb, 0xcb, 0xcb,
  0xbb, 0xcb, 0x33, 0x34, 0x34, 0x33, 0x34, 0x34, 0x33, 0x34, 0xcb, 0xcb, 0xca, 0xba, 0xcb, 0xbb,
  0xcb, 0xcb, 0x33, 0x24, 0x24, 0x33, 0x34, 0x33, 0x34, 0x34, 0xcb, 0xbb, 0xac, 0xac, 0xbb, 0xbc,
  0xbb, 0xbc, 0x43, 0x43, 0x33, 0x43, 0x43, 0x33, 0x43, 0x43, 0xbb, 0xcb, 0xac, 0xbb, 0xac, 0xac,
  0xbb, 0xbc, 0x24, 0x33, 0x34, 0x33, 0x34, 0x34, 0x33, 0x34, 0xcb, 0xcb, 0xbb, 0xcb, 0xcb, 0xbb,
  0xcb, 0xcb, 0x33, 0x43, 0x43, 0x33, 0x24, 0x24, 0x33, 0x34, 0xac, 0xbb, 0xbc, 0xbb, 0xbc, 0xbc,
  0xbb, 0xbc, 0x43, 0x43, 0x33, 0x43, 0x43, 0x33, 0x43, 0x43, 0xbb, 0xac, 0xac, 0xbb, 0xbc, 0xbb,
  0xbc, 0xbc, 0x24, 0x33, 0x34, 0x33, 0x34, 0x34, 0x33, 0x34, 0xcb, 0xcb, 0xbb, 0xcb, 0xcb, 0xbb,
  0xcb, 0x0b, 0x40, 0xed, 0x2e, 0x00, 0x00, 0x01, 0x24, 0x24, 0x33, 0x34, 0x33, 0x34, 0x34, 0x33,
  0xbc, 0xcb, 0xcb, 0xbb, 0xcb, 0xcb, 0xbb, 0xcb, 0x33, 0x34, 0x34, 0x33, 0x34, 0x34, 0x33, 0x34,
  0xcb, 0xcb, 0xca, 0xba, 0xcb, 0xbb, 0xcb, 0xcb, 0x33, 0x24, 0x24, 0x33, 0x34, 0x33, 0x34, 0x34,
  0xcb, 0xbb, 0xac, 0xac, 0xbb, 0xbc, 0xbb, 0xbc, 0x43, 0x43, 0x33, 0x43, 0x43, 0x33, 0x43, 0x43,
  0xbb, 0xcb, 0xac, 0xbb, 0xac, 0xac, 0xbb, 0xbc, 0x24, 0x33, 0x34, 0x33, 0x34, 0x34, 0x33, 0x34,
  0xcb, 0xcb, 0xbb, 0xcb, 0xcb, 0xbb, 0xcb, 0xcb, 0x33, 0x43, 0x43, 0x33, 0x24, 0x24, 0x33, 0x34,
  0xac, 0xbb, 0xbc, 0xbb, 0xbc, 0xbc, 0xbb, 0xbc, 0x43, 0x43, 0x33, 0x43, 0x43, 0x33, 0x43, 0x43,
  0xbb, 0xac, 0xac, 0xbb, 0xbc, 0xbb, 0xbc, 0xbc, 0x24, 0x33, 0x34, 0x33, 0x34, 0x34, 0x33, 0x34,
  0xcb, 0xcb, 0xbb, 0xcb, 0xcb, 0xbb, 0xcb, 0x0b, 0x40, 0xed, 0x2e, 0x00, 0x00, 0x01, 0x24, 0x24,
  0x33, 0x34, 0x33, 0x34, 0x34, 0x33, 0xbc, 0xcb, 0xcb, 0xbb, 0xcb, 0xcb, 0xbb, 0xcb, 0x33, 0x34,
  0x34, 0x33, 0x34, 0x34, 0x33, 0x34, 0xcb, 0xcb, 0xca, 0xba, 0xcb, 0xbb, 0xcb, 0xcb, 0x33, 0x24,
  0x24, 0x33, 0x34, 0x33, 0x34, 0x34, 0xcb, 0xbb, 0xac, 0xac, 0xbb, 0xbc, 0xbb, 0xbc, 0x43, 0x43,
  0x33, 0x43, 0x43, 0x33, 0x43, 0x43, 0xbb, 0xcb, 0xac, 0xbb, 0xac, 0xac, 0xbb, 0xbc, 0x24, 0x33,
  0x34, 0x33, 0x34, 0x34, 0x33, 0x34, 0xcb, 0xcb, 0xbb, 0xcb, 0xcb, 0xbb, 0xcb, 0xcb, 0x33, 0x43,
  0x43, 0x33, 0x24, 0x24, 0x33, 0x34, 0xac, 0xbb, 0xbc, 0xbb, 0xbc, 0xbc, 0xbb, 0xbc, 0x43, 0x43,
  0x33, 0x43, 0x43, 0x33, 0x43, 0x43, 0xbb, 0xac, 0xac, 0xbb, 0xbc, 0xbb, 0xbc, 0xbc, 0x24, 0x33,
  0x34, 0x33, 0x34, 0x34, 0x33, 0x34, 0xcb, 0xcb, 0xbb, 0xcb, 0xcb, 0xbb, 0xcb, 0x0b, 0x40, 0xed,
  0x2e, 0x00, 0x00, 0x01, 0x24, 0x24, 0x33, 0x34, 0x33, 0x34, 0x34, 0x33, 0xbc, 0xcb, 0xcb, 0xbb,
  0xcb, 0xcb, 0xbb, 0xcb, 0x33, 0x34, 0x34, 0x33, 0x34, 0x34, 0x33, 0x34, 0xcb, 0xcb, 0xca, 0xba,
  0xcb, 0xbb, 0xcb, 0xcb, 0x33, 0x24, 0x24, 0x33, 0x34, 0x33, 0x34, 0x34, 0xcb, 0xbb, 0xac, 0xac,
  0xbb, 0xbc, 0xbb, 0xbc, 0x43, 0x43, 0x33, 0x43, 0x43, 0x33, 0x43, 0x43, 0xbb, 0xcb, 0xac, 0xbb,
  0xac, 0xac, 0xbb, 0xbc, 0x24, 0x33, 0x34, 0x33, 0x34, 0x34, 0x33, 0x34, 0xcb, 0xcb, 0xbb, 0xcb,
  0xcb, 0xbb, 0xcb, 0xcb, 0x33, 0x43, 0x43, 0x33, 0x24, 0x24, 0x33, 0x34, 0xac, 0xbb, 0xbc, 0xbb,
  0xbc, 0xbc, 0xbb, 0xbc, 0x43, 0x43, 0x33, 0x43, 0x43, 0x33, 0x43, 0x43, 0xbb, 0xac, 0xac, 0xbb,
  0xbc, 0xbb, 0xbc, 0xbc, 0x24, 0x33, 0x34, 0x33, 0x34, 0x34, 0x33, 0x34, 0xcb, 0xcb, 0xbb, 0xcb,
  0xcb, 0xbb, 0xcb, 0x0b, 0x40, 0xed, 0x2e, 0x00, 0x00, 0x01, 0x24, 0x24, 0x33, 0x34, 0x33, 0x34,
  0x34, 0x33, 0xbc, 0xcb, 0xcb, 0xbb, 0xcb, 0xcb, 0xbb, 0xcb, 0x33, 0x34, 0x34, 0x33, 0x34, 0x34,
  0x33, 0x34, 0xcb, 0xcb, 0xca, 0xba, 0xcb, 0xbb, 0xcb, 0xcb, 0x33, 0x24, 0x24, 0x33, 0x34, 0x33,
  0x34, 0x34, 0xcb, 0xbb, 0xac, 0xac, 0xbb, 0xbc, 0xbb, 0xbc, 0x43, 0x43, 0x33, 0x43, 0x43, 0x33,
  0x43, 0x43, 0xbb, 0xcb, 0xac, 0xbb, 0xac, 0xac, 0xbb, 0xbc, 0x24, 0x33, 0x34, 0x33, 0x34, 0x34,
  0x33, 0x34, 0xcb, 0xcb, 0xbb, 0xcb, 0xcb, 0xbb, 0xcb, 0xcb, 0x33, 0x43, 0x43, 0x33, 0x24, 0x24,
  0x33, 0x34, 0xac, 0xbb, 0xbc, 0xbb, 0xbc, 0xbc, 0xbb, 0xbc, 0x43, 0x43, 0x33, 0x43, 0x43, 0x33,
  0x43, 0x43, 0xbb, 0xac, 0xac, 0xbb, 0xbc, 0xbb, 0xbc, 0xbc, 0x24, 0x33, 0x34, 0x33, 0x34, 0x34,
  0x33, 0x34, 0xcb, 0xcb, 0xbb, 0xcb, 0xcb, 0xbb, 0xcb, 0x0b, 0x40, 0xed, 0x2e, 0x00, 0x00, 0x01,
  0x24, 0x24, 0x33, 0x34, 0x33, 0x34, 0x34, 0x33, 0xbc, 0xcb, 0xcb, 0xbb, 0xcb, 0xcb, 0xbb, 0xcb,
  0x33, 0x34, 0x34, 0x33, 0x34, 0x34, 0x33, 0x34, 0xcb, 0xcb, 0xca, 0xba, 0xcb, 0xbb, 0xcb, 0xcb,
  0x33, 0x24, 0x24, 0x33, 0x34, 0x33, 0x34, 0x34, 0xcb, 0xbb, 0xac, 0xac, 0xbb, 0xbc, 0xbb, 0xbc,
  0x43, 0x43, 0x33, 0x43, 0x43, 0x33, 0x43, 0x43, 0xbb, 0xcb, 0xac, 0xbb, 0xac, 0xac, 0xbb, 0xbc,
  0x24, 0x33, 0x34, 0x33, 0x34, 0x34, 0x33, 0x34, 0xcb, 0xcb, 0xbb, 0xcb, 0xcb, 0xbb, 0xcb, 0xcb,
  0x33, 0x43, 0x43, 0x33, 0x24, 0x24, 0x33, 0x34, 0xac, 0xbb, 0xbc, 0xbb, 0xbc, 0xbc, 0xbb, 0xbc,
  0x43, 0x43, 0x33, 0x43, 0x43, 0x33, 0x43, 0x43, 0xbb, 0xac, 0xac, 0xbb, 0xbc, 0xbb, 0xbc, 0xbc,
  0x24, 0x33, 0x34, 0x33, 0x34, 0x34, 0x33, 0x34, 0xcb, 0xcb, 0xbb, 0xcb, 0xcb, 0xbb, 0xcb, 0x0b,
  0x40, 0xed, 0x2e, 0x00, 0x00, 0x01, 0x24, 0x24, 0x33, 0x34, 0x33, 0x34, 0x34, 0x33, 0xbc, 0xcb,
  0xcb, 0xbb, 0xcb, 0xcb, 0xbb, 0xcb, 0x33, 0x34, 0x34, 0x33, 0x34, 0x34, 0x33, 0x34, 0xcb, 0xcb,
  0xca, 0xba, 0xcb, 0xbb, 0xcb, 0xcb, 0x33, 0x24, 0x24, 0x33, 0x34, 0x33, 0x34, 0x34, 0xcb, 0xbb,
  0xac, 0xac, 0xbb, 0xbc, 0xbb, 0xbc, 0x43, 0x43, 0x33, 0x43, 0x43, 0x33, 0x43, 0x43, 0xbb, 0xcb,
  0xac, 0xbb, 0xac, 0xac, 0xbb, 0xbc, 0x24, 0x33, 0x34, 0x33, 0x34, 0x34, 0x33, 0x34, 0xcb, 0xcb,
  0xbb, 0xcb, 0xcb, 0xbb, 0xcb, 0xcb, 0x33, 0x43, 0x43, 0x33, 0x24, 0x24, 0x33, 0x34, 0xac, 0xbb,
  0xbc, 0xbb, 0xbc, 0xbc, 0xbb, 0xbc, 0x43, 0x43, 0x33, 0x43, 0x43, 0x33, 0x43, 0x43, 0xbb, 0xac,
  0xac, 0xbb, 0xbc, 0xbb, 0xbc, 0xbc, 0x24, 0x33, 0x34, 0x33, 0x34, 0x34, 0x33, 0x34, 0xcb, 0xcb,
  0xbb, 0xcb, 0xcb, 0xbb, 0xcb, 0x0b, 0x40, 0xed, 0x2e, 0x00, 0x00, 0x01, 0x24, 0x24, 0x33, 0x34,
  0x33, 0x34, 0x34, 0x33, 0xbc, 0xcb, 0xcb, 0xbb, 0xcb, 0xcb, 0xbb, 0xcb, 0x33, 0x34, 0x34, 0x33,
  0x34, 0x34, 0x33, 0x34, 0xcb, 0xcb, 0xca, 0xba, 0xcb, 0xbb, 0xcb, 0xcb, 0x33, 0x24, 0x24, 0x33,
  0x34, 0x33, 0x34, 0x34, 0xcb, 0xbb, 0xac, 0xac, 0xbb, 0xbc, 0xbb, 0xbc, 0x43, 0x43, 0x33, 0x43,
  0x43, 0x33, 0x43, 0x43, 0xbb, 0xcb, 0xac, 0xbb, 0xac, 0xac, 0xbb, 0xbc, 0x24, 0x33, 0x34, 0x33,
  0x34, 0x34, 0x33, 0x34, 0xcb, 0xcb, 0xbb, 0xcb, 0xcb, 0xbb, 0xcb, 0xcb, 0x33, 0x43, 0x43, 0x33,
  0x24, 0x24, 0x33, 0x34, 0xac, 0xbb, 0xbc, 0xbb, 0xbc, 0xbc, 0xbb, 0xbc, 0x43, 0x43, 0x33, 0x43,
  0x43, 0x33, 0x43, 0x43, 0xbb, 0xac, 0xac, 0xbb, 0xbc, 0xbb, 0xbc, 0xbc, 0x24, 0x33, 0x34, 0x33,
  0x34, 0x34, 0x33, 0x34, 0xcb, 0xcb, 0xbb, 0xcb, 0xcb, 0xbb, 0xcb, 0x0b, 0x40, 0xed, 0x2e, 0x00,
  0x00, 0x01, 0x24, 0x24, 0x33, 0x34, 0x33, 0x34, 0x34, 0x33, 0xbc, 0xcb, 0xcb, 0xbb, 0xcb, 0xcb,
  0xbb, 0xcb, 0x33, 0x34, 0x34, 0x33, 0x34, 0x34, 0x33, 0x34, 0xcb, 0xcb, 0xca, 0xba, 0xcb, 0xbb,
  0xcb, 0xcb, 0x33, 0x24, 0x24, 0x33, 0x34, 0x33, 0x34, 0x34, 0xcb, 0xbb, 0xac, 0xac, 0xbb, 0xbc,
  0xbb, 0xbc, 0x43, 0x43, 0x33, 0x43, 0x43, 0x33, 0x43, 0x43, 0xbb, 0xcb, 0xac, 0xbb, 0xac, 0xac,
  0xbb, 0xbc, 0x24, 0x33, 0x34, 0x33, 0x34, 0x34, 0x33, 0x34, 0xcb, 0xcb, 0xbb, 0xcb, 0xcb, 0xbb,
  0xcb, 0xcb, 0x33, 0x43, 0x43, 0x33, 0x24, 0x24, 0x33, 0x34, 0xac, 0xbb, 0xbc, 0xbb, 0xbc, 0xbc,
  0xbb, 0xbc, 0x43, 0x43, 0x33, 0x43, 0x43, 0x33, 0x43, 0x43, 0xbb, 0xac, 0xac, 0xbb, 0xbc, 0xbb,
  0xbc, 0xbc, 0x24, 0x33, 0x34, 0x33, 0x34, 0x34, 0x33, 0x34, 0xcb, 0xcb, 0xbb, 0xcb, 0xcb, 0xbb,
  0xcb, 0x0b, 0x40, 0xed, 0x2e, 0x00, 0x00, 0x01, 0x24, 0x24, 0x33, 0x34, 0x33, 0x34, 0x34, 0x33,
  0xbc, 0xcb, 0xcb, 0xbb, 0xcb, 0xcb, 0xbb, 0xcb, 0x33, 0x34, 0x34, 0x33, 0x34, 0x34, 0x33, 0x34,
  0xcb, 0xcb, 0xca, 0xba, 0xcb, 0xbb, 0xcb, 0xcb, 0x33, 0x24, 0x24, 0x33, 0x34, 0x33, 0x34, 0x34,
  0xcb, 0xbb, 0xac, 0xac, 0xbb, 0xbc, 0xbb, 0xbc, 0x43, 0x43, 0x33, 0x43, 0x43, 0x33, 0x43, 0x43,
  0xbb, 0xcb, 0xac, 0xbb, 0xac, 0xac, 0xbb, 0xbc, 0x24, 0x33, 0x34, 0x33, 0x34, 0x34, 0x33, 0x34,
  0xcb, 0xcb, 0xbb, 0xcb, 0xcb, 0xbb, 0xcb, 0xcb, 0x33, 0x43, 0x43, 0x33, 0x24, 0x24, 0x33, 0x34,
  0xac, 0xbb, 0xbc, 0xbb, 0xbc, 0xbc, 0xbb, 0xbc, 0x43, 0x43, 0x33, 0x43, 0x43, 0x33, 0x43, 0x43,
  0xbb, 0xac, 0xac, 0xbb, 0xbc, 0xbb, 0xbc, 0xbc, 0x24, 0x33, 0x34, 0x33, 0x34, 0x34, 0x33, 0x34,
  0xcb, 0xcb, 0xbb, 0xcb, 0xcb, 0xbb, 0xcb, 0x0b, 0x40, 0xed, 0x2e, 0x00, 0x00, 0x01, 0x24, 0x24,
  0x33, 0x34, 0x33, 0x34, 0x34, 0x33, 0xbc, 0xcb, 0xcb, 0xbb, 0xcb, 0xcb, 0xbb, 0xcb, 0x33, 0x34,
  0x34, 0x33, 0x34, 0x34, 0x33, 0x34, 0xcb, 0xcb, 0xca, 0xba, 0xcb, 0xbb, 0xcb, 0xcb, 0x33, 0x24,
  0x24, 0x33, 0x34, 0x33, 0x34, 0x34, 0xcb, 0xbb, 0xac, 0xac, 0xbb, 0xbc, 0xbb, 0xbc, 0x43, 0x43,
  0x33, 0x43, 0x43, 0x33, 0x43, 0x43, 0xbb, 0xcb, 0xac, 0xbb, 0xac, 0xac, 0xbb, 0xbc, 0x24, 0x33,
  0x34, 0x33, 0x34, 0x34, 0x33, 0x34, 0xcb, 0xcb, 0xbb, 0xcb, 0xcb, 0xbb, 0xcb, 0xcb, 0x33, 0x43,
  0x43, 0x33, 0x24, 0x24, 0x33, 0x34, 0xac, 0xbb, 0xbc, 0xbb, 0xbc, 0xbc, 0xbb, 0xbc, 0x43, 0x43,
  0x33, 0x43, 0x43, 0x33, 0x43, 0x43, 0xbb, 0xac, 0xac, 0xbb, 0xbc, 0xbb, 0xbc, 0xbc, 0x24, 0x33,
  0x34, 0x33, 0x34, 0x34, 0x33, 0x34, 0xcb, 0xcb, 0xbb, 0xcb, 0xcb, 0xbb, 0xcb, 0x0b, 0x40, 0xed,
  0x2e, 0x00, 0x00, 0x01, 0x24, 0x24, 0x33, 0x34, 0x33, 0x34, 0x34, 0x33, 0xbc, 0xcb, 0xcb, 0xbb,
  0xcb, 0xcb, 0xbb, 0xcb, 0x33, 0x34, 0x34, 0x33, 0x34, 0x34, 0x33, 0x34, 0xcb, 0xcb, 0xca, 0xba,
  0xcb, 0xbb, 0xcb, 0xcb, 0x33, 0x24, 0x24, 0x33, 0x34, 0x33, 0x34, 0x34, 0xcb, 0xbb, 0xac, 0xac,
  0xbb, 0xbc, 0xbb, 0xbc, 0x43, 0x43, 0x33, 0x43, 0x43, 0x33, 0x43, 0x43, 0xbb, 0xcb, 0xac, 0xbb,
  0xac, 0xac, 0xbb, 0xbc, 0x24, 0x33, 0x34, 0x33, 0x34, 0x34, 0x33, 0x34, 0xcb, 0xcb, 0xbb, 0xcb,
  0xcb, 0xbb, 0xcb, 0xcb, 0x33, 0x43, 0x43, 0x33, 0x24, 0x24, 0x33, 0x34, 0xac, 0xbb, 0xbc, 0xbb,
  0xbc, 0xbc, 0xbb, 0xbc, 0x43, 0x43, 0x33, 0x43, 0x43, 0x33, 0x43, 0x43, 0xbb, 0xac, 0xac, 0xbb,
  0xbc, 0xbb, 0xbc, 0xbc, 0x24, 0x33, 0x34, 0x33, 0x34, 0x34, 0x33, 0x34, 0xcb, 0xcb, 0xbb, 0xcb,
  0xcb, 0xbb, 0xcb, 0x0b, 0x40, 0xed, 0x2e, 0x00, 0x00, 0x01, 0x24, 0x24, 0x33, 0x34, 0x33, 0x34,
  0x34, 0x33, 0xbc, 0xcb, 0xcb, 0xbb, 0xcb, 0xcb, 0xbb, 0xcb, 0x33, 0x34, 0x34, 0x33, 0x34, 0x34,
  0x33, 0x34, 0xcb, 0xcb, 0xca, 0xba, 0xcb, 0xbb, 0xcb, 0xcb, 0x33, 0x24, 0x24, 0x33, 0x34, 0x33,
  0x34, 0x34, 0xcb, 0xbb, 0xac, 0xac, 0xbb, 0xbc, 0xbb, 0xbc, 0x43, 0x43, 0x33, 0x43, 0x43, 0x33,
  0x43, 0x43, 0xbb, 0xcb, 0xac, 0xbb, 0xac, 0xac, 0xbb, 0xbc, 0x24, 0x33, 0x34, 0x33, 0x34, 0x34,
  0x33, 0x34, 0xcb, 0xcb, 0xbb, 0xcb, 0xcb, 0xbb, 0xcb, 0xcb, 0x33, 0x43, 0x43, 0x33, 0x24, 0x24,
  0x33, 0x34, 0xac, 0xbb, 0xbc, 0xbb, 0xbc, 0xbc, 0xbb, 0xbc, 0x43, 0x43, 0x33, 0x43, 0x43, 0x33,
  0x43, 0x43, 0xbb, 0xac, 0xac, 0xbb, 0xbc, 0xbb, 0xbc, 0xbc, 0x24, 0x33, 0x34, 0x33, 0x34, 0x34,
  0x33, 0x34, 0xcb, 0xcb, 0xbb, 0xcb, 0xcb, 0xbb, 0xcb, 0x0b, 0x40, 0xed, 0x2e, 0x00, 0x00, 0x01,
  0x24, 0x24, 0x33, 0x34, 0x33, 0x34, 0x34, 0x33, 0xbc, 0xcb, 0xcb, 0xbb, 0xcb, 0xcb, 0xbb, 0xcb,
  0x33, 0x34, 0x34, 0x33, 0x34, 0x34, 0x33, 0x34, 0xcb, 0xcb, 0xca, 0xba, 0xcb, 0xbb, 0xcb, 0xcb,
  0x33, 0x24, 0x24, 0x33, 0x34, 0x33, 0x34, 0x34, 0xcb, 0xbb, 0xac, 0xac, 0xbb, 0xbc, 0xbb, 0xbc,
  0x43, 0x43, 0x33, 0x43, 0x43, 0x33, 0x43, 0x43, 0xbb, 0xcb, 0xac, 0xbb, 0xac, 0xac, 0xbb, 0xbc,
  0x24, 0x33, 0x34, 0x33, 0x34, 0x34, 0x33, 0x34, 0xcb, 0xcb, 0xbb, 0xcb, 0xcb, 0xbb, 0xcb, 0xcb,
  0x33, 0x43, 0x43, 0x33, 0x24, 0x24, 0x33, 0x34, 0xac, 0xbb, 0xbc, 0xbb, 0xbc, 0xbc, 0xbb, 0xbc,
  0x43, 0x43, 0x33, 0x43, 0x43, 0x33, 0x43, 0x43, 0xbb, 0xac, 0xac, 0xbb, 0xbc, 0xbb, 0xbc, 0xbc,
  0x24, 0x33, 0x34, 0x33, 0x34, 0x34, 0x33, 0x34, 0xcb, 0xcb, 0xbb, 0xcb, 0xcb, 0xbb, 0xcb, 0x0b,
  0x40, 0xed, 0x2e, 0x00, 0x00, 0x01, 0x24, 0x24, 0x33, 0x34, 0x33, 0x34, 0x34, 0x33, 0xbc, 0xcb,
  0xcb, 0xbb, 0xcb, 0xcb, 0xbb, 0xcb, 0x33, 0x34, 0x34, 0x33, 0x34, 0x34, 0x33, 0x34, 0xcb, 0xcb,
  0xca, 0xba, 0xcb, 0xbb, 0xcb, 0xcb, 0x33, 0x24, 0x24, 0x33, 0x34, 0x33, 0x34, 0x34, 0xcb, 0xbb,
  0xac, 0xac, 0xbb, 0xbc, 0xbb, 0xbc, 0x43, 0x43, 0x33, 0x43, 0x43, 0x33, 0x43, 0x43, 0xbb, 0xcb,
  0xac, 0xbb, 0xac, 0xac, 0xbb, 0xbc, 0x24, 0x33, 0x34, 0x33, 0x34, 0x34, 0x33, 0x34, 0xcb, 0xcb,
  0xbb, 0xcb, 0xcb, 0xbb, 0xcb, 0xcb, 0x33, 0x43, 0x43, 0x33, 0x24, 0x24, 0x33, 0x34, 0xac, 0xbb,
  0xbc, 0xbb, 0xbc, 0xbc, 0xbb, 0xbc, 0x43, 0x43, 0x33, 0x43, 0x43, 0x33, 0x43, 0x43, 0xbb, 0xac,
  0xac, 0xbb, 0xbc, 0xbb, 0xbc, 0xbc, 0x24, 0x33, 0x34, 0x33, 0x34, 0x34, 0x33, 0x34, 0xcb, 0xcb,
  0xbb, 0xcb, 0xcb, 0xbb, 0xcb, 0x0b, 0x40, 0xed, 0x2e, 0x00, 0x00, 0x01, 0x24, 0x24, 0x33, 0x34,
  0x33, 0x34, 0x34, 0x33, 0xbc, 0xcb, 0xcb, 0xbb, 0xcb, 0xcb, 0xbb, 0xcb, 0x33, 0x34, 0x34, 0x33,
  0x34, 0x34, 0x33, 0x34, 0xcb, 0xcb, 0xca, 0xba, 0xcb, 0xbb, 0xcb, 0xcb, 0x33, 0x24, 0x24, 0x33,
  0x34, 0x33, 0x34, 0x34, 0xcb, 0xbb, 0xac, 0xac, 0xbb, 0xbc, 0xbb, 0xbc, 0x43, 0x43, 0x33, 0x43,
  0x43, 0x33, 0x43, 0x43, 0xbb, 0xcb, 0xac, 0xbb, 0xac, 0xac, 0xbb, 0xbc, 0x24, 0x33, 0x34, 0x33,
  0x34, 0x34, 0x33, 0x34, 0xcb, 0xcb, 0xbb, 0xcb, 0xcb, 0xbb, 0xcb, 0xcb, 0x33, 0x43, 0x43, 0x33,
  0x24, 0x24, 0x33, 0x34, 0xac, 0xbb, 0xbc, 0xbb, 0xbc, 0xbc, 0xbb, 0xbc, 0x43, 0x43, 0x33, 0x43,
  0x43, 0x33, 0x43, 0x43, 0xbb, 0xac, 0xac, 0xbb, 0xbc, 0xbb, 0xbc, 0xbc, 0x24, 0x33, 0x34, 0x33,
  0x34, 0x34, 0x33, 0x34, 0xcb, 0xcb, 0xbb, 0xcb, 0xcb, 0xbb, 0xcb, 0x0b, 0x40, 0xed, 0x2e, 0x00,
  0x00, 0x01, 0x24, 0x24, 0x33, 0x34, 0x33, 0x34, 0x34, 0x33, 0xbc, 0xcb, 0xcb, 0xbb, 0xcb, 0xcb,
  0xbb, 0xcb, 0x33, 0x34, 0x34, 0x33, 0x34, 0x34, 0x33, 0x34, 0xcb, 0xcb, 0xca, 0xba, 0xcb, 0xbb,
  0xcb, 0xcb, 0x33, 0x24, 0x24, 0x33, 0x34, 0x33, 0x34, 0x34, 0xcb, 0xbb, 0xac, 0xac, 0xbb, 0xbc,
  0xbb, 0xbc, 0x43, 0x43, 0x33, 0x43, 0x43, 0x33, 0x43, 0x43, 0xbb, 0xcb, 0xac, 0xbb, 0xac, 0xac,
  0xbb, 0xbc, 0x24, 0x33, 0x34, 0x33, 0x34, 0x34, 0x33, 0x34, 0xcb, 0xcb, 0xbb, 0xcb, 0xcb, 0xbb,
  0xcb, 0xcb, 0x33, 0x43, 0x43, 0x33, 0x24, 0x24, 0x33, 0x34, 0xac, 0xbb, 0xbc, 0xbb, 0xbc, 0xbc,
  0xbb, 0xbc, 0x43, 0x43, 0x33, 0x43, 0x43, 0x33, 0x43, 0x43, 0xbb, 0xac, 0xac, 0xbb, 0xbc, 0xbb,
  0xbc, 0xbc, 0x24, 0x33, 0x34, 0x33, 0x34, 0x34, 0x33, 0x34, 0xcb, 0xcb, 0xbb, 0xcb, 0xcb, 0xbb,
  0xcb, 0x0b, 0x40, 0xed, 0x2e, 0x00, 0x00, 0x01, 0x24, 0x24, 0x33, 0x34, 0x33, 0x34, 0x34, 0x33,
  0xbc, 0xcb, 0xcb, 0xbb, 0xcb, 0xcb, 0xbb, 0xcb, 0x33, 0x34, 0x34, 0x33, 0x34, 0x34, 0x33, 0x34,
  0xcb, 0xcb, 0xca, 0xba, 0xcb, 0xbb, 0xcb, 0xcb, 0x33, 0x24, 0x24, 0x33, 0x34, 0x33, 0x34, 0x34,
  0xcb, 0xbb, 0xac, 0xac, 0xbb, 0xbc, 0xbb, 0xbc, 0x43, 0x43, 0x33, 0x43, 0x43, 0x33, 0x43, 0x43,
  0xbb, 0xcb, 0xac, 0xbb, 0xac, 0xac, 0xbb, 0xbc, 0x24, 0x33, 0x34, 0x33, 0x34, 0x34, 0x33, 0x34,
  0xcb, 0xcb, 0xbb, 0xcb, 0xcb, 0xbb, 0xcb, 0xcb, 0x33, 0x43, 0x43, 0x33, 0x24, 0x24, 0x33, 0x34,
  0xac, 0xbb, 0xbc, 0xbb, 0xbc, 0xbc, 0xbb, 0xbc, 0x43, 0x43, 0x33, 0x43, 0x43, 0x33, 0x43, 0x43,
  0xbb, 0xac, 0xac, 0xbb, 0xbc, 0xbb, 0xbc, 0xbc, 0x24, 0x33, 0x34, 0x33, 0x34, 0x34, 0x33, 0x34,
  0xcb, 0xcb, 0xbb, 0xcb, 0xcb, 0xbb, 0xcb, 0x0b, 0x40, 0xed, 0x2e, 0x00, 0x00, 0x01, 0x24, 0x24,
  0x33, 0x34, 0x33, 0x34, 0x34, 0x33, 0xbc, 0xcb, 0xcb, 0xbb, 0xcb, 0xcb, 0xbb, 0xcb, 0x33, 0x34,
  0x34, 0x33, 0x34, 0x34, 0x33, 0x34, 0xcb, 0xcb, 0xca, 0xba, 0xcb, 0xbb, 0xcb, 0xcb, 0x33, 0x24,
  0x24, 0x33, 0x34, 0x33, 0x34, 0x34, 0xcb, 0xbb, 0xac, 0xac, 0xbb, 0xbc, 0xbb, 0xbc, 0x43, 0x43,
  0x33, 0x43, 0x43, 0x33, 0x43, 0x43, 0xbb, 0xcb, 0xac, 0xbb, 0xac, 0xac, 0xbb, 0xbc, 0x24, 0x33,
  0x34, 0x33, 0x34, 0x34, 0x33, 0x34, 0xcb, 0xcb, 0xbb, 0xcb, 0xcb, 0xbb, 0xcb, 0xcb, 0x33, 0x43,
  0x43, 0x33, 0x24, 0x24, 0x33, 0x34, 0xac, 0xbb, 0xbc, 0xbb, 0xbc, 0xbc, 0xbb, 0xbc, 0x43, 0x43,
  0x33, 0x43, 0x43, 0x33, 0x43, 0x43, 0xbb, 0xac, 0xac, 0xbb, 0xbc, 0xbb, 0xbc, 0xbc, 0x24, 0x33,
  0x34, 0x33, 0x34, 0x34, 0x33, 0x34, 0xcb, 0xcb, 0xbb, 0xcb, 0xcb, 0xbb, 0xcb, 0x0b, 0x40, 0xed,
  0x2e, 0x00, 0x00, 0x01, 0x24, 0x24, 0x33, 0x34, 0x33, 0x34, 0x34, 0x33, 0xbc, 0xcb, 0xcb, 0xbb,
  0xcb, 0xcb, 0xbb, 0xcb, 0x33, 0x34, 0x34, 0x33, 0x34, 0x34, 0x33, 0x34, 0xcb, 0xcb, 0xca, 0xba,
  0xcb, 0xbb, 0xcb, 0xcb, 0x33, 0x24, 0x24, 0x33, 0x34, 0x33, 0x34, 0x34, 0xcb, 0xbb, 0xac, 0xac,
  0xbb, 0xbc, 0xbb, 0xbc, 0x43, 0x43, 0x33, 0x43, 0x43, 0x33, 0x43, 0x43, 0xbb, 0xcb, 0xac, 0xbb,
  0xac, 0xac, 0xbb, 0xbc, 0x24, 0x33, 0x34, 0x33, 0x34, 0x34, 0x33, 0x34, 0xcb, 0xcb, 0xbb, 0xcb,
  0xcb, 0xbb, 0xcb, 0xcb, 0x33, 0x43, 0x43, 0x33, 0x24, 0x24, 0x33, 0x34, 0xac, 0xbb, 0xbc, 0xbb,
  0xbc, 0xbc, 0xbb, 0xbc, 0x43, 0x43, 0x33, 0x43, 0x43, 0x33, 0x43, 0x43, 0xbb, 0xac, 0xac, 0xbb,
  0xbc, 0xbb, 0xbc, 0xbc, 0x24, 0x33, 0x34, 0x33, 0x34, 0x34, 0x33, 0x34, 0xcb, 0xcb, 0xbb, 0xcb,
  0xcb, 0xbb, 0xcb, 0x0b, 0x40, 0xed, 0x2e, 0x00, 0x00, 0x01, 0x24, 0x24, 0x33, 0x34, 0x33, 0x34,
  0x34, 0x33, 0xbc, 0xcb, 0xcb, 0xbb, 0xcb, 0xcb, 0xbb, 0xcb, 0x33, 0x34, 0x34, 0x33, 0x34, 0x34,
  0x33, 0x34, 0xcb, 0xcb, 0xca, 0xba, 0xcb, 0xbb, 0xcb, 0xcb, 0x33, 0x24, 0x24, 0x33, 0x34, 0x33,
  0x34, 0x34, 0xcb, 0xbb, 0xac, 0xac, 0xbb, 0xbc, 0xbb, 0xbc, 0x43, 0x43, 0x33, 0x43, 0x43, 0x33,
  0x43, 0x43, 0xbb, 0xcb, 0xac, 0xbb, 0xac, 0xac, 0xbb, 0xbc, 0x24, 0x33, 0x34, 0x33, 0x34, 0x34,
  0x33, 0x34, 0xcb, 0xcb, 0xbb, 0xcb, 0xcb, 0xbb, 0xcb, 0xcb, 0x33, 0x43, 0x43, 0x33, 0x24, 0x24,
  0x33, 0x34, 0xac, 0xbb, 0xbc, 0xbb, 0xbc, 0xbc, 0xbb, 0xbc, 0x43, 0x43, 0x33, 0x43, 0x43, 0x33,
  0x43, 0x43, 0xbb, 0xac, 0xac, 0xbb, 0xbc, 0xbb, 0xbc, 0xbc, 0x24, 0x33, 0x34, 0x33, 0x34, 0x34,
  0x33, 0x34, 0xcb, 0xcb, 0xbb, 0xcb, 0xcb, 0xbb, 0xcb, 0x0b, 0x40, 0xed, 0x2e, 0x00, 0x00, 0x01,
  0x24, 0x24, 0x33, 0x34, 0x33, 0x34, 0x34, 0x33, 0xbc, 0xcb, 0xcb, 0xbb, 0xcb, 0xcb, 0xbb, 0xcb,
  0x33, 0x34, 0x34, 0x33, 0x34, 0x34, 0x33, 0x34, 0xcb, 0xcb, 0xca, 0xba, 0xcb, 0xbb, 0xcb, 0xcb,
  0x33, 0x24, 0x24, 0x33, 0x34, 0x33, 0x34, 0x34, 0xcb, 0xbb, 0xac, 0xac, 0xbb, 0xbc, 0xbb, 0xbc,
  0x43, 0x43, 0x33, 0x43, 0x43, 0x33, 0x43, 0x43, 0xbb, 0xcb, 0xac, 0xbb, 0xac, 0xac, 0xbb, 0xbc,
  0x24, 0x33, 0x34, 0x33, 0x34, 0x34, 0x33, 0x34, 0xcb, 0xcb, 0xbb, 0xcb, 0xcb, 0xbb, 0xcb, 0xcb,
  0x33, 0x43, 0x43, 0x33, 0x24, 0x24, 0x33, 0x34, 0xac, 0xbb, 0xbc, 0xbb, 0xbc, 0xbc, 0xbb, 0xbc,
  0x43, 0x43, 0x33, 0x43, 0x43, 0x33, 0x43, 0x43, 0xbb, 0xac, 0xac, 0xbb, 0xbc, 0xbb, 0xbc, 0xbc,
  0x24, 0x33, 0x34, 0x33, 0x34, 0x34, 0x33, 0x34, 0xcb, 0xcb, 0xbb, 0xcb, 0xcb, 0xbb, 0xcb, 0x0b,
  0x40, 0xed, 0x2e, 0x00, 0x00, 0x01, 0x24, 0x24, 0x33, 0x34, 0x33, 0x34, 0x34, 0x33, 0xbc, 0xcb,
  0xcb, 0xbb, 0xcb, 0xcb, 0xbb, 0xcb, 0x33, 0x34, 0x34, 0x33, 0x34, 0x34, 0x33, 0x34, 0xcb, 0xcb,
  0xca, 0xba, 0xcb, 0xbb, 0xcb, 0xcb, 0x33, 0x24, 0x24, 0x33, 0x34, 0x33, 0x34, 0x34, 0xcb, 0xbb,
  0xac, 0xac, 0xbb, 0xbc, 0xbb, 0xbc, 0x43, 0x43, 0x33, 0x43, 0x43, 0x33, 0x43, 0x43, 0xbb, 0xcb,
  0xac, 0xbb, 0xac, 0xac, 0xbb, 0xbc, 0x24, 0x33, 0x34, 0x33, 0x34, 0x34, 0x33, 0x34, 0xcb, 0xcb,
  0xbb, 0xcb, 0xcb, 0xbb, 0xcb, 0xcb, 0x33, 0x43, 0x43, 0x33, 0x24, 0x24, 0x33, 0x34, 0xac, 0xbb,
  0xbc, 0xbb, 0xbc, 0xbc, 0xbb, 0xbc, 0x43, 0x43, 0x33, 0x43, 0x43, 0x33, 0x43, 0x43, 0xbb, 0xac,
  0xac, 0xbb, 0xbc, 0xbb, 0xbc, 0xbc, 0x24, 0x33, 0x34, 0x33, 0x34, 0x34, 0x33, 0x34, 0xcb, 0xcb,
  0xbb, 0xcb, 0xcb, 0xbb, 0xcb, 0x0b, 0x40, 0xed, 0x2e, 0x00, 0x00, 0x01, 0x24, 0x24, 0x33, 0x34,
  0x33, 0x34, 0x34, 0x33, 0xbc, 0xcb, 0xcb, 0xbb, 0xcb, 0xcb, 0xbb, 0xcb, 0x33, 0x34, 0x34, 0x33,
  0x34, 0x34, 0x33, 0x34, 0xcb, 0xcb, 0xca, 0xba, 0xcb, 0xbb, 0xcb, 0xcb, 0x33, 0x24, 0x24, 0x33,
  0x34, 0x33, 0x34, 0x34, 0xcb, 0xbb, 0xac, 0xac, 0xbb, 0xbc, 0xbb, 0xbc, 0x43, 0x43, 0x33, 0x43,
  0x43, 0x33, 0x43, 0x43, 0xbb, 0xcb, 0xac, 0xbb, 0xac, 0xac, 0xbb, 0xbc, 0x24, 0x33, 0x34, 0x33,
  0x34, 0x34, 0x33, 0x34, 0xcb, 0xcb, 0xbb, 0xcb, 0xcb, 0xbb, 0xcb, 0xcb, 0x33, 0x43, 0x43, 0x33,
  0x24, 0x24, 0x33, 0x34, 0xac, 0xbb, 0xbc, 0xbb, 0xbc, 0xbc, 0xbb, 0xbc, 0x43, 0x43, 0x33, 0x43,
  0x43, 0x33, 0x43, 0x43, 0xbb, 0xac, 0xac, 0xbb, 0xbc, 0xbb, 0xbc, 0xbc, 0x24, 0x33, 0x34, 0x33,
  0x34, 0x34, 0x33, 0x34, 0xcb, 0xcb, 0xbb, 0xcb, 0xcb, 0xbb, 0xcb, 0x0b, 0x40, 0xed, 0x2e, 0x00,
  0x00, 0x01, 0x24, 0x24, 0x33, 0x34, 0x33, 0x34, 0x34, 0x33, 0xbc, 0xcb, 0xcb, 0xbb, 0xcb, 0xcb,
  0xbb, 0xcb, 0x33, 0x34, 0x34, 0x33, 0x34, 0x34, 0x33, 0x34, 0xcb, 0xcb, 0xca, 0xba, 0xcb, 0xbb,
  0xcb, 0xcb, 0x33, 0x24, 0x24, 0x33, 0x34, 0x33, 0x34, 0x34, 0xcb, 0xbb, 0xac, 0xac, 0xbb, 0xbc,
  0xbb, 0xbc, 0x43, 0x43, 0x33, 0x43, 0x43, 0x33, 0x43, 0x43, 0xbb, 0xcb, 0xac, 0xbb, 0xac, 0xac,
  0xbb, 0xbc, 0x24, 0x33, 0x34, 0x33, 0x34, 0x34, 0x33, 0x34, 0xcb, 0xcb, 0xbb, 0xcb, 0xcb, 0xbb,
  0xcb, 0xcb, 0x33, 0x43, 0x43, 0x33, 0x24, 0x24, 0x33, 0x34, 0xac, 0xbb, 0xbc, 0xbb, 0xbc, 0xbc,
  0xbb, 0xbc, 0x43, 0x43, 0x33, 0x43, 0x43, 0x33, 0x43, 0x43, 0xbb, 0xac, 0xac, 0xbb, 0xbc, 0xbb,
  0xbc, 0xbc, 0x24, 0x33, 0x34, 0x33, 0x34, 0x34, 0x33, 0x34, 0xcb, 0xcb, 0xbb, 0xcb, 0xcb, 0xbb,
  0xcb, 0x0b, 0x40, 0xed, 0x2e, 0x00, 0x00, 0x01, 0x24, 0x24, 0x33, 0x34, 0x33, 0x34, 0x34, 0x33,
  0xbc, 0xcb, 0xcb, 0xbb, 0xcb, 0xcb, 0xbb, 0xcb, 0x33, 0x34, 0x34, 0x33, 0x34, 0x34, 0x33, 0x34,
  0xcb, 0xcb, 0xca, 0xba, 0xcb, 0xbb, 0xcb, 0xcb, 0x33, 0x24, 0x24, 0x33, 0x34, 0x33, 0x34, 0x34,
  0xcb, 0xbb, 0xac, 0xac, 0xbb, 0xbc, 0xbb, 0xbc, 0x43, 0x43, 0x33, 0x43, 0x43, 0x33, 0x43, 0x43,
  0xbb, 0xcb, 0xac, 0xbb, 0xac, 0xac, 0xbb, 0xbc, 0x24, 0x33, 0x34, 0x33, 0x34, 0x34, 0x33, 0x34,
  0xcb, 0xcb, 0xbb, 0xcb, 0xcb, 0xbb, 0xcb, 0xcb, 0x33, 0x43, 0x43, 0x33, 0x24, 0x24, 0x33, 0x34,
  0xac, 0xbb, 0xbc, 0xbb, 0xbc, 0xbc, 0xbb, 0xbc, 0x43, 0x43, 0x33, 0x43, 0x43, 0x33, 0x43, 0x43,
  0xbb, 0xac, 0xac, 0xbb, 0xbc, 0xbb, 0xbc, 0xbc, 0x24, 0x33, 0x34, 0x33, 0x34, 0x34, 0x33, 0x34,
  0xcb, 0xcb, 0xbb, 0xcb, 0xcb, 0xbb, 0xcb, 0x0b, 0x40, 0xed, 0x2e, 0x00, 0x00, 0x01, 0x24, 0x24,
  0x33, 0x34, 0x33, 0x34, 0x34, 0x33, 0xbc, 0xcb, 0xcb, 0xbb, 0xcb, 0xcb, 0xbb, 0xcb, 0x33, 0x34,
  0x34, 0x33, 0x34, 0x34, 0x33, 0x34, 0xcb, 0xcb, 0xca, 0xba, 0xcb, 0xbb, 0xcb, 0xcb, 0x33, 0x24,
  0x24, 0x33, 0x34, 0x33, 0x34, 0x34, 0xcb, 0xbb, 0xac, 0xac, 0xbb, 0xbc, 0xbb, 0xbc, 0x43, 0x43,
  0x33, 0x43, 0x43, 0x33, 0x43, 0x43, 0xbb, 0xcb, 0xac, 0xbb, 0xac, 0xac, 0xbb, 0xbc, 0x24, 0x33,
  0x34, 0x33, 0x34, 0x34, 0x33, 0x34, 0xcb, 0xcb, 0xbb, 0xcb, 0xcb, 0xbb, 0xcb, 0xcb, 0x33, 0x43,
  0x43, 0x33, 0x24, 0x24, 0x33, 0x34, 0xac, 0xbb, 0xbc, 0xbb, 0xbc, 0xbc, 0xbb, 0xbc, 0x43, 0x43,
  0x33, 0x43, 0x43, 0x33, 0x43, 0x43, 0xbb, 0xac, 0xac, 0xbb, 0xbc, 0xbb, 0xbc, 0xbc, 0x24, 0x33,
  0x34, 0x33, 0x34, 0x34, 0x33, 0x34, 0xcb, 0xcb, 0xbb, 0xcb, 0xcb, 0xbb, 0xcb, 0x0b, 0x40, 0xed,
  0x2e, 0x00, 0x00, 0x01, 0x24, 0x24, 0x33, 0x34, 0x33, 0x34, 0x34, 0x33, 0xbc, 0xcb, 0xcb, 0xbb,
  0xcb, 0xcb, 0xbb, 0xcb, 0x33, 0x34, 0x34, 0x33, 0x34, 0x34, 0x33, 0x34, 0xcb, 0xcb, 0xca, 0xba,
  0xcb, 0xbb, 0xcb, 0xcb, 0x33, 0x24, 0x24, 0x33, 0x34, 0x33, 0x34, 0x34, 0xcb, 0xbb, 0xac, 0xac,
  0xbb, 0xbc, 0xbb, 0xbc, 0x43, 0x43, 0x33, 0x43, 0x43, 0x33, 0x43, 0x43, 0xbb, 0xcb, 0xac, 0xbb,
  0xac, 0xac, 0xbb, 0xbc, 0x24, 0x33, 0x34, 0x33, 0x34, 0x34, 0x33, 0x34, 0xcb, 0xcb, 0xbb, 0xcb,
  0xcb, 0xbb, 0xcb, 0xcb, 0x33, 0x43, 0x43, 0x33, 0x24, 0x24, 0x33, 0x34, 0xac, 0xbb, 0xbc, 0xbb,
  0xbc, 0xbc, 0xbb, 0xbc, 0x43, 0x43, 0x33, 0x43, 0x43, 0x33, 0x43, 0x43, 0xbb, 0xac, 0xac, 0xbb,
  0xbc, 0xbb, 0xbc, 0xbc, 0x24, 0x33, 0x34, 0x33, 0x34, 0x34, 0x33, 0x34, 0xcb, 0xcb, 0xbb, 0xcb,
  0xcb, 0xbb, 0xcb, 0x0b, 0x40, 0xed, 0x2e, 0x00, 0x00, 0x01, 0x24, 0x24, 0x33, 0x34, 0x33, 0x34,
  0x34, 0x33, 0xbc, 0xcb, 0xcb, 0xbb, 0xcb, 0xcb, 0xbb, 0xcb, 0x33, 0x34, 0x34, 0x33, 0x34, 0x34,
  0x33, 0x34, 0xcb, 0xcb, 0xca, 0xba, 0xcb, 0xbb, 0xcb, 0xcb, 0x33, 0x24, 0x24, 0x33, 0x34, 0x33,
  0x34, 0x34, 0xcb, 0xbb, 0xac, 0xac, 0xbb, 0xbc, 0xbb, 0xbc, 0x43, 0x43, 0x33, 0x43, 0x43, 0x33,
  0x43, 0x43, 0xbb, 0xcb, 0xac, 0xbb, 0xac, 0xac, 0xbb, 0xbc, 0x24, 0x33, 0x34, 0x33, 0x34, 0x34,
  0x33, 0x34, 0xcb, 0xcb, 0xbb, 0xcb, 0xcb, 0xbb, 0xcb, 0xcb, 0x33, 0x43, 0x43, 0x33, 0x24, 0x24,
  0x33, 0x34, 0xac, 0xbb, 0xbc, 0xbb, 0xbc, 0xbc, 0xbb, 0xbc, 0x43, 0x43, 0x33, 0x43, 0x43, 0x33,
  0x43, 0x43, 0xbb, 0xac, 0xac, 0xbb, 0xbc, 0xbb, 0xbc, 0xbc, 0x24, 0x33, 0x34, 0x33, 0x34, 0x34,
  0x33, 0x34, 0xcb, 0xcb, 0xbb, 0xcb, 0xcb, 0xbb, 0xcb, 0x0b, 0x40, 0xed, 0x2e, 0x00, 0x00, 0x01,
  0x24, 0x24, 0x33, 0x34, 0x33, 0x34, 0x34, 0x33, 0xbc, 0xcb, 0xcb, 0xbb, 0xcb, 0xcb, 0xbb, 0xcb,
  0x33, 0x34, 0x34, 0x33, 0x34, 0x34, 0x33, 0x34, 0xcb, 0xcb, 0xca, 0xba, 0xcb, 0xbb, 0xcb, 0xcb,
  0x33, 0x24, 0x24, 0x33, 0x34, 0x33, 0x34, 0x34, 0xcb, 0xbb, 0xac, 0xac, 0xbb, 0xbc, 0xbb, 0xbc,
  0x43, 0x43, 0x33, 0x43, 0x43, 0x33, 0x43, 0x43, 0xbb, 0xcb, 0xac, 0xbb, 0xac, 0xac, 0xbb, 0xbc,
  0x24, 0x33, 0x34, 0x33, 0x34, 0x34, 0x33, 0x34, 0xcb, 0xcb, 0xbb, 0xcb, 0xcb, 0xbb, 0xcb, 0xcb,
  0x33, 0x43, 0x43, 0x33, 0x24, 0x24, 0x33, 0x34, 0xac, 0xbb, 0xbc, 0xbb, 0xbc, 0xbc, 0xbb, 0xbc,
  0x43, 0x43, 0x33, 0x43, 0x43, 0x33, 0x43, 0x43, 0xbb, 0xac, 0xac, 0xbb, 0xbc, 0xbb, 0xbc, 0xbc,
  0x24, 0x33, 0x34, 0x33, 0x34, 0x34, 0x33, 0x34, 0xcb, 0xcb, 0xbb, 0xcb, 0xcb, 0xbb, 0xcb, 0x0b,
  0x40, 0xed, 0x2e, 0x00, 0x00, 0x01, 0x24, 0x24, 0x33, 0x34, 0x33, 0x34, 0x34, 0x33, 0xbc, 0xcb,
  0xcb, 0xbb, 0xcb, 0xcb, 0xbb, 0xcb, 0x33, 0x34, 0x34, 0x33, 0x34, 0x34, 0x33, 0x34, 0xcb, 0xcb,
  0xca, 0xba, 0xcb, 0xbb, 0xcb, 0xcb, 0x33, 0x24, 0x24, 0x33, 0x34, 0x33, 0x34, 0x34, 0xcb, 0xbb,
  0xac, 0xac, 0xbb, 0xbc, 0xbb, 0xbc, 0x43, 0x43, 0x33, 0x43, 0x43, 0x33, 0x43, 0x43, 0xbb, 0xcb,
  0xac, 0xbb, 0xac, 0xac, 0xbb, 0xbc, 0x24, 0x33, 0x34, 0x33, 0x34, 0x34, 0x33, 0x34, 0xcb, 0xcb,
  0xbb, 0xcb, 0xcb, 0xbb, 0xcb, 0xcb, 0x33, 0x43, 0x43, 0x33, 0x24, 0x24, 0x33, 0x34, 0xac, 0xbb,
  0xbc, 0xbb, 0xbc, 0xbc, 0xbb, 0xbc, 0x43, 0x43, 0x33, 0x43, 0x43, 0x33, 0x43, 0x43, 0xbb, 0xac,
  0xac, 0xbb, 0xbc, 0xbb, 0xbc, 0xbc, 0x24, 0x33, 0x34, 0x33, 0x34, 0x34, 0x33, 0x34, 0xcb, 0xcb,
  0xbb, 0xcb, 0xcb, 0xbb, 0xcb, 0x0b, 0x40, 0xed, 0x2e, 0x00, 0x00, 0x01, 0x24, 0x24, 0x33, 0x34,
  0x33, 0x34, 0x34, 0x33, 0xbc, 0xcb, 0xcb, 0xbb, 0xcb, 0xcb, 0xbb, 0xcb, 0x33, 0x34, 0x34, 0x33,
  0x34, 0x34, 0x33, 0x34, 0xcb, 0xcb, 0xca, 0xba, 0xcb, 0xbb, 0xcb, 0xcb, 0x33, 0x24, 0x24, 0x33,
  0x34, 0x33, 0x34, 0x34, 0xcb, 0xbb, 0xac, 0xac, 0xbb, 0xbc, 0xbb, 0xbc, 0x43, 0x43, 0x33, 0x43,
  0x43, 0x33, 0x43, 0x43, 0xbb, 0xcb, 0xac, 0xbb, 0xac, 0xac, 0xbb, 0xbc, 0x24, 0x33, 0x34, 0x33,
  0x34, 0x34, 0x33, 0x34, 0xcb, 0xcb, 0xbb, 0xcb, 0xcb, 0xbb, 0xcb, 0xcb, 0x33, 0x43, 0x43, 0x33,
  0x24, 0x24, 0x33, 0x34, 0xac, 0xbb, 0xbc, 0xbb, 0xbc, 0xbc, 0xbb, 0xbc, 0x43, 0x43, 0x33, 0x43,
  0x43, 0x33, 0x43, 0x43, 0xbb, 0xac, 0xac, 0xbb, 0xbc, 0xbb, 0xbc, 0xbc, 0x24, 0x33, 0x34, 0x33,
  0x34, 0x34, 0x33, 0x34, 0xcb, 0xcb, 0xbb, 0xcb, 0xcb, 0xbb, 0xcb, 0x0b, 0x40, 0xed, 0x2e, 0x00,
  0x00, 0x01, 0x24, 0x24, 0x33, 0x34, 0x33, 0x34, 0x34, 0x33, 0xbc, 0xcb, 0xcb, 0xbb, 0xcb, 0xcb,
  0xbb, 0xcb, 0x33, 0x34, 0x34, 0x33, 0x34, 0x34, 0x33, 0x34, 0xcb, 0xcb, 0xca, 0xba, 0xcb, 0xbb,
  0xcb, 0xcb, 0x33, 0x24, 0x24, 0x33, 0x34, 0x33, 0x34, 0x34, 0xcb, 0xbb, 0xac, 0xac, 0xbb, 0xbc,
  0xbb, 0xbc, 0x43, 0x43, 0x33, 0x43, 0x43, 0x33, 0x43, 0x43, 0xbb, 0xcb, 0xac, 0xbb, 0xac, 0xac,
  0xbb, 0xbc, 0x24, 0x33, 0x34, 0x33, 0x34, 0x34, 0x33, 0x34, 0xcb, 0xcb, 0xbb, 0xcb, 0xcb, 0xbb,
  0xcb, 0xcb, 0x33, 0x43, 0x43, 0x33, 0x24, 0x24, 0x33, 0x34, 0xac, 0xbb, 0xbc, 0xbb, 0xbc, 0xbc,
  0xbb, 0xbc, 0x43, 0x43, 0x33, 0x43, 0x43, 0x33, 0x43, 0x43, 0xbb, 0xac, 0xac, 0xbb, 0xbc, 0xbb,
  0xbc, 0xbc, 0x24, 0x33, 0x34, 0x33, 0x34, 0x34, 0x33, 0x34, 0xcb, 0xcb, 0xbb, 0xcb, 0xcb, 0xbb,
  0xcb, 0x0b, 0x40, 0xed, 0x2e, 0x00, 0x00, 0x01, 0x24, 0x24, 0x33, 0x34, 0x33, 0x34, 0x34, 0x33,
  0xbc, 0xcb, 0xcb, 0xbb, 0xcb, 0xcb, 0xbb, 0xcb, 0x33, 0x34, 0x34, 0x33, 0x34, 0x34, 0x33, 0x34,
  0xcb, 0xcb, 0xca, 0xba, 0xcb, 0xbb, 0xcb, 0xcb, 0x33, 0x24, 0x24, 0x33, 0x34, 0x33, 0x34, 0x34,
  0xcb, 0xbb, 0xac, 0xac, 0xbb, 0xbc, 0xbb, 0xbc, 0x43, 0x43, 0x33, 0x43, 0x43, 0x33, 0x43, 0x43,
  0xbb, 0xcb, 0xac, 0xbb, 0xac, 0xac, 0xbb, 0xbc, 0x24, 0x33, 0x34, 0x33, 0x34, 0x34, 0x33, 0x34,
  0xcb, 0xcb, 0xbb, 0xcb, 0xcb, 0xbb, 0xcb, 0xcb, 0x33, 0x43, 0x43, 0x33, 0x24, 0x24, 0x33, 0x34,
  0xac, 0xbb, 0xbc, 0xbb, 0xbc, 0xbc, 0xbb, 0xbc, 0x43, 0x43, 0x33, 0x43, 0x43, 0x33, 0x43, 0x43,
  0xbb, 0xac, 0xac, 0xbb, 0xbc, 0xbb, 0xbc, 0xbc, 0x24, 0x33, 0x34, 0x33, 0x34, 0x34, 0x33, 0x34,
  0xcb, 0xcb, 0xbb, 0xcb, 0xcb, 0xbb, 0xcb, 0x0b, 0x40, 0xed, 0x2e, 0x00, 0x00, 0x01, 0x24, 0x24,
  0x33, 0x34, 0x33, 0x34, 0x34, 0x33, 0xbc, 0xcb, 0xcb, 0xbb, 0xcb, 0xcb, 0xbb, 0xcb, 0x33, 0x34,
  0x34, 0x33, 0x34, 0x34, 0x33, 0x34, 0xcb, 0xcb, 0xca, 0xba, 0xcb, 0xbb, 0xcb, 0xcb, 0x33, 0x24,
  0x24, 0x33, 0x34, 0x33, 0x34, 0x34, 0xcb, 0xbb, 0xac, 0xac, 0xbb, 0xbc, 0xbb, 0xbc, 0x43, 0x43,
  0x33, 0x43, 0x43, 0x33, 0x43, 0x43, 0xbb, 0xcb, 0xac, 0xbb, 0xac, 0xac, 0xbb, 0xbc, 0x24, 0x33,
  0x34, 0x33, 0x34, 0x34, 0x33, 0x34, 0xcb, 0xcb, 0xbb, 0xcb, 0xcb, 0xbb, 0xcb, 0xcb, 0x33, 0x43,
  0x43, 0x33, 0x24, 0x24, 0x33, 0x34, 0xac, 0xbb, 0xbc, 0xbb, 0xbc, 0xbc, 0xbb, 0xbc, 0x43, 0x43,
  0x33, 0x43, 0x43, 0x33, 0x43, 0x43, 0xbb, 0xac, 0xac, 0xbb, 0xbc, 0xbb, 0xbc, 0xbc, 0x24, 0x33,
  0x34, 0x33, 0x34, 0x34, 0x33, 0x34, 0xcb, 0xcb, 0xbb, 0xcb, 0xcb, 0xbb, 0xcb, 0x0b, 0x40, 0xed,
  0x2e, 0x00, 0x00, 0x01, 0x24, 0x24, 0x33, 0x34, 0x33, 0x34, 0x34, 0x33, 0xbc, 0xcb, 0xcb, 0xbb,
  0xcb, 0xcb, 0xbb, 0xcb, 0x33, 0x34, 0x34, 0x33, 0x34, 0x34, 0x33, 0x34, 0xcb, 0xcb, 0xca, 0xba,
  0xcb, 0xbb, 0xcb, 0xcb, 0x33, 0x24, 0x24, 0x33, 0x34, 0x33, 0x34, 0x34, 0xcb, 0xbb, 0xac, 0xac,
  0xbb, 0xbc, 0xbb, 0xbc, 0x43, 0x43, 0x33, 0x43, 0x43, 0x33, 0x43, 0x43, 0xbb, 0xcb, 0xac, 0xbb,
  0xac, 0xac, 0xbb, 0xbc, 0x24, 0x33, 0x34, 0x33, 0x34, 0x34, 0x33, 0x34, 0xcb, 0xcb, 0xbb, 0xcb,
  0xcb, 0xbb, 0xcb, 0xcb, 0x33, 0x43, 0x43, 0x33, 0x24, 0x24, 0x33, 0x34, 0xac, 0xbb, 0xbc, 0xbb,
  0xbc, 0xbc, 0xbb, 0xbc, 0x43, 0x43, 0x33, 0x43, 0x43, 0x33, 0x43, 0x43, 0xbb, 0xac, 0xac, 0xbb,
  0xbc, 0xbb, 0xbc, 0xbc, 0x24, 0x33, 0x34, 0x33, 0x34, 0x34, 0x33, 0x34, 0xcb, 0xcb, 0xbb, 0xcb,
  0xcb, 0xbb, 0xcb, 0x0b, 0x40, 0xed, 0x2e, 0x00, 0x00, 0x01, 0x24, 0x24, 0x33, 0x34, 0x33, 0x34,
  0x34, 0x33, 0xbc, 0xcb, 0xcb, 0xbb, 0xcb, 0xcb, 0xbb, 0xcb, 0x33, 0x34, 0x34, 0x33, 0x34, 0x34,
  0x33, 0x34, 0xcb, 0xcb, 0xca, 0xba, 0xcb, 0xbb, 0xcb, 0xcb, 0x33, 0x24, 0x24, 0x33, 0x34, 0x33,
  0x34, 0x34, 0xcb, 0xbb, 0xac, 0xac, 0xbb, 0xbc, 0xbb, 0xbc, 0x43, 0x43, 0x33, 0x43, 0x43, 0x33,
  0x43, 0x43, 0xbb, 0xcb, 0xac, 0xbb, 0xac, 0xac, 0xbb, 0xbc, 0x24, 0x33, 0x34, 0x33, 0x34, 0x34,
  0x33, 0x34, 0xcb, 0xcb, 0xbb, 0xcb, 0xcb, 0xbb, 0xcb, 0xcb, 0x33, 0x43, 0x43, 0x33, 0x24, 0x24,
  0x33, 0x34, 0xac, 0xbb, 0xbc, 0xbb, 0xbc, 0xbc, 0xbb, 0xbc, 0x43, 0x43, 0x33, 0x43, 0x43, 0x33,
  0x43, 0x43, 0xbb, 0xac, 0xac, 0xbb, 0xbc, 0xbb, 0xbc, 0xbc, 0x24, 0x33, 0x34, 0x33, 0x34, 0x34,
  0x33, 0x34, 0xcb, 0xcb, 0xbb, 0xcb, 0xcb, 0xbb, 0xcb, 0x0b, 0x40, 0xed, 0x2e, 0x00, 0x00, 0x01,
  0x24, 0x24, 0x33, 0x34, 0x33, 0x34, 0x34, 0x33, 0xbc, 0xcb, 0xcb, 0xbb, 0xcb, 0xcb, 0xbb, 0xcb,
  0x33, 0x34, 0x34, 0x33, 0x34, 0x34, 0x33, 0x34, 0xcb, 0xcb, 0xca, 0xba, 0xcb, 0xbb, 0xcb, 0xcb,
  0x33, 0x24, 0x24, 0x33, 0x34, 0x33, 0x34, 0x34, 0xcb, 0xbb, 0xac, 0xac, 0xbb, 0xbc, 0xbb, 0xbc,
  0x43, 0x43, 0x33, 0x43, 0x43, 0x33, 0x43, 0x43, 0xbb, 0xcb, 0xac, 0xbb, 0xac, 0xac, 0xbb, 0xbc,
  0x24, 0x33, 0x34, 0x33, 0x34, 0x34, 0x33, 0x34, 0xcb, 0xcb, 0xbb, 0xcb, 0xcb, 0xbb, 0xcb, 0xcb,
  0x33, 0x43, 0x43, 0x33, 0x24, 0x24, 0x33, 0x34, 0xac, 0xbb, 0xbc, 0xbb, 0xbc, 0xbc, 0xbb, 0xbc,
  0x43, 0x43, 0x33, 0x43, 0x43, 0x33, 0x43, 0x43, 0xbb, 0xac, 0xac, 0xbb, 0xbc, 0xbb, 0xbc, 0xbc,
  0x24, 0x33, 0x34, 0x33, 0x34, 0x34, 0x33, 0x34, 0xcb, 0xcb, 0xbb, 0xcb, 0xcb, 0xbb, 0xcb, 0x0b,
  0x40, 0xed, 0x2e, 0x00, 0x00, 0x01, 0x24, 0x24, 0x33, 0x34, 0x33, 0x34, 0x34, 0x33, 0xbc, 0xcb,
  0xcb, 0xbb, 0xcb, 0xcb, 0xbb, 0xcb, 0x33, 0x34, 0x34, 0x33, 0x34, 0x34, 0x33, 0x34, 0xcb, 0xcb,
  0xca, 0xba, 0xcb, 0xbb, 0xcb, 0xcb, 0x33, 0x24, 0x24, 0x33, 0x34, 0x33, 0x34, 0x34, 0xcb, 0xbb,
  0xac, 0xac, 0xbb, 0xbc, 0xbb, 0xbc, 0x43, 0x43, 0x33, 0x43, 0x43, 0x33, 0x43, 0x43, 0xbb, 0xcb,
  0xac, 0xbb, 0xac, 0xac, 0xbb, 0xbc, 0x24, 0x33, 0x34, 0x33, 0x34, 0x34, 0x33, 0x34, 0xcb, 0xcb,
  0xbb, 0xcb, 0xcb, 0xbb, 0xcb, 0xcb, 0x33, 0x43, 0x43, 0x33, 0x24, 0x24, 0x33, 0x34, 0xac, 0xbb,
  0xbc, 0xbb, 0xbc, 0xbc, 0xbb, 0xbc, 0x43, 0x43, 0x33, 0x43, 0x43, 0x33, 0x43, 0x43, 0xbb, 0xac,
  0xac, 0xbb, 0xbc, 0xbb, 0xbc, 0xbc, 0x24, 0x33, 0x34, 0x33, 0x34, 0x34, 0x33, 0x34, 0xcb, 0xcb,
  0xbb, 0xcb, 0xcb, 0xbb, 0xcb, 0x0b, 0x40, 0xed, 0x2e, 0x00, 0x00, 0x01, 0x24, 0x24, 0x33, 0x34,
  0x33, 0x34, 0x34, 0x33, 0xbc, 0xcb, 0xcb, 0xbb, 0xcb, 0xcb, 0xbb, 0xcb, 0x33, 0x34, 0x34, 0x33,
  0x34, 0x34, 0x33, 0x34, 0xcb, 0xcb, 0xca, 0xba, 0xcb, 0xbb, 0xcb, 0xcb, 0x33, 0x24, 0x24, 0x33,
  0x34, 0x33, 0x34, 0x34, 0xcb, 0xbb, 0xac, 0xac, 0xbb, 0xbc, 0xbb, 0xbc, 0x43, 0x43, 0x33, 0x43,
  0x43, 0x33, 0x43, 0x43, 0xbb, 0xcb, 0xac, 0xbb, 0xac, 0xac, 0xbb, 0xbc, 0x24, 0x33, 0x34, 0x33,
  0x34, 0x34, 0x33, 0x34, 0xcb, 0xcb, 0xbb, 0xcb, 0xcb, 0xbb, 0xcb, 0xcb, 0x33, 0x43, 0x43, 0x33,
  0x24, 0x24, 0x33, 0x34, 0xac, 0xbb, 0xbc, 0xbb, 0xbc, 0xbc, 0xbb, 0xbc, 0x43, 0x43, 0x33, 0x43,
  0x43, 0x33, 0x43, 0x43, 0xbb, 0xac, 0xac, 0xbb, 0xbc, 0xbb, 0xbc, 0xbc, 0x24, 0x33, 0x34, 0x33,
  0x34, 0x34, 0x33, 0x34, 0xcb, 0xcb, 0xbb, 0xcb, 0xcb, 0xbb, 0xcb, 0x0b, 0x40, 0xed, 0x2e, 0x00,
  0x00, 0x01, 0x24, 0x24, 0x33, 0x34, 0x33, 0x34, 0x34, 0x33, 0xbc, 0xcb, 0xcb, 0xbb, 0xcb, 0xcb,
  0xbb, 0xcb, 0x33, 0x34, 0x34, 0x33, 0x34, 0x34, 0x33, 0x34, 0xcb, 0xcb, 0xca, 0xba, 0xcb, 0xbb,
  0xcb, 0xcb, 0x33, 0x24, 0x24, 0x33, 0x34, 0x33, 0x34, 0x34, 0xcb, 0xbb, 0xac, 0xac, 0xbb, 0xbc,
  0xbb, 0xbc, 0x43, 0x43, 0x33, 0x43, 0x43, 0x33, 0x43, 0x43, 0xbb, 0xcb, 0xac, 0xbb, 0xac, 0xac,
  0xbb, 0xbc, 0x24, 0x33, 0x34, 0x33, 0x34, 0x34, 0x33, 0x34, 0xcb, 0xcb, 0xbb, 0xcb, 0xcb, 0xbb,
  0xcb, 0xcb, 0x33, 0x43, 0x43, 0x33, 0x24, 0x24, 0x33, 0x34, 0xac, 0xbb, 0xbc, 0xbb, 0xbc, 0xbc,
  0xbb, 0xbc, 0x43, 0x43, 0x33, 0x43, 0x43, 0x33, 0x43, 0x43, 0xbb, 0xac, 0xac, 0xbb, 0xbc, 0xbb,
  0xbc, 0xbc, 0x24, 0x33, 0x34, 0x33, 0x34, 0x34, 0x33, 0x34, 0xcb, 0xcb, 0xbb, 0xcb, 0xcb, 0xbb,
  0xcb, 0x0b, 0x40, 0xed, 0x2e, 0x00, 0x00, 0x01, 0x24, 0x24, 0x33, 0x34, 0x33, 0x34, 0x34, 0x33,
  0xbc, 0xcb, 0xcb, 0xbb, 0xcb, 0xcb, 0xbb, 0xcb, 0x33, 0x34, 0x34, 0x33, 0x34, 0x34, 0x33, 0x34,
  0xcb, 0xcb, 0xca, 0xba, 0xcb, 0xbb, 0xcb, 0xcb, 0x33, 0x24, 0x24, 0x33, 0x34, 0x33, 0x34, 0x34,
  0xcb, 0xbb, 0xac, 0xac, 0xbb, 0xbc, 0xbb, 0xbc, 0x43, 0x43, 0x33, 0x43, 0x43, 0x33, 0x43, 0x43,
  0xbb, 0xcb, 0xac, 0xbb, 0xac, 0xac, 0xbb, 0xbc, 0x24, 0x33, 0x34, 0x33, 0x34, 0x34, 0x33, 0x34,
  0xcb, 0xcb, 0xbb, 0xcb, 0xcb, 0xbb, 0xcb, 0xcb, 0x33, 0x43, 0x43, 0x33, 0x24, 0x24, 0x33, 0x34,
  0xac, 0xbb, 0xbc, 0xbb, 0xbc, 0xbc, 0xbb, 0xbc, 0x43, 0x43, 0x33, 0x43, 0x43, 0x33, 0x43, 0x43,
  0xbb, 0xac, 0xac, 0xbb, 0xbc, 0xbb, 0xbc, 0xbc, 0x24, 0x33, 0x34, 0x33, 0x34, 0x34, 0x33, 0x34,
  0xcb, 0xcb, 0xbb, 0xcb, 0xcb, 0xbb, 0xcb, 0x0b, 0x40, 0xed, 0x2e, 0x00, 0x00, 0x01, 0x24, 0x24,
  0x33, 0x34, 0x33, 0x34, 0x34, 0x33, 0xbc, 0xcb, 0xcb, 0xbb, 0xcb, 0xcb, 0xbb, 0xcb, 0x33, 0x34,
  0x34, 0x33, 0x34, 0x34, 0x33, 0x34, 0xcb, 0xcb, 0xca, 0xba, 0xcb, 0xbb, 0xcb, 0xcb, 0x33, 0x24,
  0x24, 0x33, 0x34, 0x33, 0x34, 0x34, 0xcb, 0xbb, 0xac, 0xac, 0xbb, 0xbc, 0xbb, 0xbc, 0x43, 0x43,
  0x33, 0x43, 0x43, 0x33, 0x43, 0x43, 0xbb, 0xcb, 0xac, 0xbb, 0xac, 0xac, 0xbb, 0xbc, 0x24, 0x33,
  0x34, 0x33, 0x34, 0x34, 0x33, 0x34, 0xcb, 0xcb, 0xbb, 0xcb, 0xcb, 0xbb, 0xcb, 0xcb, 0x33, 0x43,
  0x43, 0x33, 0x24, 0x24, 0x33, 0x34, 0xac, 0xbb, 0xbc, 0xbb, 0xbc, 0xbc, 0xbb, 0xbc, 0x43, 0x43,
  0x33, 0x43, 0x43, 0x33, 0x43, 0x43, 0xbb, 0xac, 0xac, 0xbb, 0xbc, 0xbb, 0xbc, 0xbc, 0x24, 0x33,
  0x34, 0x33, 0x34, 0x34, 0x33, 0x34, 0xcb, 0xcb, 0xbb, 0xcb, 0xcb, 0xbb, 0xcb, 0x0b, 0x40, 0xed,
  0x2e, 0x00, 0x00, 0x01, 0x24, 0x24, 0x33, 0x34, 0x33, 0x34, 0x34, 0x33, 0xbc, 0xcb, 0xcb, 0xbb,
  0xcb, 0xcb, 0xbb, 0xcb, 0x33, 0x34, 0x34, 0x33, 0x34, 0x34, 0x33, 0x34, 0xcb, 0xcb, 0xca, 0xba,
  0xcb, 0xbb, 0xcb, 0xcb, 0x33, 0x24, 0x24, 0x33, 0x34, 0x33, 0x34, 0x34, 0xcb, 0xbb, 0xac, 0xac,
  0xbb, 0xbc, 0xbb, 0xbc, 0x43, 0x43, 0x33, 0x43, 0x43, 0x33, 0x43, 0x43, 0xbb, 0xcb, 0xac, 0xbb,
  0xac, 0xac, 0xbb, 0xbc, 0x24, 0x33, 0x34, 0x33, 0x34, 0x34, 0x33, 0x34, 0xcb, 0xcb, 0xbb, 0xcb,
  0xcb, 0xbb, 0xcb, 0xcb, 0x33, 0x43, 0x43, 0x33, 0x24, 0x24, 0x33, 0x34, 0xac, 0xbb, 0xbc, 0xbb,
  0xbc, 0xbc, 0xbb, 0xbc, 0x43, 0x43, 0x33, 0x43, 0x43, 0x33, 0x43, 0x43, 0xbb, 0xac, 0xac, 0xbb,
  0xbc, 0xbb, 0xbc, 0xbc, 0x24, 0x33, 0x34, 0x33, 0x34, 0x34, 0x33, 0x34, 0xcb, 0xcb, 0xbb, 0xcb,
  0xcb, 0xbb, 0xcb, 0x0b, 0x40, 0xed, 0x2e, 0x00, 0x00, 0x01, 0x24, 0x24, 0x33, 0x34, 0x33, 0x34,
  0x34, 0x33, 0xbc, 0xcb, 0xcb, 0xbb, 0xcb, 0xcb, 0xbb, 0xcb, 0x33, 0x34, 0x34, 0x33, 0x34, 0x34,
  0x33, 0x34, 0xcb, 0xcb, 0xca, 0xba, 0xcb, 0xbb, 0xcb, 0xcb, 0x33, 0x24, 0x24, 0x33, 0x34, 0x33,
  0x34, 0x34, 0xcb, 0xbb, 0xac, 0xac, 0xbb, 0xbc, 0xbb, 0xbc, 0x43, 0x43, 0x33, 0x43, 0x43, 0x33,
  0x43, 0x43, 0xbb, 0xcb, 0xac, 0xbb, 0xac, 0xac, 0xbb, 0xbc, 0x24, 0x33, 0x34, 0x33, 0x34, 0x34,
  0x33, 0x34, 0xcb, 0xcb, 0xbb, 0xcb, 0xcb, 0xbb, 0xcb, 0xcb, 0x33, 0x43, 0x43, 0x33, 0x24, 0x24,
  0x33, 0x34, 0xac, 0xbb, 0xbc, 0xbb, 0xbc, 0xbc, 0xbb, 0xbc, 0x43, 0x43, 0x33, 0x43, 0x43, 0x33,
  0x43, 0x43, 0xbb, 0xac, 0xac, 0xbb, 0xbc, 0xbb, 0xbc, 0xbc, 0x24, 0x33, 0x34, 0x33, 0x34, 0x34,
  0x33, 0x34, 0xcb, 0xcb, 0xbb, 0xcb, 0xcb, 0xbb, 0xcb, 0x0b, 0x40, 0xed, 0x2e, 0x00, 0x00, 0x01,
  0x24, 0x24, 0x33, 0x34, 0x33, 0x34, 0x34, 0x33, 0xbc, 0xcb, 0xcb, 0xbb, 0xcb, 0xcb, 0xbb, 0xcb,
  0x33, 0x34, 0x34, 0x33, 0x34, 0x34, 0x33, 0x34, 0xcb, 0xcb, 0xca, 0xba, 0xcb, 0xbb, 0xcb, 0xcb,
  0x33, 0x24, 0x24, 0x33, 0x34, 0x33, 0x34, 0x34, 0xcb, 0xbb, 0xac, 0xac, 0xbb, 0xbc, 0xbb, 0xbc,
  0x43, 0x43, 0x33, 0x43, 0x43, 0x33, 0x43, 0x43, 0xbb, 0xcb, 0xac, 0xbb, 0xac, 0xac, 0xbb, 0xbc,
  0x24, 0x33, 0x34, 0x33, 0x34, 0x34, 0x33, 0x34, 0xcb, 0xcb, 0xbb, 0xcb, 0xcb, 0xbb, 0xcb, 0xcb,
  0x33, 0x43, 0x43, 0x33, 0x24, 0x24, 0x33, 0x34, 0xac, 0xbb, 0xbc, 0xbb, 0xbc, 0xbc, 0xbb, 0xbc,
  0x43, 0x43, 0x33, 0x43, 0x43, 0x33, 0x43, 0x43, 0xbb, 0xac, 0xac, 0xbb, 0xbc, 0xbb, 0xbc, 0xbc,
  0x24, 0x33, 0x34, 0x33, 0x34, 0x34, 0x33, 0x34, 0xcb, 0xcb, 0xbb, 0xcb, 0xcb, 0xbb, 0xcb, 0x0b,
  0x40, 0xed, 0x2e, 0x00, 0x00, 0x01, 0x24, 0x24, 0x33, 0x34, 0x33, 0x34, 0x34, 0x33, 0xbc, 0xcb,
  0xcb, 0xbb, 0xcb, 0xcb, 0xbb, 0xcb, 0x33, 0x34, 0x34, 0x33, 0x34, 0x34, 0x33, 0x34, 0xcb, 0xcb,
  0xca, 0xba, 0xcb, 0xbb, 0xcb, 0xcb, 0x33, 0x24, 0x24, 0x33, 0x34, 0x33, 0x34, 0x34, 0xcb, 0xbb,
  0xac, 0xac, 0xbb, 0xbc, 0xbb, 0xbc, 0x43, 0x43, 0x33, 0x43, 0x43, 0x33, 0x43, 0x43, 0xbb, 0xcb,
  0xac, 0xbb, 0xac, 0xac, 0xbb, 0xbc, 0x24, 0x33, 0x34, 0x33, 0x34, 0x34, 0x33, 0x34, 0xcb, 0xcb,
  0xbb, 0xcb, 0xcb, 0xbb, 0xcb, 0xcb, 0x33, 0x43, 0x43, 0x33, 0x24, 0x24, 0x33, 0x34, 0xac, 0xbb,
  0xbc, 0xbb, 0xbc, 0xbc, 0xbb, 0xbc, 0x43, 0x43, 0x33, 0x43, 0x43, 0x33, 0x43, 0x43, 0xbb, 0xac,
  0xac, 0xbb, 0xbc, 0xbb, 0xbc, 0xbc, 0x24, 0x33, 0x34, 0x33, 0x34, 0x34, 0x33, 0x34, 0xcb, 0xcb,
  0xbb, 0xcb, 0xcb, 0xbb, 0xcb, 0x0b, 0x40, 0xed, 0x2e, 0x00, 0x00, 0x01, 0x24, 0x24, 0x33, 0x34,
  0x33, 0x34, 0x34, 0x33, 0xbc, 0xcb, 0xcb, 0xbb, 0xcb, 0xcb, 0xbb, 0xcb, 0x33, 0x34, 0x34, 0x33,
  0x34, 0x34, 0x33, 0x34, 0xcb, 0xcb, 0xca, 0xba, 0xcb, 0xbb, 0xcb, 0xcb, 0x33, 0x24, 0x24, 0x33,
  0x34, 0x33, 0x34, 0x34, 0xcb, 0xbb, 0xac, 0xac, 0xbb, 0xbc, 0xbb, 0xbc, 0x43, 0x43, 0x33, 0x43,
  0x43, 0x33, 0x43, 0x43, 0xbb, 0xcb, 0xac, 0xbb, 0xac, 0xac, 0xbb, 0xbc, 0x24, 0x33, 0x34, 0x33,
  0x34, 0x34, 0x33, 0x34, 0xcb, 0xcb, 0xbb, 0xcb, 0xcb, 0xbb, 0xcb, 0xcb, 0x33, 0x43, 0x43, 0x33,
  0x24, 0x24, 0x33, 0x34, 0xac, 0xbb, 0xbc, 0xbb, 0xbc, 0xbc, 0xbb, 0xbc, 0x43, 0x43, 0x33, 0x43,
  0x43, 0x33, 0x43, 0x43, 0xbb, 0xac, 0xac, 0xbb, 0xbc, 0xbb, 0xbc, 0xbc, 0x24, 0x33, 0x34, 0x33,
  0x34, 0x34, 0x33, 0x34, 0xcb, 0xcb, 0xbb, 0xcb, 0xcb, 0xbb, 0xcb, 0x0b, 0x40, 0xed, 0x2e, 0x00,
  0x00, 0x01, 0x24, 0x24, 0x33, 0x34, 0x33, 0x34, 0x34, 0x33, 0xbc, 0xcb, 0xcb, 0xbb, 0xcb, 0xcb,
  0xbb, 0xcb, 0x33, 0x34, 0x34, 0x33, 0x34, 0x34, 0x33, 0x34, 0xcb, 0xcb, 0xca, 0xba, 0xcb, 0xbb,
  0xcb, 0xcb, 0x33, 0x24, 0x24, 0x33, 0x34, 0x33, 0x34, 0x34, 0xcb, 0xbb, 0xac, 0xac, 0xbb, 0xbc,
  0xbb, 0xbc, 0x43, 0x43, 0x33, 0x43, 0x43, 0x33, 0x43, 0x43, 0xbb, 0xcb, 0xac, 0xbb, 0xac, 0xac,
  0xbb, 0xbc, 0x24, 0x33, 0x34, 0x33, 0x34, 0x34, 0x33, 0x34, 0xcb, 0xcb, 0xbb, 0xcb, 0xcb, 0xbb,
  0xcb, 0xcb, 0x33, 0x43, 0x43, 0x33, 0x24, 0x24, 0x33, 0x34, 0xac, 0xbb, 0xbc, 0xbb, 0xbc, 0xbc,
  0xbb, 0xbc, 0x43, 0x43, 0x33, 0x43, 0x43, 0x33, 0x43, 0x43, 0xbb, 0xac, 0xac, 0xbb, 0xbc, 0xbb,
  0xbc, 0xbc, 0x24, 0x33, 0x34, 0x33, 0x34, 0x34, 0x33, 0x34, 0xcb, 0xcb, 0xbb, 0xcb, 0xcb, 0xbb,
  0xcb, 0x0b, 0x40, 0xed, 0x2e, 0x00, 0x00, 0x01, 0x24, 0x24, 0x33, 0x34, 0x33, 0x34, 0x34, 0x33,
  0xbc, 0xcb, 0xcb, 0xbb, 0xcb, 0xcb, 0xbb, 0xcb, 0x33, 0x34, 0x34, 0x33, 0x34, 0x34, 0x33, 0x34,
  0xcb, 0xcb, 0xca, 0xba, 0xcb, 0xbb, 0xcb, 0xcb, 0x33, 0x24, 0x24, 0x33, 0x34, 0x33, 0x34, 0x34,
  0xcb, 0xbb, 0xac, 0xac, 0xbb, 0xbc, 0xbb, 0xbc, 0x43, 0x43, 0x33, 0x43, 0x43, 0x33, 0x43, 0x43,
  0xbb, 0xcb, 0xac, 0xbb, 0xac, 0xac, 0xbb, 0xbc, 0x24, 0x33, 0x34, 0x33, 0x34, 0x34, 0x33, 0x34,
  0xcb, 0xcb, 0xbb, 0xcb, 0xcb, 0xbb, 0xcb, 0xcb, 0x33, 0x43, 0x43, 0x33, 0x24, 0x24, 0x33, 0x34,
  0xac, 0xbb, 0xbc, 0xbb, 0xbc, 0xbc, 0xbb, 0xbc, 0x43, 0x43, 0x33, 0x43, 0x43, 0x33, 0x43, 0x43,
  0xbb, 0xac, 0xac, 0xbb, 0xbc, 0xbb, 0xbc, 0xbc, 0x24, 0x33, 0x34, 0x33, 0x34, 0x34, 0x33, 0x34,
  0xcb, 0xcb, 0xbb, 0xcb, 0xcb, 0xbb, 0xcb, 0x0b, 0x40, 0xed, 0x2e, 0x00, 0x00, 0x01, 0x24, 0x24,
  0x33, 0x34, 0x33, 0x34, 0x34, 0x33, 0xbc, 0xcb, 0xcb, 0xbb, 0xcb, 0xcb, 0xbb, 0xcb, 0x33, 0x34,
  0x34, 0x33, 0x34, 0x34, 0x33, 0x34, 0xcb, 0xcb, 0xca, 0xba, 0xcb, 0xbb, 0xcb, 0xcb, 0x33, 0x24,
  0x24, 0x33, 0x34, 0x33, 0x34, 0x34, 0xcb, 0xbb, 0xac, 0xac, 0xbb, 0xbc, 0xbb, 0xbc, 0x43, 0x43,
  0x33, 0x43, 0x43, 0x33, 0x43, 0x43, 0xbb, 0xcb, 0xac, 0xbb, 0xac, 0xac, 0xbb, 0xbc, 0x24, 0x33,
  0x34, 0x33, 0x34, 0x34, 0x33, 0x34, 0xcb, 0xcb, 0xbb, 0xcb, 0xcb, 0xbb, 0xcb, 0xcb, 0x33, 0x43,
  0x43, 0x33, 0x24, 0x24, 0x33, 0x34, 0xac, 0xbb, 0xbc, 0xbb, 0xbc, 0xbc, 0xbb, 0xbc, 0x43, 0x43,
  0x33, 0x43, 0x43, 0x33, 0x43, 0x43, 0xbb, 0xac, 0xac, 0xbb, 0xbc, 0xbb, 0xbc, 0xbc, 0x24, 0x33,
  0x34, 0x33, 0x34, 0x34, 0x33, 0x34, 0xcb, 0xcb, 0xbb, 0xcb, 0xcb, 0xbb, 0xcb, 0x0b, 0x40, 0xed,
  0x2e, 0x00, 0x00, 0x01, 0x24, 0x24, 0x33, 0x34, 0x33, 0x34, 0x34, 0x33, 0xbc, 0xcb, 0xcb, 0xbb,
  0xcb, 0xcb, 0xbb, 0xcb, 0x33, 0x34, 0x34, 0x33, 0x34, 0x34, 0x33, 0x34, 0xcb, 0xcb, 0xca, 0xba,
  0xcb, 0xbb, 0xcb, 0xcb, 0x33, 0x24, 0x24, 0x33, 0x34, 0x33, 0x34, 0x34, 0xcb, 0xbb, 0xac, 0xac,
  0xbb, 0xbc, 0xbb, 0xbc, 0x43, 0x43, 0x33, 0x43, 0x43, 0x33, 0x43, 0x43, 0xbb, 0xcb, 0xac, 0xbb,
  0xac, 0xac, 0xbb, 0xbc, 0x24, 0x33, 0x34, 0x33, 0x34, 0x34, 0x33, 0x34, 0xcb, 0xcb, 0xbb, 0xcb,
  0xcb, 0xbb, 0xcb, 0xcb, 0x33, 0x43, 0x43, 0x33, 0x24, 0x24, 0x33, 0x34, 0xac, 0xbb, 0xbc, 0xbb,
  0xbc, 0xbc, 0xbb, 0xbc, 0x43, 0x43, 0x33, 0x43, 0x43, 0x33, 0x43, 0x43, 0xbb, 0xac, 0xac, 0xbb,
  0xbc, 0xbb, 0xbc, 0xbc, 0x24, 0x33, 0x34, 0x33, 0x34, 0x34, 0x33, 0x34, 0xcb, 0xcb, 0xbb, 0xcb,
  0xcb, 0xbb, 0xcb, 0x0b, 0x40, 0xed, 0x2e, 0x00, 0x00, 0x01, 0x24, 0x24, 0x33, 0x34, 0x33, 0x34,
  0x34, 0x33, 0xbc, 0xcb, 0xcb, 0xbb, 0xcb, 0xcb, 0xbb, 0xcb, 0x33, 0x34, 0x34, 0x33, 0x34, 0x34,
  0x33, 0x34, 0xcb, 0xcb, 0xca, 0xba, 0xcb, 0xbb, 0xcb, 0xcb, 0x33, 0x24, 0x24, 0x33, 0x34, 0x33,
  0x34, 0x34, 0xcb, 0xbb, 0xac, 0xac, 0xbb, 0xbc, 0xbb, 0xbc, 0x43, 0x43, 0x33, 0x43, 0x43, 0x33,
  0x43, 0x43, 0xbb, 0xcb, 0xac, 0xbb, 0xac, 0xac, 0xbb, 0xbc, 0x24, 0x33, 0x34, 0x33, 0x34, 0x34,
  0x33, 0x34, 0xcb, 0xcb, 0xbb, 0xcb, 0xcb, 0xbb, 0xcb, 0xcb, 0x33, 0x43, 0x43, 0x33, 0x24, 0x24,
  0x33, 0x34, 0xac, 0xbb, 0xbc, 0xbb, 0xbc, 0xbc, 0xbb, 0xbc, 0x43, 0x43, 0x33, 0x43, 0x43, 0x33,
  0x43, 0x43, 0xbb, 0xac, 0xac, 0xbb, 0xbc, 0xbb, 0xbc, 0xbc, 0x24, 0x33, 0x34, 0x33, 0x34, 0x34,
  0x33, 0x34, 0xcb, 0xcb, 0xbb, 0xcb, 0xcb, 0xbb, 0xcb, 0x0b, 0x40, 0xed, 0x2e, 0x00, 0x00, 0x01,
  0x24, 0x24, 0x33, 0x34, 0x33, 0x34, 0x34, 0x33, 0xbc, 0xcb, 0xcb, 0xbb, 0xcb, 0xcb, 0xbb, 0xcb,
  0x33, 0x34, 0x34, 0x33, 0x34, 0x34, 0x33, 0x34, 0xcb, 0xcb, 0xca, 0xba, 0xcb, 0xbb, 0xcb, 0xcb,
  0x33, 0x24, 0x24, 0x33, 0x34, 0x33, 0x34, 0x34, 0xcb, 0xbb, 0xac, 0xac, 0xbb, 0xbc, 0xbb, 0xbc,
  0x43, 0x43, 0x33, 0x43, 0x43, 0x33, 0x43, 0x43, 0xbb, 0xcb, 0xac, 0xbb, 0xac, 0xac, 0xbb, 0xbc,
  0x24, 0x33, 0x34, 0x33, 0x34, 0x34, 0x33, 0x34, 0xcb, 0xcb, 0xbb, 0xcb, 0xcb, 0xbb, 0xcb, 0xcb,
  0x33, 0x43, 0x43, 0x33, 0x24, 0x24, 0x33, 0x34, 0xac, 0xbb, 0xbc, 0xbb, 0xbc, 0xbc, 0xbb, 0xbc,
  0x43, 0x43, 0x33, 0x43, 0x43, 0x33, 0x43, 0x43, 0xbb, 0xac, 0xac, 0xbb, 0xbc, 0xbb, 0xbc, 0xbc,
  0x24, 0x33, 0x34, 0x33, 0x34, 0x34, 0x33, 0x34, 0xcb, 0xcb, 0xbb, 0xcb, 0xcb, 0xbb, 0xcb, 0x0b,
  0x40, 0xed, 0x2e, 0x00, 0x00, 0x01, 0x24, 0x24, 0x33, 0x34, 0x33, 0x34, 0x34, 0x33, 0xbc, 0xcb,
  0xcb, 0xbb, 0xcb, 0xcb, 0xbb, 0xcb, 0x33, 0x34, 0x34, 0x33, 0x34, 0x34, 0x33, 0x34, 0xcb, 0xcb,
  0xca, 0xba, 0xcb, 0xbb, 0xcb, 0xcb, 0x33, 0x24, 0x24, 0x33, 0x34, 0x33, 0x34, 0x34, 0xcb, 0xbb,
  0xac, 0xac, 0xbb, 0xbc, 0xbb, 0xbc, 0x43, 0x43, 0x33, 0x43, 0x43, 0x33, 0x43, 0x43, 0xbb, 0xcb,
  0xac, 0xbb, 0xac, 0xac, 0xbb, 0xbc, 0x24, 0x33, 0x34, 0x33, 0x34, 0x34, 0x33, 0x34, 0xcb, 0xcb,
  0xbb, 0xcb, 0xcb, 0xbb, 0xcb, 0xcb, 0x33, 0x43, 0x43, 0x33, 0x24, 0x24, 0x33, 0x34, 0xac, 0xbb,
  0xbc, 0xbb, 0xbc, 0xbc, 0xbb, 0xbc, 0x43, 0x43, 0x33, 0x43, 0x43, 0x33, 0x43, 0x43, 0xbb, 0xac,
  0xac, 0xbb, 0xbc, 0xbb, 0xbc, 0xbc, 0x24, 0x33, 0x34, 0x33, 0x34, 0x34, 0x33, 0x34, 0xcb, 0xcb,
  0xbb, 0xcb, 0xcb, 0xbb, 0xcb, 0x0b, 0x40, 0xed, 0x2e, 0x00, 0x00, 0x01, 0x24, 0x24, 0x33, 0x34,
  0x33, 0x34, 0x34, 0x33, 0xbc, 0xcb, 0xcb, 0xbb, 0xcb, 0xcb, 0xbb, 0xcb, 0x33, 0x34, 0x34, 0x33,
  0x34, 0x34, 0x33, 0x34, 0xcb, 0xcb, 0xca, 0xba, 0xcb, 0xbb, 0xcb, 0xcb, 0x33, 0x24, 0x24, 0x33,
  0x34, 0x33, 0x34, 0x34, 0xcb, 0xbb, 0xac, 0xac, 0xbb, 0xbc, 0xbb, 0xbc, 0x43, 0x43, 0x33, 0x43,
  0x43, 0x33, 0x43, 0x43, 0xbb, 0xcb, 0xac, 0xbb, 0xac, 0xac, 0xbb, 0xbc, 0x24, 0x33, 0x34, 0x33,
  0x34, 0x34, 0x33, 0x34, 0xcb, 0xcb, 0xbb, 0xcb, 0xcb, 0xbb, 0xcb, 0xcb, 0x33, 0x43, 0x43, 0x33,
  0x24, 0x24, 0x33, 0x34, 0xac, 0xbb, 0xbc, 0xbb, 0xbc, 0xbc, 0xbb, 0xbc, 0x43, 0x43, 0x33, 0x43,
  0x43, 0x33, 0x43, 0x43, 0xbb, 0xac, 0xac, 0xbb, 0xbc, 0xbb, 0xbc, 0xbc, 0x24, 0x33, 0x34, 0x33,
  0x34, 0x34, 0x33, 0x34, 0xcb, 0xcb, 0xbb, 0xcb, 0xcb, 0xbb, 0xcb, 0x0b, 0x40, 0xed, 0x2e, 0x00,
  0x00, 0x01, 0x24, 0x24, 0x33, 0x34, 0x33, 0x34, 0x34, 0x33, 0xbc, 0xcb, 0xcb, 0xbb, 0xcb, 0xcb,
  0xbb, 0xcb, 0x33, 0x34, 0x34, 0x33, 0x34, 0x34, 0x33, 0x34, 0xcb, 0xcb, 0xca, 0xba, 0xcb, 0xbb,
  0xcb, 0xcb, 0x33, 0x24, 0x24, 0x33, 0x34, 0x33, 0x34, 0x34, 0xcb, 0xbb, 0xac, 0xac, 0xbb, 0xbc,
  0xbb, 0xbc, 0x43, 0x43, 0x33, 0x43, 0x43, 0x33, 0x43, 0x43, 0xbb, 0xcb, 0xac, 0xbb, 0xac, 0xac,
  0xbb, 0xbc, 0x24, 0x33, 0x34, 0x33, 0x34, 0x34, 0x33, 0x34, 0xcb, 0xcb, 0xbb, 0xcb, 0xcb, 0xbb,
  0xcb, 0xcb, 0x33, 0x43, 0x43, 0x33, 0x24, 0x24, 0x33, 0x34, 0xac, 0xbb, 0xbc, 0xbb, 0xbc, 0xbc,
  0xbb, 0xbc, 0x43, 0x43, 0x33, 0x43, 0x43, 0x33, 0x43, 0x43, 0xbb, 0xac, 0xac, 0xbb, 0xbc, 0xbb,
  0xbc, 0xbc, 0x24, 0x33, 0x34, 0x33, 0x34, 0x34, 0x33, 0x34, 0xcb, 0xcb, 0xbb, 0xcb, 0xcb, 0xbb,
  0xcb, 0x0b, 0x40, 0xed, 0x2e, 0x00, 0x00, 0x01, 0x24, 0x24, 0x33, 0x34, 0x33, 0x34, 0x34, 0x33,
  0xbc, 0xcb, 0xcb, 0xbb, 0xcb, 0xcb, 0xbb, 0xcb, 0x33, 0x34, 0x34, 0x33, 0x34, 0x34, 0x33, 0x34,
  0xcb, 0xcb, 0xca, 0xba, 0xcb, 0xbb, 0xcb, 0xcb, 0x33, 0x24, 0x24, 0x33, 0x34, 0x33, 0x34, 0x34,
  0xcb, 0xbb, 0xac, 0xac, 0xbb, 0xbc, 0xbb, 0xbc, 0x43, 0x43, 0x33, 0x43, 0x43, 0x33, 0x43, 0x43,
  0xbb, 0xcb, 0xac, 0xbb, 0xac, 0xac, 0xbb, 0xbc, 0x24, 0x33, 0x34, 0x33, 0x34, 0x34, 0x33, 0x34,
  0xcb, 0xcb, 0xbb, 0xcb, 0xcb, 0xbb, 0xcb, 0xcb, 0x33, 0x43, 0x43, 0x33, 0x24, 0x24, 0x33, 0x34,
  0xac, 0xbb, 0xbc, 0xbb, 0xbc, 0xbc, 0xbb, 0xbc, 0x43, 0x43, 0x33, 0x43, 0x43, 0x33, 0x43, 0x43,
  0xbb, 0xac, 0xac, 0xbb, 0xbc, 0xbb, 0xbc, 0xbc, 0x24, 0x33, 0x34, 0x33, 0x34, 0x34, 0x33, 0x34,
  0xcb, 0xcb, 0xbb, 0xcb, 0xcb, 0xbb, 0xcb, 0x0b, 0x40, 0xed, 0x2e, 0x00, 0x00, 0x01, 0x24, 0x24,
  0x33, 0x34, 0x33, 0x34, 0x34, 0x33, 0xbc, 0xcb, 0xcb, 0xbb, 0xcb, 0xcb, 0xbb, 0xcb, 0x33, 0x34,
  0x34, 0x33, 0x34, 0x34, 0x33, 0x34, 0xcb, 0xcb, 0xca, 0xba, 0xcb, 0xbb, 0xcb, 0xcb, 0x33, 0x24,
  0x24, 0x33, 0x34, 0x33, 0x34, 0x34, 0xcb, 0xbb, 0xac, 0xac, 0xbb, 0xbc, 0xbb, 0xbc, 0x43, 0x43,
  0x33, 0x43, 0x43, 0x33, 0x43, 0x43, 0xbb, 0xcb, 0xac, 0xbb, 0xac, 0xac, 0xbb, 0xbc, 0x24, 0x33,
  0x34, 0x33, 0x34, 0x34, 0x33, 0x34, 0xcb, 0xcb, 0xbb, 0xcb, 0xcb, 0xbb, 0xcb, 0xcb, 0x33, 0x43,
  0x43, 0x33, 0x24, 0x24, 0x33, 0x34, 0xac, 0xbb, 0xbc, 0xbb, 0xbc, 0xbc, 0xbb, 0xbc, 0x43, 0x43,
  0x33, 0x43, 0x43, 0x33, 0x43, 0x43, 0xbb, 0xac, 0xac, 0xbb, 0xbc, 0xbb, 0xbc, 0xbc, 0x24, 0x33,
  0x34, 0x33, 0x34, 0x34, 0x33, 0x34, 0xcb, 0xcb, 0xbb, 0xcb, 0xcb, 0xbb, 0xcb, 0x0b, 0x40, 0xed,
  0x2e, 0x00, 0x00, 0x01, 0x24, 0x24, 0x33, 0x34, 0x33, 0x34, 0x34, 0x33, 0xbc, 0xcb, 0xcb, 0xbb,
  0xcb, 0xcb, 0xbb, 0xcb, 0x33, 0x34, 0x34, 0x33, 0x34, 0x34, 0x33, 0x34, 0xcb, 0xcb, 0xca, 0xba,
  0xcb, 0xbb, 0xcb, 0xcb, 0x33, 0x24, 0x24, 0x33, 0x34, 0x33, 0x34, 0x34, 0xcb, 0xbb, 0xac, 0xac,
  0xbb, 0xbc, 0xbb, 0xbc, 0x43, 0x43, 0x33, 0x43, 0x43, 0x33, 0x43, 0x43, 0xbb, 0xcb, 0xac, 0xbb,
  0xac, 0xac, 0xbb, 0xbc, 0x24, 0x33, 0x34, 0x33, 0x34, 0x34, 0x33, 0x34, 0xcb, 0xcb, 0xbb, 0xcb,
  0xcb, 0xbb, 0xcb, 0xcb, 0x33, 0x43, 0x43, 0x33, 0x24, 0x24, 0x33, 0x34, 0xac, 0xbb, 0xbc, 0xbb,
  0xbc, 0xbc, 0xbb, 0xbc, 0x43, 0x43, 0x33, 0x43, 0x43, 0x33, 0x43, 0x43, 0xbb, 0xac, 0xac, 0xbb,
  0xbc, 0xbb, 0xbc, 0xbc, 0x24, 0x33, 0x34, 0x33, 0x34, 0x34, 0x33, 0x34, 0xcb, 0xcb, 0xbb, 0xcb,
  0xcb, 0xbb, 0xcb, 0x0b, 0x40, 0xed, 0x2e, 0x00, 0x00, 0x01, 0x24, 0x24, 0x33, 0x34, 0x33, 0x34,
  0x34, 0x33, 0xbc, 0xcb, 0xcb, 0xbb, 0xcb, 0xcb, 0xbb, 0xcb, 0x33, 0x34, 0x34, 0x33, 0x34, 0x34,
  0x33, 0x34, 0xcb, 0xcb, 0xca, 0xba, 0xcb, 0xbb, 0xcb, 0xcb, 0x33, 0x24, 0x24, 0x33, 0x34, 0x33,
  0x34, 0x34, 0xcb, 0xbb, 0xac, 0xac, 0xbb, 0xbc, 0xbb, 0xbc, 0x43, 0x43, 0x33, 0x43, 0x43, 0x33,
  0x43, 0x43, 0xbb, 0xcb, 0xac, 0xbb, 0xac, 0xac, 0xbb, 0xbc, 0x24, 0x33, 0x34, 0x33, 0x34, 0x34,
  0x33, 0x34, 0xcb, 0xcb, 0xbb, 0xcb, 0xcb, 0xbb, 0xcb, 0xcb, 0x33, 0x43, 0x43, 0x33, 0x24, 0x24,
  0x33, 0x34, 0xac, 0xbb, 0xbc, 0xbb, 0xbc, 0xbc, 0xbb, 0xbc, 0x43, 0x43, 0x33, 0x43, 0x43, 0x33,
  0x43, 0x43, 0xbb, 0xac, 0xac, 0xbb, 0xbc, 0xbb, 0xbc, 0xbc, 0x24, 0x33, 0x34, 0x33, 0x34, 0x34,
  0x33, 0x34, 0xcb, 0xcb, 0xbb, 0xcb, 0xcb, 0xbb, 0xcb, 0x0b, 0x40, 0xed, 0x2e, 0x00, 0x00, 0x01,
  0x24, 0x24, 0x33, 0x34, 0x33, 0x34, 0x34, 0x33, 0xbc, 0xcb, 0xcb, 0xbb, 0xcb, 0xcb, 0xbb, 0xcb,
  0x33, 0x34, 0x34, 0x33, 0x34, 0x34, 0x33, 0x34, 0xcb, 0xcb, 0xca, 0xba, 0xcb, 0xbb, 0xcb, 0xcb,
  0x33, 0x24, 0x24, 0x33, 0x34, 0x33, 0x34, 0x34, 0xcb, 0xbb, 0xac, 0xac, 0xbb, 0xbc, 0xbb, 0xbc,
  0x43, 0x43, 0x33, 0x43, 0x43, 0x33, 0x43, 0x43, 0xbb, 0xcb, 0xac, 0xbb, 0xac, 0xac, 0xbb, 0xbc,
  0x24, 0x33, 0x34, 0x33, 0x34, 0x34, 0x33, 0x34, 0xcb, 0xcb, 0xbb, 0xcb, 0xcb, 0xbb, 0xcb, 0xcb,
  0x33, 0x43, 0x43, 0x33, 0x24, 0x24, 0x33, 0x34, 0xac, 0xbb, 0xbc, 0xbb, 0xbc, 0xbc, 0xbb, 0xbc,
  0x43, 0x43, 0x33, 0x43, 0x43, 0x33, 0x43, 0x43, 0xbb, 0xac, 0xac, 0xbb, 0xbc, 0xbb, 0xbc, 0xbc,
  0x24, 0x33, 0x34, 0x33, 0x34, 0x34, 0x33, 0x34, 0xcb, 0xcb, 0xbb, 0xcb, 0xcb, 0xbb, 0xcb, 0x0b,
  0x40, 0xed, 0x2e, 0x00, 0x00, 0x01, 0x24, 0x24, 0x33, 0x34, 0x33, 0x34, 0x34, 0x33, 0xbc, 0xcb,
  0xcb, 0xbb, 0xcb, 0xcb, 0xbb, 0xcb, 0x33, 0x34, 0x34, 0x33, 0x34, 0x34, 0x33, 0x34, 0xcb, 0xcb,
  0xca, 0xba, 0xcb, 0xbb, 0xcb, 0xcb, 0x33, 0x24, 0x24, 0x33, 0x34, 0x33, 0x34, 0x34, 0xcb, 0xbb,
  0xac, 0xac, 0xbb, 0xbc, 0xbb, 0xbc, 0x43, 0x43, 0x33, 0x43, 0x43, 0x33, 0x43, 0x43, 0xbb, 0xcb,
  0xac, 0xbb, 0xac, 0xac, 0xbb, 0xbc, 0x24, 0x33, 0x34, 0x33, 0x34, 0x34, 0x33, 0x34, 0xcb, 0xcb,
  0xbb, 0xcb, 0xcb, 0xbb, 0xcb, 0xcb, 0x33, 0x43, 0x43, 0x33, 0x24, 0x24, 0x33, 0x34, 0xac, 0xbb,
  0xbc, 0xbb, 0xbc, 0xbc, 0xbb, 0xbc, 0x43, 0x43, 0x33, 0x43, 0x43, 0x33, 0x43, 0x43, 0xbb, 0xac,
  0xac, 0xbb, 0xbc, 0xbb, 0xbc, 0xbc, 0x24, 0x33, 0x34, 0x33, 0x34, 0x34, 0x33, 0x34, 0xcb, 0xcb,
  0xbb, 0xcb, 0xcb, 0xbb, 0xcb, 0x0b, 0x40, 0xed, 0x2e, 0x00, 0x00, 0x01, 0x24, 0x24, 0x33, 0x34,
  0x33, 0x34, 0x34, 0x33, 0xbc, 0xcb, 0xcb, 0xbb, 0xcb, 0xcb, 0xbb, 0xcb, 0x33, 0x34, 0x34, 0x33,
  0x34, 0x34, 0x33, 0x34, 0xcb, 0xcb, 0xca, 0xba, 0xcb, 0xbb, 0xcb, 0xcb, 0x33, 0x24, 0x24, 0x33,
  0x34, 0x33, 0x34, 0x34, 0xcb, 0xbb, 0xac, 0xac, 0xbb, 0xbc, 0xbb, 0xbc, 0x43, 0x43, 0x33, 0x43,
  0x43, 0x33, 0x43, 0x43, 0xbb, 0xcb, 0xac, 0xbb, 0xac, 0xac, 0xbb, 0xbc, 0x24, 0x33, 0x34, 0x33,
  0x34, 0x34, 0x33, 0x34, 0xcb, 0xcb, 0xbb, 0xcb, 0xcb, 0xbb, 0xcb, 0xcb, 0x33, 0x43, 0x43, 0x33,
  0x24, 0x24, 0x33, 0x34, 0xac, 0xbb, 0xbc, 0xbb, 0xbc, 0xbc, 0xbb, 0xbc, 0x43, 0x43, 0x33, 0x43,
  0x43, 0x33, 0x43, 0x43, 0xbb, 0xac, 0xac, 0xbb, 0xbc, 0xbb, 0xbc, 0xbc, 0x24, 0x33, 0x34, 0x33,
  0x34, 0x34, 0x33, 0x34, 0xcb, 0xcb, 0xbb, 0xcb, 0xcb, 0xbb, 0xcb, 0x0b, 0x40, 0xed, 0x2e, 0x00,
  0x00, 0x01, 0x24, 0x24, 0x33, 0x34, 0x33, 0x34, 0x34, 0x33, 0xbc, 0xcb, 0xcb, 0xbb, 0xcb, 0xcb,
  0xbb, 0xcb, 0x33, 0x34, 0x34, 0x33, 0x34, 0x34, 0x33, 0x34, 0xcb, 0xcb, 0xca, 0xba, 0xcb, 0xbb,
  0xcb, 0xcb, 0x33, 0x24, 0x24, 0x33, 0x34, 0x33, 0x34, 0x34, 0xcb, 0xbb, 0xac, 0xac, 0xbb, 0xbc,
  0xbb, 0xbc, 0x43, 0x43, 0x33, 0x43, 0x43, 0x33, 0x43, 0x43, 0xbb, 0xcb, 0xac, 0xbb, 0xac, 0xac,
  0xbb, 0xbc, 0x24, 0x33, 0x34, 0x33, 0x34, 0x34, 0x33, 0x34, 0xcb, 0xcb, 0xbb, 0xcb, 0xcb, 0xbb,
  0xcb, 0xcb, 0x33, 0x43, 0x43, 0x33, 0x24, 0x24, 0x33, 0x34, 0xac, 0xbb, 0xbc, 0xbb, 0xbc, 0xbc,
  0xbb, 0xbc, 0x43, 0x43, 0x33, 0x43, 0x43, 0x33, 0x43, 0x43, 0xbb, 0xac, 0xac, 0xbb, 0xbc, 0xbb,
  0xbc, 0xbc, 0x24, 0x33, 0x34, 0x33, 0x34, 0x34, 0x33, 0x34, 0xcb, 0xcb, 0xbb, 0xcb, 0xcb, 0xbb,
  0xcb, 0x0b, 0x40, 0xed, 0x2e, 0x00, 0x00, 0x01, 0x24, 0x24, 0x33, 0x34, 0x33, 0x34, 0x34, 0x33,
  0xbc, 0xcb, 0xcb, 0xbb, 0xcb, 0xcb, 0xbb, 0xcb, 0x33, 0x34, 0x34, 0x33, 0x34, 0x34, 0x33, 0x34,
  0xcb, 0xcb, 0xca, 0xba, 0xcb, 0xbb, 0xcb, 0xcb, 0x33, 0x24, 0x24, 0x33, 0x34, 0x33, 0x34, 0x34,
  0xcb, 0xbb, 0xac, 0xac, 0xbb, 0xbc, 0xbb, 0xbc, 0x43, 0x43, 0x33, 0x43, 0x43, 0x33, 0x43, 0x43,
  0xbb, 0xcb, 0xac, 0xbb, 0xac, 0xac, 0xbb, 0xbc, 0x24, 0x33, 0x34, 0x33, 0x34, 0x34, 0x33, 0x34,
  0xcb, 0xcb, 0xbb, 0xcb, 0xcb, 0xbb, 0xcb, 0xcb, 0x33, 0x43, 0x43, 0x33, 0x24, 0x24, 0x33, 0x34,
  0xac, 0xbb, 0xbc, 0xbb, 0xbc, 0xbc, 0xbb, 0xbc, 0x43, 0x43, 0x33, 0x43, 0x43, 0x33, 0x43, 0x43,
  0xbb, 0xac, 0xac, 0xbb, 0xbc, 0xbb, 0xbc, 0xbc, 0x24, 0x33, 0x34, 0x33, 0x34, 0x34, 0x33, 0x34,
  0xcb, 0xcb, 0xbb, 0xcb, 0xcb, 0xbb, 0xcb, 0x0b, 0x40, 0xed, 0x2e, 0x00, 0x00, 0x01, 0x24, 0x24,
  0x33, 0x34, 0x33, 0x34, 0x34, 0x33, 0xbc, 0xcb, 0xcb, 0xbb, 0xcb, 0xcb, 0xbb, 0xcb, 0x33, 0x34,
  0x34, 0x33, 0x34, 0x34, 0x33, 0x34, 0xcb, 0xcb, 0xca, 0xba, 0xcb, 0xbb, 0xcb, 0xcb, 0x33, 0x24,
  0x24, 0x33, 0x34, 0x33, 0x34, 0x34, 0xcb, 0xbb, 0xac, 0xac, 0xbb, 0xbc, 0xbb, 0xbc, 0x43, 0x43,
  0x33, 0x43, 0x43, 0x33, 0x43, 0x43, 0xbb, 0xcb, 0xac, 0xbb, 0xac, 0xac, 0xbb, 0xbc, 0x24, 0x33,
  0x34, 0x33, 0x34, 0x34, 0x33, 0x34, 0xcb, 0xcb, 0xbb, 0xcb, 0xcb, 0xbb, 0xcb, 0xcb, 0x33, 0x43,
  0x43, 0x33, 0x24, 0x24, 0x33, 0x34, 0xac, 0xbb, 0xbc, 0xbb, 0xbc, 0xbc, 0xbb, 0xbc, 0x43, 0x43,
  0x33, 0x43, 0x43, 0x33, 0x43, 0x43, 0xbb, 0xac, 0xac, 0xbb, 0xbc, 0xbb, 0xbc, 0xbc, 0x24, 0x33,
  0x34, 0x33, 0x34, 0x34, 0x33, 0x34, 0xcb, 0xcb, 0xbb, 0xcb, 0xcb, 0xbb, 0xcb, 0x0b, 0x40, 0xed,
  0x2e, 0x00, 0x00, 0x01, 0x24, 0x24, 0x33, 0x34, 0x33, 0x34, 0x34, 0x33, 0xbc, 0xcb, 0xcb, 0xbb,
  0xcb, 0xcb, 0xbb, 0xcb, 0x33, 0x34, 0x34, 0x33, 0x34, 0x34, 0x33, 0x34, 0xcb, 0xcb, 0xca, 0xba,
  0xcb, 0xbb, 0xcb, 0xcb, 0x33, 0x24, 0x24, 0x33, 0x34, 0x33, 0x34, 0x34, 0xcb, 0xbb, 0xac, 0xac,
  0xbb, 0xbc, 0xbb, 0xbc, 0x43, 0x43, 0x33, 0x43, 0x43, 0x33, 0x43, 0x43, 0xbb, 0xcb, 0xac, 0xbb,
  0xac, 0xac, 0xbb, 0xbc, 0x24, 0x33, 0x34, 0x33, 0x34, 0x34, 0x33, 0x34, 0xcb, 0xcb, 0xbb, 0xcb,
  0xcb, 0xbb, 0xcb, 0xcb, 0x33, 0x43, 0x43, 0x33, 0x24, 0x24, 0x33, 0x34, 0xac, 0xbb, 0xbc, 0xbb,
  0xbc, 0xbc, 0xbb, 0xbc, 0x43, 0x43, 0x33, 0x43, 0x43, 0x33, 0x43, 0x43, 0xbb, 0xac, 0xac, 0xbb,
  0xbc, 0xbb, 0xbc, 0xbc, 0x24, 0x33, 0x34, 0x33, 0x34, 0x34, 0x33, 0x34, 0xcb, 0xcb, 0xbb, 0xcb,
  0xcb, 0xbb, 0xcb, 0x0b, 0x40, 0xed, 0x2e, 0x00, 0x00, 0x01, 0x24, 0x24, 0x33, 0x34, 0x33, 0x34,
  0x34, 0x33, 0xbc, 0xcb, 0xcb, 0xbb, 0xcb, 0xcb, 0xbb, 0xcb, 0x33, 0x34, 0x34, 0x33, 0x34, 0x34,
  0x33, 0x34, 0xcb, 0xcb, 0xca, 0xba, 0xcb, 0xbb, 0xcb, 0xcb, 0x33, 0x24, 0x24, 0x33, 0x34, 0x33,
  0x34, 0x34, 0xcb, 0xbb, 0xac, 0xac, 0xbb, 0xbc, 0xbb, 0xbc, 0x43, 0x43, 0x33, 0x43, 0x43, 0x33,
  0x43, 0x43, 0xbb, 0xcb, 0xac, 0xbb, 0xac, 0xac, 0xbb, 0xbc, 0x24, 0x33, 0x34, 0x33, 0x34, 0x34,
  0x33, 0x34, 0xcb, 0xcb, 0xbb, 0xcb, 0xcb, 0xbb, 0xcb, 0xcb, 0x33, 0x43, 0x43, 0x33, 0x24, 0x24,
  0x33, 0x34, 0xac, 0xbb, 0xbc, 0xbb, 0xbc, 0xbc, 0xbb, 0xbc, 0x43, 0x43, 0x33, 0x43, 0x43, 0x33,
  0x43, 0x43, 0xbb, 0xac, 0xac, 0xbb, 0xbc, 0xbb, 0xbc, 0xbc, 0x24, 0x33, 0x34, 0x33, 0x34, 0x34,
  0x33, 0x34, 0xcb, 0xcb, 0xbb, 0xcb, 0xcb, 0xbb, 0xcb, 0x0b, 0x40, 0xed, 0x2e, 0x00, 0x00, 0x01,
  0x24, 0x24, 0x33, 0x34, 0x33, 0x34, 0x34, 0x33, 0xbc, 0xcb, 0xcb, 0xbb, 0xcb, 0xcb, 0xbb, 0xcb,
  0x33, 0x34, 0x34, 0x33, 0x34, 0x34, 0x33, 0x34, 0xcb, 0xcb, 0xca, 0xba, 0xcb, 0xbb, 0xcb, 0xcb,
  0x33, 0x24, 0x24, 0x33, 0x34, 0x33, 0x34, 0x34, 0xcb, 0xbb, 0xac, 0xac, 0xbb, 0xbc, 0xbb, 0xbc,
  0x43, 0x43, 0x33, 0x43, 0x43, 0x33, 0x43, 0x43, 0xbb, 0xcb, 0xac, 0xbb, 0xac, 0xac, 0xbb, 0xbc,
  0x24, 0x33, 0x34, 0x33, 0x34, 0x34, 0x33, 0x34, 0xcb, 0xcb, 0xbb, 0xcb, 0xcb, 0xbb, 0xcb, 0xcb,
  0x33, 0x43, 0x43, 0x33, 0x24, 0x24, 0x33, 0x34, 0xac, 0xbb, 0xbc, 0xbb, 0xbc, 0xbc, 0xbb, 0xbc,
  0x43, 0x43, 0x33, 0x43, 0x43, 0x33, 0x43, 0x43, 0xbb, 0xac, 0xac, 0xbb, 0xbc, 0xbb, 0xbc, 0xbc,
  0x24, 0x33, 0x34, 0x33, 0x34, 0x34, 0x33, 0x34, 0xcb, 0xcb, 0xbb, 0xcb, 0xcb, 0xbb, 0xcb, 0x0b,
  0x40, 0xed, 0x2e, 0x00, 0x00, 0x01, 0x24, 0x24, 0x33, 0x34, 0x33, 0x34, 0x34, 0x33, 0xbc, 0xcb,
  0xcb, 0xbb, 0xcb, 0xcb, 0xbb, 0xcb, 0x33, 0x34, 0x34, 0x33, 0x34, 0x34, 0x33, 0x34, 0xcb, 0xcb,
  0xca, 0xba, 0xcb, 0xbb, 0xcb, 0xcb, 0x33, 0x24, 0x24, 0x33, 0x34, 0x33, 0x34, 0x34, 0xcb, 0xbb,
  0xac, 0xac, 0xbb, 0xbc, 0xbb, 0xbc, 0x43, 0x43, 0x33, 0x43, 0x43, 0x33, 0x43, 0x43, 0xbb, 0xcb,
  0xac, 0xbb, 0xac, 0xac, 0xbb, 0xbc, 0x24, 0x33, 0x34, 0x33, 0x34, 0x34, 0x33, 0x34, 0xcb, 0xcb,
  0xbb, 0xcb, 0xcb, 0xbb, 0xcb, 0xcb, 0x33, 0x43, 0x43, 0x33, 0x24, 0x24, 0x33, 0x34, 0xac, 0xbb,
  0xbc, 0xbb, 0xbc, 0xbc, 0xbb, 0xbc, 0x43, 0x43, 0x33, 0x43, 0x43, 0x33, 0x43, 0x43, 0xbb, 0xac,
  0xac, 0xbb, 0xbc, 0xbb, 0xbc, 0xbc, 0x24, 0x33, 0x34, 0x33, 0x34, 0x34, 0x33, 0x34, 0xcb, 0xcb,
  0xbb, 0xcb, 0xcb, 0xbb, 0xcb, 0x0b, 0x40, 0xed, 0x2e, 0x00, 0x00, 0x01, 0x24, 0x24, 0x33, 0x34,
  0x33, 0x34, 0x34, 0x33, 0xbc, 0xcb, 0xcb, 0xbb, 0xcb, 0xcb, 0xbb, 0xcb, 0x33, 0x34, 0x34, 0x33,
  0x34, 0x34, 0x33, 0x34, 0xcb, 0xcb, 0xca, 0xba, 0xcb, 0xbb, 0xcb, 0xcb, 0x33, 0x24, 0x24, 0x33,
  0x34, 0x33, 0x34, 0x34, 0xcb, 0xbb, 0xac, 0xac, 0xbb, 0xbc, 0xbb, 0xbc, 0x43, 0x43, 0x33, 0x43,
  0x43, 0x33, 0x43, 0x43, 0xbb, 0xcb, 0xac, 0xbb, 0xac, 0xac, 0xbb, 0xbc, 0x24, 0x33, 0x34, 0x33,
  0x34, 0x34, 0x33, 0x34, 0xcb, 0xcb, 0xbb, 0xcb, 0xcb, 0xbb, 0xcb, 0xcb, 0x33, 0x43, 0x43, 0x33,
  0x24, 0x24, 0x33, 0x34, 0xac, 0xbb, 0xbc, 0xbb, 0xbc, 0xbc, 0xbb, 0xbc, 0x43, 0x43, 0x33, 0x43,
  0x43, 0x33, 0x43, 0x43, 0xbb, 0xac, 0xac, 0xbb, 0xbc, 0xbb, 0xbc, 0xbc, 0x24, 0x33, 0x34, 0x33,
  0x34, 0x34, 0x33, 0x34, 0xcb, 0xcb, 0xbb, 0xcb, 0xcb, 0xbb, 0xcb, 0x0b, 0x40, 0xed, 0x2e, 0x00,
  0x00, 0x01, 0x24, 0x24, 0x33, 0x34, 0x33, 0x34, 0x34, 0x33, 0xbc, 0xcb, 0xcb, 0xbb, 0xcb, 0xcb,
  0xbb, 0xcb, 0x33, 0x34, 0x34, 0x33, 0x34, 0x34, 0x33, 0x34, 0xcb, 0xcb, 0xca, 0xba, 0xcb, 0xbb,
  0xcb, 0xcb, 0x33, 0x24, 0x24, 0x33, 0x34, 0x33, 0x34, 0x34, 0xcb, 0xbb, 0xac, 0xac, 0xbb, 0xbc,
  0xbb, 0xbc, 0x43, 0x43, 0x33, 0x43, 0x43, 0x33, 0x43, 0x43, 0xbb, 0xcb, 0xac, 0xbb, 0xac, 0xac,
  0xbb, 0xbc, 0x24, 0x33, 0x34, 0x33, 0x34, 0x34, 0x33, 0x34, 0xcb, 0xcb, 0xbb, 0xcb, 0xcb, 0xbb,
  0xcb, 0xcb, 0x33, 0x43, 0x43, 0x33, 0x24, 0x24, 0x33, 0x34, 0xac, 0xbb, 0xbc, 0xbb, 0xbc, 0xbc,
  0xbb, 0xbc, 0x43, 0x43, 0x33, 0x43, 0x43, 0x33, 0x43, 0x43, 0xbb, 0xac, 0xac, 0xbb, 0xbc, 0xbb,
  0xbc, 0xbc, 0x24, 0x33, 0x34, 0x33, 0x34, 0x34, 0x33, 0x34, 0xcb, 0xcb, 0xbb, 0xcb, 0xcb, 0xbb,
  0xcb, 0x0b, 0x40, 0xed, 0x2e, 0x00, 0x00, 0x01, 0x24, 0x24, 0x33, 0x34, 0x33, 0x34, 0x34, 0x33,
  0xbc, 0xcb, 0xcb, 0xbb, 0xcb, 0xcb, 0xbb, 0xcb, 0x33, 0x34, 0x34, 0x33, 0x34, 0x34, 0x33, 0x34,
  0xcb, 0xcb, 0xca, 0xba, 0xcb, 0xbb, 0xcb, 0xcb, 0x33, 0x24, 0x24, 0x33, 0x34, 0x33, 0x34, 0x34,
  0xcb, 0xbb, 0xac, 0xac, 0xbb, 0xbc, 0xbb, 0xbc, 0x43, 0x43, 0x33, 0x43, 0x43, 0x33, 0x43, 0x43,
  0xbb, 0xcb, 0xac, 0xbb, 0xac, 0xac, 0xbb, 0xbc, 0x24, 0x33, 0x34, 0x33, 0x34, 0x34, 0x33, 0x34,
  0xcb, 0xcb, 0xbb, 0xcb, 0xcb, 0xbb, 0xcb, 0xcb, 0x33, 0x43, 0x43, 0x33, 0x24, 0x24, 0x33, 0x34,
  0xac, 0xbb, 0xbc, 0xbb, 0xbc, 0xbc, 0xbb, 0xbc, 0x43, 0x43, 0x33, 0x43, 0x43, 0x33, 0x43, 0x43,
  0xbb, 0xac, 0xac, 0xbb, 0xbc, 0xbb, 0xbc, 0xbc, 0x24, 0x33, 0x34, 0x33, 0x34, 0x34, 0x33, 0x34,
  0xcb, 0xcb, 0xbb, 0xcb, 0xcb, 0xbb, 0xcb, 0x0b, 0x40, 0xed, 0x2e, 0x00, 0x00, 0x01, 0x24, 0x24,
  0x33, 0x34, 0x33, 0x34, 0x34, 0x33, 0xbc, 0xcb, 0xcb, 0xbb, 0xcb, 0xcb, 0xbb, 0xcb, 0x33, 0x34,
  0x34, 0x33, 0x34, 0x34, 0x33, 0x34, 0xcb, 0xcb, 0xca, 0xba, 0xcb, 0xbb, 0xcb, 0xcb, 0x33, 0x24,
  0x24, 0x33, 0x34, 0x33, 0x34, 0x34, 0xcb, 0xbb, 0xac, 0xac, 0xbb, 0xbc, 0xbb, 0xbc, 0x43, 0x43,
  0x33, 0x43, 0x43, 0x33, 0x43, 0x43, 0xbb, 0xcb, 0xac, 0xbb, 0xac, 0xac, 0xbb, 0xbc, 0x24, 0x33,
  0x34, 0x33, 0x34, 0x34, 0x33, 0x34, 0xcb, 0xcb, 0xbb, 0xcb, 0xcb, 0xbb, 0xcb, 0xcb, 0x33, 0x43,
  0x43, 0x33, 0x24, 0x24, 0x33, 0x34, 0xac, 0xbb, 0xbc, 0xbb, 0xbc, 0xbc, 0xbb, 0xbc, 0x43, 0x43,
  0x33, 0x43, 0x43, 0x33, 0x43, 0x43, 0xbb, 0xac, 0xac, 0xbb, 0xbc, 0xbb, 0xbc, 0xbc, 0x24, 0x33,
  0x34, 0x33, 0x34, 0x34, 0x33, 0x34, 0xcb, 0xcb, 0xbb, 0xcb, 0xcb, 0xbb, 0xcb, 0x0b, 0x40, 0xed,
  0x2e, 0x00, 0x00, 0x01, 0x24, 0x24, 0x33, 0x34, 0x33, 0x34, 0x34, 0x33, 0xbc, 0xcb, 0xcb, 0xbb,
  0xcb, 0xcb, 0xbb, 0xcb, 0x33, 0x34, 0x34, 0x33, 0x34, 0x34, 0x33, 0x34, 0xcb, 0xcb, 0xca, 0xba,
  0xcb, 0xbb, 0xcb, 0xcb, 0x33, 0x24, 0x24, 0x33, 0x34, 0x33, 0x34, 0x34, 0xcb, 0xbb, 0xac, 0xac,
  0xbb, 0xbc, 0xbb, 0xbc, 0x43, 0x43, 0x33, 0x43, 0x43, 0x33, 0x43, 0x43, 0xbb, 0xcb, 0xac, 0xbb,
  0xac, 0xac, 0xbb, 0xbc, 0x24, 0x33, 0x34, 0x33, 0x34, 0x34, 0x33, 0x34, 0xcb, 0xcb, 0xbb, 0xcb,
  0xcb, 0xbb, 0xcb, 0xcb, 0x33, 0x43, 0x43, 0x33, 0x24, 0x24, 0x33, 0x34, 0xac, 0xbb, 0xbc, 0xbb,
  0xbc, 0xbc, 0xbb, 0xbc, 0x43, 0x43, 0x33, 0x43, 0x43, 0x33, 0x43, 0x43, 0xbb, 0xac, 0xac, 0xbb,
  0xbc, 0xbb, 0xbc, 0xbc, 0x24, 0x33, 0x34, 0x33, 0x34, 0x34, 0x33, 0x34, 0xcb, 0xcb, 0xbb, 0xcb,
  0xcb, 0xbb, 0xcb, 0x0b, 0x40, 0xed, 0x2e, 0x00, 0x00, 0x01, 0x24, 0x24, 0x33, 0x34, 0x33, 0x34,
  0x34, 0x33, 0xbc, 0xcb, 0xcb, 0xbb, 0xcb, 0xcb, 0xbb, 0xcb, 0x33, 0x34, 0x34, 0x33, 0x34, 0x34,
  0x33, 0x34, 0xcb, 0xcb, 0xca, 0xba, 0xcb, 0xbb, 0xcb, 0xcb, 0x33, 0x24, 0x24, 0x33, 0x34, 0x33,
  0x34, 0x34, 0xcb, 0xbb, 0xac, 0xac, 0xbb, 0xbc, 0xbb, 0xbc, 0x43, 0x43, 0x33, 0x43, 0x43, 0x33,
  0x43, 0x43, 0xbb, 0xcb, 0xac, 0xbb, 0xac, 0xac, 0xbb, 0xbc, 0x24, 0x33, 0x34, 0x33, 0x34, 0x34,
  0x33, 0x34, 0xcb, 0xcb, 0xbb, 0xcb, 0xcb, 0xbb, 0xcb, 0xcb, 0x33, 0x43, 0x43, 0x33, 0x24, 0x24,
  0x33, 0x34, 0xac, 0xbb, 0xbc, 0xbb, 0xbc, 0xbc, 0xbb, 0xbc, 0x43, 0x43, 0x33, 0x43, 0x43, 0x33,
  0x43, 0x43, 0xbb, 0xac, 0xac, 0xbb, 0xbc, 0xbb, 0xbc, 0xbc, 0x24, 0x33, 0x34, 0x33, 0x34, 0x34,
  0x33, 0x34, 0xcb, 0xcb, 0xbb, 0xcb, 0xcb, 0xbb, 0xcb, 0x0b, 0x40, 0xed, 0x2e, 0x00, 0x00, 0x01,
  0x24, 0x24, 0x33, 0x34, 0x33, 0x34, 0x34, 0x33, 0xbc, 0xcb, 0xcb, 0xbb, 0xcb, 0xcb, 0xbb, 0xcb,
  0x33, 0x34, 0x34, 0x33, 0x34, 0x34, 0x33, 0x34, 0xcb, 0xcb, 0xca, 0xba, 0xcb, 0xbb, 0xcb, 0xcb,
  0x33, 0x24, 0x24, 0x33, 0x34, 0x33, 0x34, 0x34, 0xcb, 0xbb, 0xac, 0xac, 0xbb, 0xbc, 0xbb, 0xbc,
  0x43, 0x43, 0x33, 0x43, 0x43, 0x33, 0x43, 0x43, 0xbb, 0xcb, 0xac, 0xbb, 0xac, 0xac, 0xbb, 0xbc,
  0x24, 0x33, 0x34, 0x33, 0x34, 0x34, 0x33, 0x34, 0xcb, 0xcb, 0xbb, 0xcb, 0xcb, 0xbb, 0xcb, 0xcb,
  0x33, 0x43, 0x43, 0x33, 0x24, 0x24, 0x33, 0x34, 0xac, 0xbb, 0xbc, 0xbb, 0xbc, 0xbc, 0xbb, 0xbc,
  0x43, 0x43, 0x33, 0x43, 0x43, 0x33, 0x43, 0x43, 0xbb, 0xac, 0xac, 0xbb, 0xbc, 0xbb, 0xbc, 0xbc,
  0x24, 0x33, 0x34, 0x33, 0x34, 0x34, 0x33, 0x34, 0xcb, 0xcb, 0xbb, 0xcb, 0xcb, 0xbb, 0xcb, 0x0b,
  0x40, 0xed, 0x2e, 0x00, 0x00, 0x01, 0x24, 0x24, 0x33, 0x34, 0x33, 0x34, 0x34, 0x33, 0xbc, 0xcb,
  0xcb, 0xbb, 0xcb, 0xcb, 0xbb, 0xcb, 0x33, 0x34, 0x34, 0x33, 0x34, 0x34, 0x33, 0x34, 0xcb, 0xcb,
  0xca, 0xba, 0xcb, 0xbb, 0xcb, 0xcb, 0x33, 0x24, 0x24, 0x33, 0x34, 0x33, 0x34, 0x34, 0xcb, 0xbb,
  0xac, 0xac, 0xbb, 0xbc, 0xbb, 0xbc, 0x43, 0x43, 0x33, 0x43, 0x43, 0x33, 0x43, 0x43, 0xbb, 0xcb,
  0xac, 0xbb, 0xac, 0xac, 0xbb, 0xbc, 0x24, 0x33, 0x34, 0x33, 0x34, 0x34, 0x33, 0x34, 0xcb, 0xcb,
  0xbb, 0xcb, 0xcb, 0xbb, 0xcb, 0xcb, 0x33, 0x43, 0x43, 0x33, 0x24, 0x24, 0x33, 0x34, 0xac, 0xbb,
  0xbc, 0xbb, 0xbc, 0xbc, 0xbb, 0xbc, 0x43, 0x43, 0x33, 0x43, 0x43, 0x33, 0x43, 0x43, 0xbb, 0xac,
  0xac, 0xbb, 0xbc, 0xbb, 0xbc, 0xbc, 0x24, 0x33, 0x34, 0x33, 0x34, 0x34, 0x33, 0x34, 0xcb, 0xcb,
  0xbb, 0xcb, 0xcb, 0xbb, 0xcb, 0x0b, 0x40, 0xed, 0x2e, 0x00, 0x00, 0x01, 0x24, 0x24, 0x33, 0x34,
  0x33, 0x34, 0x34, 0x33, 0xbc, 0xcb, 0xcb, 0xbb, 0xcb, 0xcb, 0xbb, 0xcb, 0x33, 0x34, 0x34, 0x33,
  0x34, 0x34, 0x33, 0x34, 0xcb, 0xcb, 0xca, 0xba, 0xcb, 0xbb, 0xcb, 0xcb, 0x33, 0x24, 0x24, 0x33,
  0x34, 0x33, 0x34, 0x34, 0xcb, 0xbb, 0xac, 0xac, 0xbb, 0xbc, 0xbb, 0xbc, 0x43, 0x43, 0x33, 0x43,
  0x43, 0x33, 0x43, 0x43, 0xbb, 0xcb, 0xac, 0xbb, 0xac, 0xac, 0xbb, 0xbc, 0x24, 0x33, 0x34, 0x33,
  0x34, 0x34, 0x33, 0x34, 0xcb, 0xcb, 0xbb, 0xcb, 0xcb, 0xbb, 0xcb, 0xcb, 0x33, 0x43, 0x43, 0x33,
  0x24, 0x24, 0x33, 0x34, 0xac, 0xbb, 0xbc, 0xbb, 0xbc, 0xbc, 0xbb, 0xbc, 0x43, 0x43, 0x33, 0x43,
  0x43, 0x33, 0x43, 0x43, 0xbb, 0xac, 0xac, 0xbb, 0xbc, 0xbb, 0xbc, 0xbc, 0x24, 0x33, 0x34, 0x33,
  0x34, 0x34, 0x33, 0x34, 0xcb, 0xcb, 0xbb, 0xcb, 0xcb, 0xbb, 0xcb, 0x0b, 0x40, 0xed, 0x2e, 0x00,
  0x00, 0x01, 0x24, 0x24, 0x33, 0x34, 0x33, 0x34, 0x34, 0x33, 0xbc, 0xcb, 0xcb, 0xbb, 0xcb, 0xcb,
  0xbb, 0xcb, 0x33, 0x34, 0x34, 0x33, 0x34, 0x34, 0x33, 0x34, 0xcb, 0xcb, 0xca, 0xba, 0xcb, 0xbb,
  0xcb, 0xcb, 0x33, 0x24, 0x24, 0x33, 0x34, 0x33, 0x34, 0x34, 0xcb, 0xbb, 0xac, 0xac, 0xbb, 0xbc,
  0xbb, 0xbc, 0x43, 0x43, 0x33, 0x43, 0x43, 0x33, 0x43, 0x43, 0xbb, 0xcb, 0xac, 0xbb, 0xac, 0xac,
  0xbb, 0xbc, 0x24, 0x33, 0x34, 0x33, 0x34, 0x34, 0x33, 0x34, 0xcb, 0xcb, 0xbb, 0xcb, 0xcb, 0xbb,
  0xcb, 0xcb, 0x33, 0x43, 0x43, 0x33, 0x24, 0x24, 0x33, 0x34, 0xac, 0xbb, 0xbc, 0xbb, 0xbc, 0xbc,
  0xbb, 0xbc, 0x43, 0x43, 0x33, 0x43, 0x43, 0x33, 0x43, 0x43, 0xbb, 0xac, 0xac, 0xbb, 0xbc, 0xbb,
  0xbc, 0xbc, 0x24, 0x33, 0x34, 0x33, 0x34, 0x34, 0x33, 0x34, 0xcb, 0xcb, 0xbb, 0xcb, 0xcb, 0xbb,
  0xcb, 0x0b, 0x40, 0xed, 0x2e, 0x00, 0x00, 0x01, 0x24, 0x24, 0x33, 0x34, 0x33, 0x34, 0x34, 0x33,
  0xbc, 0xcb, 0xcb, 0xbb, 0xcb, 0xcb, 0xbb, 0xcb, 0x33, 0x34, 0x34, 0x33, 0x34, 0x34, 0x33, 0x34,
  0xcb, 0xcb, 0xca, 0xba, 0xcb, 0xbb, 0xcb, 0xcb, 0x33, 0x24, 0x24, 0x33, 0x34, 0x33, 0x34, 0x34,
  0xcb, 0xbb, 0xac, 0xac, 0xbb, 0xbc, 0xbb, 0xbc, 0x43, 0x43, 0x33, 0x43, 0x43, 0x33, 0x43, 0x43,
  0xbb, 0xcb, 0xac, 0xbb, 0xac, 0xac, 0xbb, 0xbc, 0x24, 0x33, 0x34, 0x33, 0x34, 0x34, 0x33, 0x34,
  0xcb, 0xcb, 0xbb, 0xcb, 0xcb, 0xbb, 0xcb, 0xcb, 0x33, 0x43, 0x43, 0x33, 0x24, 0x24, 0x33, 0x34,
  0xac, 0xbb, 0xbc, 0xbb, 0xbc, 0xbc, 0xbb, 0xbc, 0x43, 0x43, 0x33, 0x43, 0x43, 0x33, 0x43, 0x43,
  0xbb, 0xac, 0xac, 0xbb, 0xbc, 0xbb, 0xbc, 0xbc, 0x24, 0x33, 0x34, 0x33, 0x34, 0x34, 0x33, 0x34,
  0xcb, 0xcb, 0xbb, 0xcb, 0xcb, 0xbb, 0xcb, 0x0b, 0x40, 0xed, 0x2e, 0x00, 0x00, 0x01, 0x24, 0x24,
  0x33, 0x34, 0x33, 0x34, 0x34, 0x33, 0xbc, 0xcb, 0xcb, 0xbb, 0xcb, 0xcb, 0xbb, 0xcb, 0x33, 0x34,
  0x34, 0x33, 0x34, 0x34, 0x33, 0x34, 0xcb, 0xcb, 0xca, 0xba, 0xcb, 0xbb, 0xcb, 0xcb, 0x33, 0x24,
  0x24, 0x33, 0x34, 0x33, 0x34, 0x34, 0xcb, 0xbb, 0xac, 0xac, 0xbb, 0xbc, 0xbb, 0xbc, 0x43, 0x43,
  0x33, 0x43, 0x43, 0x33, 0x43, 0x43, 0xbb, 0xcb, 0xac, 0xbb, 0xac, 0xac, 0xbb, 0xbc, 0x24, 0x33,
  0x34, 0x33, 0x34, 0x34, 0x33, 0x34, 0xcb, 0xcb, 0xbb, 0xcb, 0xcb, 0xbb, 0xcb, 0xcb, 0x33, 0x43,
  0x43, 0x33, 0x24, 0x24, 0x33, 0x34, 0xac, 0xbb, 0xbc, 0xbb, 0xbc, 0xbc, 0xbb, 0xbc, 0x43, 0x43,
  0x33, 0x43, 0x43, 0x33, 0x43, 0x43, 0xbb, 0xac, 0xac, 0xbb, 0xbc, 0xbb, 0xbc, 0xbc, 0x24, 0x33,
  0x34, 0x33, 0x34, 0x34, 0x33, 0x34, 0xcb, 0xcb, 0xbb, 0xcb, 0xcb, 0xbb, 0xcb, 0x0b, 0x40, 0xed,
  0x2e, 0x00, 0x00, 0x01, 0x24, 0x24, 0x33, 0x34, 0x33, 0x34, 0x34, 0x33, 0xbc, 0xcb, 0xcb, 0xbb,
  0xcb, 0xcb, 0xbb, 0xcb, 0x33, 0x34, 0x34, 0x33, 0x34, 0x34, 0x33, 0x34, 0xcb, 0xcb, 0xca, 0xba,
  0xcb, 0xbb, 0xcb, 0xcb, 0x33, 0x24, 0x24, 0x33, 0x34, 0x33, 0x34, 0x34, 0xcb, 0xbb, 0xac, 0xac,
  0xbb, 0xbc, 0xbb, 0xbc, 0x43, 0x43, 0x33, 0x43, 0x43, 0x33, 0x43, 0x43, 0xbb, 0xcb, 0xac, 0xbb,
  0xac, 0xac, 0xbb, 0xbc, 0x24, 0x33, 0x34, 0x33, 0x34, 0x34, 0x33, 0x34, 0xcb, 0xcb, 0xbb, 0xcb,
  0xcb, 0xbb, 0xcb, 0xcb, 0x33, 0x43, 0x43, 0x33, 0x24, 0x24, 0x33, 0x34, 0xac, 0xbb, 0xbc, 0xbb,
  0xbc, 0xbc, 0xbb, 0xbc, 0x43, 0x43, 0x33, 0x43, 0x43, 0x33, 0x43, 0x43, 0xbb, 0xac, 0xac, 0xbb,
  0xbc, 0xbb, 0xbc, 0xbc, 0x24, 0x33, 0x34, 0x33, 0x34, 0x34, 0x33, 0x34, 0xcb, 0xcb, 0xbb, 0xcb,
  0xcb, 0xbb, 0xcb, 0x0b, 0x40, 0xed, 0x2e, 0x00, 0x00, 0x01, 0x24, 0x24, 0x33, 0x34, 0x33, 0x34,
  0x34, 0x33, 0xbc, 0xcb, 0xcb, 0xbb, 0xcb, 0xcb, 0xbb, 0xcb, 0x33, 0x34, 0x34, 0x33, 0x34, 0x34,
  0x33, 0x34, 0xcb, 0xcb, 0xca, 0xba, 0xcb, 0xbb, 0xcb, 0xcb, 0x33, 0x24, 0x24, 0x33, 0x34, 0x33,
  0x34, 0x34, 0xcb, 0xbb, 0xac, 0xac, 0xbb, 0xbc, 0xbb, 0xbc, 0x43, 0x43, 0x33, 0x43, 0x43, 0x33,
  0x43, 0x43, 0xbb, 0xcb, 0xac, 0xbb, 0xac, 0xac, 0xbb, 0xbc, 0x24, 0x33, 0x34, 0x33, 0x34, 0x34,
  0x33, 0x34, 0xcb, 0xcb, 0xbb, 0xcb, 0xcb, 0xbb, 0xcb, 0xcb, 0x33, 0x43, 0x43, 0x33, 0x24, 0x24,
  0x33, 0x34, 0xac, 0xbb, 0xbc, 0xbb, 0xbc, 0xbc, 0xbb, 0xbc, 0x43, 0x43, 0x33, 0x43, 0x43, 0x33,
  0x43, 0x43, 0xbb, 0xac, 0xac, 0xbb, 0xbc, 0xbb, 0xbc, 0xbc, 0x24, 0x33, 0x34, 0x33, 0x34, 0x34,
  0x33, 0x34, 0xcb, 0xcb, 0xbb, 0xcb, 0xcb, 0xbb, 0xcb, 0x0b, 0x40, 0xed, 0x2e, 0x00, 0x00, 0x01,
  0x24, 0x24, 0x33, 0x34, 0x33, 0x34, 0x34, 0x33, 0xbc, 0xcb, 0xcb, 0xbb, 0xcb, 0xcb, 0xbb, 0xcb,
  0x33, 0x34, 0x34, 0x33, 0x34, 0x34, 0x33, 0x34, 0xcb, 0xcb, 0xca, 0xba, 0xcb, 0xbb, 0xcb, 0xcb,
  0x33, 0x24, 0x24, 0x33, 0x34, 0x33, 0x34, 0x34, 0xcb, 0xbb, 0xac, 0xac, 0xbb, 0xbc, 0xbb, 0xbc,
  0x43, 0x43, 0x33, 0x43, 0x43, 0x33, 0x43, 0x43, 0xbb, 0xcb, 0xac, 0xbb, 0xac, 0xac, 0xbb, 0xbc,
  0x24, 0x33, 0x34, 0x33, 0x34, 0x34, 0x33, 0x34, 0xcb, 0xcb, 0xbb, 0xcb, 0xcb, 0xbb, 0xcb, 0xcb,
  0x33, 0x43, 0x43, 0x33, 0x24, 0x24, 0x33, 0x34, 0xac, 0xbb, 0xbc, 0xbb, 0xbc, 0xbc, 0xbb, 0xbc,
  0x43, 0x43, 0x33, 0x43, 0x43, 0x33, 0x43, 0x43, 0xbb, 0xac, 0xac, 0xbb, 0xbc, 0xbb, 0xbc, 0xbc,
  0x24, 0x33, 0x34, 0x33, 0x34, 0x34, 0x33, 0x34, 0xcb, 0xcb, 0xbb, 0xcb, 0xcb, 0xbb, 0xcb, 0x0b,
  0x40, 0xed, 0x2e, 0x00, 0x00, 0x01, 0x24, 0x24, 0x33, 0x34, 0x33, 0x34, 0x34, 0x33, 0xbc, 0xcb,
  0xcb, 0xbb, 0xcb, 0xcb, 0xbb, 0xcb, 0x33, 0x34, 0x34, 0x33, 0x34, 0x34, 0x33, 0x34, 0xcb, 0xcb,
  0xca, 0xba, 0xcb, 0xbb, 0xcb, 0xcb, 0x33, 0x24, 0x24, 0x33, 0x34, 0x33, 0x34, 0x34, 0xcb, 0xbb,
  0xac, 0xac, 0xbb, 0xbc, 0xbb, 0xbc, 0x43, 0x43, 0x33, 0x43, 0x43, 0x33, 0x43, 0x43, 0xbb, 0xcb,
  0xac, 0xbb, 0xac, 0xac, 0xbb, 0xbc, 0x24, 0x33, 0x34, 0x33, 0x34, 0x34, 0x33, 0x34, 0xcb, 0xcb,
  0xbb, 0xcb, 0xcb, 0xbb, 0xcb, 0xcb, 0x33, 0x43, 0x43, 0x33, 0x24, 0x24, 0x33, 0x34, 0xac, 0xbb,
  0xbc, 0xbb, 0xbc, 0xbc, 0xbb, 0xbc, 0x43, 0x43, 0x33, 0x43, 0x43, 0x33, 0x43, 0x43, 0xbb, 0xac,
  0xac, 0xbb, 0xbc, 0xbb, 0xbc, 0xbc, 0x24, 0x33, 0x34, 0x33, 0x34, 0x34, 0x33, 0x34, 0xcb, 0xcb,
  0xbb, 0xcb, 0xcb, 0xbb, 0xcb, 0x0b, 0x40, 0xed, 0x2e, 0x00, 0x00, 0x01, 0x24, 0x24, 0x33, 0x34,
  0x33, 0x34, 0x34, 0x33, 0xbc, 0xcb, 0xcb, 0xbb, 0xcb, 0xcb, 0xbb, 0xcb, 0x33, 0x34, 0x34, 0x33,
  0x34, 0x34, 0x33, 0x34, 0xcb, 0xcb, 0xca, 0xba, 0xcb, 0xbb, 0xcb, 0xcb, 0x33, 0x24, 0x24, 0x33,
  0x34, 0x33, 0x34, 0x34, 0xcb, 0xbb, 0xac, 0xac, 0xbb, 0xbc, 0xbb, 0xbc, 0x43, 0x43, 0x33, 0x43,
  0x43, 0x33, 0x43, 0x43, 0xbb, 0xcb, 0xac, 0xbb, 0xac, 0xac, 0xbb, 0xbc, 0x24, 0x33, 0x34, 0x33,
  0x34, 0x34, 0x33, 0x34, 0xcb, 0xcb, 0xbb, 0xcb, 0xcb, 0xbb, 0xcb, 0xcb, 0x33, 0x43, 0x43, 0x33,
  0x24, 0x24, 0x33, 0x34, 0xac, 0xbb, 0xbc, 0xbb, 0xbc, 0xbc, 0xbb, 0xbc, 0x43, 0x43, 0x33, 0x43,
  0x43, 0x33, 0x43, 0x43, 0xbb, 0xac, 0xac, 0xbb, 0xbc, 0xbb, 0xbc, 0xbc, 0x24, 0x33, 0x34, 0x33,
  0x34, 0x34, 0x33, 0x34, 0xcb, 0xcb, 0xbb, 0xcb, 0xcb, 0xbb, 0xcb, 0x0b, 0x40, 0xed, 0x2e, 0x00,
  0x00, 0x01, 0x24, 0x24, 0x33, 0x34, 0x33, 0x34, 0x34, 0x33, 0xbc, 0xcb, 0xcb, 0xbb, 0xcb, 0xcb,
  0xbb, 0xcb, 0x33, 0x34, 0x34, 0x33, 0x34, 0x34, 0x33, 0x34, 0xcb, 0xcb, 0xca, 0xba, 0xcb, 0xbb,
  0xcb, 0xcb, 0x33, 0x24, 0x24, 0x33, 0x34, 0x33, 0x34, 0x34, 0xcb, 0xbb, 0xac, 0xac, 0xbb, 0xbc,
  0xbb, 0xbc, 0x43, 0x43, 0x33, 0x43, 0x43, 0x33, 0x43, 0x43, 0xbb, 0xcb, 0xac, 0xbb, 0xac, 0xac,
  0xbb, 0xbc, 0x24, 0x33, 0x34, 0x33, 0x34, 0x34, 0x33, 0x34, 0xcb, 0xcb, 0xbb, 0xcb, 0xcb, 0xbb,
  0xcb, 0xcb, 0x33, 0x43, 0x43, 0x33, 0x24, 0x24, 0x33, 0x34, 0xac, 0xbb, 0xbc, 0xbb, 0xbc, 0xbc,
  0xbb, 0xbc, 0x43, 0x43, 0x33, 0x43, 0x43, 0x33, 0x43, 0x43, 0xbb, 0xac, 0xac, 0xbb, 0xbc, 0xbb,
  0xbc, 0xbc, 0x24, 0x33, 0x34, 0x33, 0x34, 0x34, 0x33, 0x34, 0xcb, 0xcb, 0xbb, 0xcb, 0xcb, 0xbb,
  0xcb, 0x0b, 0x40, 0xed, 0x2e, 0x00, 0x00, 0x01, 0x24, 0x24, 0x33, 0x34, 0x33, 0x34, 0x34, 0x33,
  0xbc, 0xcb, 0xcb, 0xbb, 0xcb, 0xcb, 0xbb, 0xcb, 0x33, 0x34, 0x34, 0x33, 0x34, 0x34, 0x33, 0x34,
  0xcb, 0xcb, 0xca, 0xba, 0xcb, 0xbb, 0xcb, 0xcb, 0x33, 0x24, 0x24, 0x33, 0x34, 0x33, 0x34, 0x34,
  0xcb, 0xbb, 0xac, 0xac, 0xbb, 0xbc, 0xbb, 0xbc, 0x43, 0x43, 0x33, 0x43, 0x43, 0x33, 0x43, 0x43,
  0xbb, 0xcb, 0xac, 0xbb, 0xac, 0xac, 0xbb, 0xbc, 0x24, 0x33, 0x34, 0x33, 0x34, 0x34, 0x33, 0x34,
  0xcb, 0xcb, 0xbb, 0xcb, 0xcb, 0xbb, 0xcb, 0xcb, 0x33, 0x43, 0x43, 0x33, 0x24, 0x24, 0x33, 0x34,
  0xac, 0xbb, 0xbc, 0xbb, 0xbc, 0xbc, 0xbb, 0xbc, 0x43, 0x43, 0x33, 0x43, 0x43, 0x33, 0x43, 0x43,
  0xbb, 0xac, 0xac, 0xbb, 0xbc, 0xbb, 0xbc, 0xbc, 0x24, 0x33, 0x34, 0x33, 0x34, 0x34, 0x33, 0x34,
  0xcb, 0xcb, 0xbb, 0xcb, 0xcb, 0xbb, 0xcb, 0x0b, 0x40, 0xed, 0x2e, 0x00, 0x00, 0x01, 0x24, 0x24,
  0x33, 0x34, 0x33, 0x34, 0x34, 0x33, 0xbc, 0xcb, 0xcb, 0xbb, 0xcb, 0xcb, 0xbb, 0xcb, 0x33, 0x34,
  0x34, 0x33, 0x34, 0x34, 0x33, 0x34, 0xcb, 0xcb, 0xca, 0xba, 0xcb, 0xbb, 0xcb, 0xcb, 0x33, 0x24,
  0x24, 0x33, 0x34, 0x33, 0x34, 0x34, 0xcb, 0xbb, 0xac, 0xac, 0xbb, 0xbc, 0xbb, 0xbc, 0x43, 0x43,
  0x33, 0x43, 0x43, 0x33, 0x43, 0x43, 0xbb, 0xcb, 0xac, 0xbb, 0xac, 0xac, 0xbb, 0xbc, 0x24, 0x33,
  0x34, 0x33, 0x34, 0x34, 0x33, 0x34, 0xcb, 0xcb, 0xbb, 0xcb, 0xcb, 0xbb, 0xcb, 0xcb, 0x33, 0x43,
  0x43, 0x33, 0x24, 0x24, 0x33, 0x34, 0xac, 0xbb, 0xbc, 0xbb, 0xbc, 0xbc, 0xbb, 0xbc, 0x43, 0x43,
  0x33, 0x43, 0x43, 0x33, 0x43, 0x43, 0xbb, 0xac, 0xac, 0xbb, 0xbc, 0xbb, 0xbc, 0xbc, 0x24, 0x33,
  0x34, 0x33, 0x34, 0x34, 0x33, 0x34, 0xcb, 0xcb, 0xbb, 0xcb, 0xcb, 0xbb, 0xcb, 0x0b, 0x40, 0xed,
  0x2e, 0x00, 0x00, 0x01, 0x24, 0x24, 0x33, 0x34, 0x33, 0x34, 0x34, 0x33, 0xbc, 0xcb, 0xcb, 0xbb,
  0xcb, 0xcb, 0xbb, 0xcb, 0x33, 0x34, 0x34, 0x33, 0x34, 0x34, 0x33, 0x34, 0xcb, 0xcb, 0xca, 0xba,
  0xcb, 0xbb, 0xcb, 0xcb, 0x33, 0x24, 0x24, 0x33, 0x34, 0x33, 0x34, 0x34, 0xcb, 0xbb, 0xac, 0xac,
  0xbb, 0xbc, 0xbb, 0xbc, 0x43, 0x43, 0x33, 0x43, 0x43, 0x33, 0x43, 0x43, 0xbb, 0xcb, 0xac, 0xbb,
  0xac, 0xac, 0xbb, 0xbc, 0x24, 0x33, 0x34, 0x33, 0x34, 0x34, 0x33, 0x34, 0xcb, 0xcb, 0xbb, 0xcb,
  0xcb, 0xbb, 0xcb, 0xcb, 0x33, 0x43, 0x43, 0x33, 0x24, 0x24, 0x33, 0x34, 0xac, 0xbb, 0xbc, 0xbb,
  0xbc, 0xbc, 0xbb, 0xbc, 0x43, 0x43, 0x33, 0x43, 0x43, 0x33, 0x43, 0x43, 0xbb, 0xac, 0xac, 0xbb,
  0xbc, 0xbb, 0xbc, 0xbc, 0x24, 0x33, 0x34, 0x33, 0x34, 0x34, 0x33, 0x34, 0xcb, 0xcb, 0xbb, 0xcb,
  0xcb, 0xbb, 0xcb, 0x0b, 0x40, 0xed, 0x2e, 0x00, 0x00, 0x01, 0x24, 0x24, 0x33, 0x34, 0x33, 0x34,
  0x34, 0x33, 0xbc, 0xcb, 0xcb, 0xbb, 0xcb, 0xcb, 0xbb, 0xcb, 0x33, 0x34, 0x34, 0x33, 0x34, 0x34,
  0x33, 0x34, 0xcb, 0xcb, 0xca, 0xba, 0xcb, 0xbb, 0xcb, 0xcb, 0x33, 0x24, 0x24, 0x33, 0x34, 0x33,
  0x34, 0x34, 0xcb, 0xbb, 0xac, 0xac, 0xbb, 0xbc, 0xbb, 0xbc, 0x43, 0x43, 0x33, 0x43, 0x43, 0x33,
  0x43, 0x43, 0xbb, 0xcb, 0xac, 0xbb, 0xac, 0xac, 0xbb, 0xbc, 0x24, 0x33, 0x34, 0x33, 0x34, 0x34,
  0x33, 0x34, 0xcb, 0xcb, 0xbb, 0xcb, 0xcb, 0xbb, 0xcb, 0xcb, 0x33, 0x43, 0x43, 0x33, 0x24, 0x24,
  0x33, 0x34, 0xac, 0xbb, 0xbc, 0xbb, 0xbc, 0xbc, 0xbb, 0xbc, 0x43, 0x43, 0x33, 0x43, 0x43, 0x33,
  0x43, 0x43, 0xbb, 0xac, 0xac, 0xbb, 0xbc, 0xbb, 0xbc, 0xbc, 0x24, 0x33, 0x34, 0x33, 0x34, 0x34,
  0x33, 0x34, 0xcb, 0xcb, 0xbb, 0xcb, 0xcb, 0xbb, 0xcb, 0x0b, 0x40, 0xed, 0x2e, 0x00, 0x00, 0x01,
  0x24, 0x24, 0x33, 0x34, 0x33, 0x34, 0x34, 0x33, 0xbc, 0xcb, 0xcb, 0xbb, 0xcb, 0xcb, 0xbb, 0xcb,
  0x33, 0x34, 0x34, 0x33, 0x34, 0x34, 0x33, 0x34, 0xcb, 0xcb, 0xca, 0xba, 0xcb, 0xbb, 0xcb, 0xcb,
  0x33, 0x24, 0x24, 0x33, 0x34, 0x33, 0x34, 0x34, 0xcb, 0xbb, 0xac, 0xac, 0xbb, 0xbc, 0xbb, 0xbc,
  0x43, 0x43, 0x33, 0x43, 0x43, 0x33, 0x43, 0x43, 0xbb, 0xcb, 0xac, 0xbb, 0xac, 0xac, 0xbb, 0xbc,
  0x24, 0x33, 0x34, 0x33, 0x34, 0x34, 0x33, 0x34, 0xcb, 0xcb, 0xbb, 0xcb, 0xcb, 0xbb, 0xcb, 0xcb,
  0x33, 0x43, 0x43, 0x33, 0x24, 0x24, 0x33, 0x34, 0xac, 0xbb, 0xbc, 0xbb, 0xbc, 0xbc, 0xbb, 0xbc,
  0x43, 0x43, 0x33, 0x43, 0x43, 0x33, 0x43, 0x43, 0xbb, 0xac, 0xac, 0xbb, 0xbc, 0xbb, 0xbc, 0xbc,
  0x24, 0x33, 0x34, 0x33, 0x34, 0x34, 0x33, 0x34, 0xcb, 0xcb, 0xbb, 0xcb, 0xcb, 0xbb, 0xcb, 0x0b,
  0x40, 0xed, 0x2e, 0x00, 0x00, 0x01, 0x24, 0x24, 0x33, 0x34, 0x33, 0x34, 0x34, 0x33, 0xbc, 0xcb,
  0xcb, 0xbb, 0xcb, 0xcb, 0xbb, 0xcb, 0x33, 0x34, 0x34, 0x33, 0x34, 0x34, 0x33, 0x34, 0xcb, 0xcb,
  0xca, 0xba, 0xcb, 0xbb, 0xcb, 0xcb, 0x33, 0x24, 0x24, 0x33, 0x34, 0x33, 0x34, 0x34, 0xcb, 0xbb,
  0xac, 0xac, 0xbb, 0xbc, 0xbb, 0xbc, 0x43, 0x43, 0x33, 0x43, 0x43, 0x33, 0x43, 0x43, 0xbb, 0xcb,
  0xac, 0xbb, 0xac, 0xac, 0xbb, 0xbc, 0x24, 0x33, 0x34, 0x33, 0x34, 0x34, 0x33, 0x34, 0xcb, 0xcb,
  0xbb, 0xcb, 0xcb, 0xbb, 0xcb, 0xcb, 0x33, 0x43, 0x43, 0x33, 0x24, 0x24, 0x33, 0x34, 0xac, 0xbb,
  0xbc, 0xbb, 0xbc, 0xbc, 0xbb, 0xbc, 0x43, 0x43, 0x33, 0x43, 0x43, 0x33, 0x43, 0x43, 0xbb, 0xac,
  0xac, 0xbb, 0xbc, 0xbb, 0xbc, 0xbc, 0x24, 0x33, 0x34, 0x33, 0x34, 0x34, 0x33, 0x34, 0xcb, 0xcb,
  0xbb, 0xcb, 0xcb, 0xbb, 0xcb, 0x0b, 0x40, 0xed, 0x2e, 0x00, 0x00, 0x01, 0x24, 0x24, 0x33, 0x34,
  0x33, 0x34, 0x34, 0x33, 0xbc, 0xcb, 0xcb, 0xbb, 0xcb, 0xcb, 0xbb, 0xcb, 0x33, 0x34, 0x34, 0x33,
  0x34, 0x34, 0x33, 0x34, 0xcb, 0xcb, 0xca, 0xba, 0xcb, 0xbb, 0xcb, 0xcb, 0x33, 0x24, 0x24, 0x33,
  0x34, 0x33, 0x34, 0x34, 0xcb, 0xbb, 0xac, 0xac, 0xbb, 0xbc, 0xbb, 0xbc, 0x43, 0x43, 0x33, 0x43,
  0x43, 0x33, 0x43, 0x43, 0xbb, 0xcb, 0xac, 0xbb, 0xac, 0xac, 0xbb, 0xbc, 0x24, 0x33, 0x34, 0x33,
  0x34, 0x34, 0x33, 0x34, 0xcb, 0xcb, 0xbb, 0xcb, 0xcb, 0xbb, 0xcb, 0xcb, 0x33, 0x43, 0x43, 0x33,
  0x24, 0x24, 0x33, 0x34, 0xac, 0xbb, 0xbc, 0xbb, 0xbc, 0xbc, 0xbb, 0xbc, 0x43, 0x43, 0x33, 0x43,
  0x43, 0x33, 0x43, 0x43, 0xbb, 0xac, 0xac, 0xbb, 0xbc, 0xbb, 0xbc, 0xbc, 0x24, 0x33, 0x34, 0x33,
  0x34, 0x34, 0x33, 0x34, 0xcb, 0xcb, 0xbb, 0xcb, 0xcb, 0xbb, 0xcb, 0x0b, 0x40, 0xed, 0x2e, 0x00,
  0x00, 0x01, 0x24, 0x24, 0x33, 0x34, 0x33, 0x34, 0x34, 0x33, 0xbc, 0xcb, 0xcb, 0xbb, 0xcb, 0xcb,
  0xbb, 0xcb, 0x33, 0x34, 0x34, 0x33, 0x34, 0x34, 0x33, 0x34, 0xcb, 0xcb, 0xca, 0xba, 0xcb, 0xbb,
  0xcb, 0xcb, 0x33, 0x24, 0x24, 0x33, 0x34, 0x33, 0x34, 0x34, 0xcb, 0xbb, 0xac, 0xac, 0xbb, 0xbc,
  0xbb, 0xbc, 0x43, 0x43, 0x33, 0x43, 0x43, 0x33, 0x43, 0x43, 0xbb, 0xcb, 0xac, 0xbb, 0xac, 0xac,
  0xbb, 0xbc, 0x24, 0x33, 0x34, 0x33, 0x34, 0x34, 0x33, 0x34, 0xcb, 0xcb, 0xbb, 0xcb, 0xcb, 0xbb,
  0xcb, 0xcb, 0x33, 0x43, 0x43, 0x33, 0x24, 0x24, 0x33, 0x34, 0xac, 0xbb, 0xbc, 0xbb, 0xbc, 0xbc,
  0xbb, 0xbc, 0x43, 0x43, 0x33, 0x43, 0x43, 0x33, 0x43, 0x43, 0xbb, 0xac, 0xac, 0xbb, 0xbc, 0xbb,
  0xbc, 0xbc, 0x24, 0x33, 0x34, 0x33, 0x34, 0x34, 0x33, 0x34, 0xcb, 0xcb, 0xbb, 0xcb, 0xcb, 0xbb,
  0xcb, 0x0b, 0x40, 0xed, 0x2e, 0x00, 0x00, 0x01, 0x24, 0x24, 0x33, 0x34, 0x33, 0x34, 0x34, 0x33,
  0xbc, 0xcb, 0xcb, 0xbb, 0xcb, 0xcb, 0xbb, 0xcb, 0x33, 0x34, 0x34, 0x33, 0x34, 0x34, 0x33, 0x34,
  0xcb, 0xcb, 0xca, 0xba, 0xcb, 0xbb, 0xcb, 0xcb, 0x33, 0x24, 0x24, 0x33, 0x34, 0x33, 0x34, 0x34,
  0xcb, 0xbb, 0xac, 0xac, 0xbb, 0xbc, 0xbb, 0xbc, 0x43, 0x43, 0x33, 0x43, 0x43, 0x33, 0x43, 0x43,
  0xbb, 0xcb, 0xac, 0xbb, 0xac, 0xac, 0xbb, 0xbc, 0x24, 0x33, 0x34, 0x33, 0x34, 0x34, 0x33, 0x34,
  0xcb, 0xcb, 0xbb, 0xcb, 0xcb, 0xbb, 0xcb, 0xcb, 0x33, 0x43, 0x43, 0x33, 0x24, 0x24, 0x33, 0x34,
  0xac, 0xbb, 0xbc, 0xbb, 0xbc, 0xbc, 0xbb, 0xbc, 0x43, 0x43, 0x33, 0x43, 0x43, 0x33, 0x43, 0x43,
  0xbb, 0xac, 0xac, 0xbb, 0xbc, 0xbb, 0xbc, 0xbc, 0x24, 0x33, 0x34, 0x33, 0x34, 0x34, 0x33, 0x34,
  0xcb, 0xcb, 0xbb, 0xcb, 0xcb, 0xbb, 0xcb, 0x0b, 0x40, 0xed, 0x2e, 0x00, 0x00, 0x01, 0x24, 0x24,
  0x33, 0x34, 0x33, 0x34, 0x34, 0x33, 0xbc, 0xcb, 0xcb, 0xbb, 0xcb, 0xcb, 0xbb, 0xcb, 0x33, 0x34,
  0x34, 0x33, 0x34, 0x34, 0x33, 0x34, 0xcb, 0xcb, 0xca, 0xba, 0xcb, 0xbb, 0xcb, 0xcb, 0x33, 0x24,
  0x24, 0x33, 0x34, 0x33, 0x34, 0x34, 0xcb, 0xbb, 0xac, 0xac, 0xbb, 0xbc, 0xbb, 0xbc, 0x43, 0x43,
  0x33, 0x43, 0x43, 0x33, 0x43, 0x43, 0xbb, 0xcb, 0xac, 0xbb, 0xac, 0xac, 0xbb, 0xbc, 0x24, 0x33,
  0x34, 0x33, 0x34, 0x34, 0x33, 0x34, 0xcb, 0xcb, 0xbb, 0xcb, 0xcb, 0xbb, 0xcb, 0xcb, 0x33, 0x43,
  0x43, 0x33, 0x24, 0x24, 0x33, 0x34, 0xac, 0xbb, 0xbc, 0xbb, 0xbc, 0xbc, 0xbb, 0xbc, 0x43, 0x43,
  0x33, 0x43, 0x43, 0x33, 0x43, 0x43, 0xbb, 0xac, 0xac, 0xbb, 0xbc, 0xbb, 0xbc, 0xbc, 0x24, 0x33,
  0x34, 0x33, 0x34, 0x34, 0x33, 0x34, 0xcb, 0xcb, 0xbb, 0xcb, 0xcb, 0xbb, 0xcb, 0x0b, 0x40, 0xed,
  0x2e, 0x00, 0x00, 0x01, 0x24, 0x24, 0x33, 0x34, 0x33, 0x34, 0x34, 0x33, 0xbc, 0xcb, 0xcb, 0xbb,
  0xcb, 0xcb, 0xbb, 0xcb, 0x33, 0x34, 0x34, 0x33, 0x34, 0x34, 0x33, 0x34, 0xcb, 0xcb, 0xca, 0xba,
  0xcb, 0xbb, 0xcb, 0xcb, 0x33, 0x24, 0x24, 0x33, 0x34, 0x33, 0x34, 0x34, 0xcb, 0xbb, 0xac, 0xac,
  0xbb, 0xbc, 0xbb, 0xbc, 0x43, 0x43, 0x33, 0x43, 0x43, 0x33, 0x43, 0x43, 0xbb, 0xcb, 0xac, 0xbb,
  0xac, 0xac, 0xbb, 0xbc, 0x24, 0x33, 0x34, 0x33, 0x34, 0x34, 0x33, 0x34, 0xcb, 0xcb, 0xbb, 0xcb,
  0xcb, 0xbb, 0xcb, 0xcb, 0x33, 0x43, 0x43, 0x33, 0x24, 0x24, 0x33, 0x34, 0xac, 0xbb, 0xbc, 0xbb,
  0xbc, 0xbc, 0xbb, 0xbc, 0x43, 0x43, 0x33, 0x43, 0x43, 0x33, 0x43, 0x43, 0xbb, 0xac, 0xac, 0xbb,
  0xbc, 0xbb, 0xbc, 0xbc, 0x24, 0x33, 0x34, 0x33, 0x34, 0x34, 0x33, 0x34, 0xcb, 0xcb, 0xbb, 0xcb,
  0xcb, 0xbb, 0xcb, 0x0b, 0x40, 0xed, 0x2e, 0x00, 0x00, 0x01, 0x24, 0x24, 0x33, 0x34, 0x33, 0x34,
  0x34, 0x33, 0xbc, 0xcb, 0xcb, 0xbb, 0xcb, 0xcb, 0xbb, 0xcb, 0x33, 0x34, 0x34, 0x33, 0x34, 0x34,
  0x33, 0x34, 0xcb, 0xcb, 0xca, 0xba, 0xcb, 0xbb, 0xcb, 0xcb, 0x33, 0x24, 0x24, 0x33, 0x34, 0x33,
  0x34, 0x34, 0xcb, 0xbb, 0xac, 0xac, 0xbb, 0xbc, 0xbb, 0xbc, 0x43, 0x43, 0x33, 0x43, 0x43, 0x33,
  0x43, 0x43, 0xbb, 0xcb, 0xac, 0xbb, 0xac, 0xac, 0xbb, 0xbc, 0x24, 0x33, 0x34, 0x33, 0x34, 0x34,
  0x33, 0x34, 0xcb, 0xcb, 0xbb, 0xcb, 0xcb, 0xbb, 0xcb, 0xcb, 0x33, 0x43, 0x43, 0x33, 0x24, 0x24,
  0x33, 0x34, 0xac, 0xbb, 0xbc, 0xbb, 0xbc, 0xbc, 0xbb, 0xbc, 0x43, 0x43, 0x33, 0x43, 0x43, 0x33,
  0x43, 0x43, 0xbb, 0xac, 0xac, 0xbb, 0xbc, 0xbb, 0xbc, 0xbc, 0x24, 0x33, 0x34, 0x33, 0x34, 0x34,
  0x33, 0x34, 0xcb, 0xcb, 0xbb, 0xcb, 0xcb, 0xbb, 0xcb, 0x0b, 0x40, 0xed, 0x2e, 0x00, 0x00, 0x01,
  0x24, 0x24, 0x33, 0x34, 0x33, 0x34, 0x34, 0x33, 0xbc, 0xcb, 0xcb, 0xbb, 0xcb, 0xcb, 0xbb, 0xcb,
  0x33, 0x34, 0x34, 0x33, 0x34, 0x34, 0x33, 0x34, 0xcb, 0xcb, 0xca, 0xba, 0xcb, 0xbb, 0xcb, 0xcb,
  0x33, 0x24, 0x24, 0x33, 0x34, 0x33, 0x34, 0x34, 0xcb, 0xbb, 0xac, 0xac, 0xbb, 0xbc, 0xbb, 0xbc,
  0x43, 0x43, 0x33, 0x43, 0x43, 0x33, 0x43, 0x43, 0xbb, 0xcb, 0xac, 0xbb, 0xac, 0xac, 0xbb, 0xbc,
  0x24, 0x33, 0x34, 0x33, 0x34, 0x34, 0x33, 0x34, 0xcb, 0xcb, 0xbb, 0xcb, 0xcb, 0xbb, 0xcb, 0xcb,
  0x33, 0x43, 0x43, 0x33, 0x24, 0x24, 0x33, 0x34, 0xac, 0xbb, 0xbc, 0xbb, 0xbc, 0xbc, 0xbb, 0xbc,
  0x43, 0x43, 0x33, 0x43, 0x43, 0x33, 0x43, 0x43, 0xbb, 0xac, 0xac, 0xbb, 0xbc, 0xbb, 0xbc, 0xbc,
  0x24, 0x33, 0x34, 0x33, 0x34, 0x34, 0x33, 0x34, 0xcb, 0xcb, 0xbb, 0xcb, 0xcb, 0xbb, 0xcb, 0x0b,
  0x40, 0xed, 0x2e, 0x00, 0x00, 0x01, 0x24, 0x24, 0x33, 0x34, 0x33, 0x34, 0x34, 0x33, 0xbc, 0xcb,
  0xcb, 0xbb, 0xcb, 0xcb, 0xbb, 0xcb, 0x33, 0x34, 0x34, 0x33, 0x34, 0x34, 0x33, 0x34, 0xcb, 0xcb,
  0xca, 0xba, 0xcb, 0xbb, 0xcb, 0xcb, 0x33, 0x24, 0x24, 0x33, 0x34, 0x33, 0x34, 0x34, 0xcb, 0xbb,
  0xac, 0xac, 0xbb, 0xbc, 0xbb, 0xbc, 0x43, 0x43, 0x33, 0x43, 0x43, 0x33, 0x43, 0x43, 0xbb, 0xcb,
  0xac, 0xbb, 0xac, 0xac, 0xbb, 0xbc, 0x24, 0x33, 0x34, 0x33, 0x34, 0x34, 0x33, 0x34, 0xcb, 0xcb,
  0xbb, 0xcb, 0xcb, 0xbb, 0xcb, 0xcb, 0x33, 0x43, 0x43, 0x33, 0x24, 0x24, 0x33, 0x34, 0xac, 0xbb,
  0xbc, 0xbb, 0xbc, 0xbc, 0xbb, 0xbc, 0x43, 0x43, 0x33, 0x43, 0x43, 0x33, 0x43, 0x43, 0xbb, 0xac,
  0xac, 0xbb, 0xbc, 0xbb, 0xbc, 0xbc, 0x24, 0x33, 0x34, 0x33, 0x34, 0x34, 0x33, 0x34, 0xcb, 0xcb,
  0xbb, 0xcb, 0xcb, 0xbb, 0xcb, 0x0b, 0x40, 0xed, 0x2e, 0x00, 0x00, 0x01, 0x24, 0x24, 0x33, 0x34,
  0x33, 0x34, 0x34, 0x33, 0xbc, 0xcb, 0xcb, 0xbb, 0xcb, 0xcb, 0xbb, 0xcb, 0x33, 0x34, 0x34, 0x33,
  0x34, 0x34, 0x33, 0x34, 0xcb, 0xcb, 0xca, 0xba, 0xcb, 0xbb, 0xcb, 0xcb, 0x33, 0x24, 0x24, 0x33,
  0x34, 0x33, 0x34, 0x34, 0xcb, 0xbb, 0xac, 0xac, 0xbb, 0xbc, 0xbb, 0xbc, 0x43, 0x43, 0x33, 0x43,
  0x43, 0x33, 0x43, 0x43, 0xbb, 0xcb, 0xac, 0xbb, 0xac, 0xac, 0xbb, 0xbc, 0x24, 0x33, 0x34, 0x33,
  0x34, 0x34, 0x33, 0x34, 0xcb, 0xcb, 0xbb, 0xcb, 0xcb, 0xbb, 0xcb, 0xcb, 0x33, 0x43, 0x43, 0x33,
  0x24, 0x24, 0x33, 0x34, 0xac, 0xbb, 0xbc, 0xbb, 0xbc, 0xbc, 0xbb, 0xbc, 0x43, 0x43, 0x33, 0x43,
  0x43, 0x33, 0x43, 0x43, 0xbb, 0xac, 0xac, 0xbb, 0xbc, 0xbb, 0xbc, 0xbc, 0x24, 0x33, 0x34, 0x33,
  0x34, 0x34, 0x33, 0x34, 0xcb, 0xcb, 0xbb, 0xcb, 0xcb, 0xbb, 0xcb, 0x0b, 0x40, 0xed, 0x2e, 0x00,
  0x00, 0x01, 0x24, 0x24, 0x33, 0x34, 0x33, 0x34, 0x34, 0x33, 0xbc, 0xcb, 0xcb, 0xbb, 0xcb, 0xcb,
  0xbb, 0xcb, 0x33, 0x34, 0x34, 0x33, 0x34, 0x34, 0x33, 0x34, 0xcb, 0xcb, 0xca, 0xba, 0xcb, 0xbb,
  0xcb, 0xcb, 0x33, 0x24, 0x24, 0x33, 0x34, 0x33, 0x34, 0x34, 0xcb, 0xbb, 0xac, 0xac, 0xbb, 0xbc,
  0xbb, 0xbc, 0x43, 0x43, 0x33, 0x43, 0x43, 0x33, 0x43, 0x43, 0xbb, 0xcb, 0xac, 0xbb, 0xac, 0xac,
  0xbb, 0xbc, 0x24, 0x33, 0x34, 0x33, 0x34, 0x34, 0x33, 0x34, 0xcb, 0xcb, 0xbb, 0xcb, 0xcb, 0xbb,
  0xcb, 0xcb, 0x33, 0x43, 0x43, 0x33, 0x24, 0x24, 0x33, 0x34, 0xac, 0xbb, 0xbc, 0xbb, 0xbc, 0xbc,
  0xbb, 0xbc, 0x43, 0x43, 0x33, 0x43, 0x43, 0x33, 0x43, 0x43, 0xbb, 0xac, 0xac, 0xbb, 0xbc, 0xbb,
  0xbc, 0xbc, 0x24, 0x33, 0x34, 0x33, 0x34, 0x34, 0x33, 0x34, 0xcb, 0xcb, 0xbb, 0xcb, 0xcb, 0xbb,
  0xcb, 0x0b, 0x40, 0xed, 0x2e, 0x00, 0x00, 0x01, 0x24, 0x24, 0x33, 0x34, 0x33, 0x34, 0x34, 0x33,
  0xbc, 0xcb, 0xcb, 0xbb, 0xcb, 0xcb, 0xbb, 0xcb, 0x33, 0x34, 0x34, 0x33, 0x34, 0x34, 0x33, 0x34,
  0xcb, 0xcb, 0xca, 0xba, 0xcb, 0xbb, 0xcb, 0xcb, 0x33, 0x24, 0x24, 0x33, 0x34, 0x33, 0x34, 0x34,
  0xcb, 0xbb, 0xac, 0xac, 0xbb, 0xbc, 0xbb, 0xbc, 0x43, 0x43, 0x33, 0x43, 0x43, 0x33, 0x43, 0x43,
  0xbb, 0xcb, 0xac, 0xbb, 0xac, 0xac, 0xbb, 0xbc, 0x24, 0x33, 0x34, 0x33, 0x34, 0x34, 0x33, 0x34,
  0xcb, 0xcb, 0xbb, 0xcb, 0xcb, 0xbb, 0xcb, 0xcb, 0x33, 0x43, 0x43, 0x33, 0x24, 0x24, 0x33, 0x34,
  0xac, 0xbb, 0xbc, 0xbb, 0xbc, 0xbc, 0xbb, 0xbc, 0x43, 0x43, 0x33, 0x43, 0x43, 0x33, 0x43, 0x43,
  0xbb, 0xac, 0xac, 0xbb, 0xbc, 0xbb, 0xbc, 0xbc, 0x24, 0x33, 0x34, 0x33, 0x34, 0x34, 0x33, 0x34,
  0xcb, 0xcb, 0xbb, 0xcb, 0xcb, 0xbb, 0xcb, 0x0b, 0x40, 0xed, 0x2e, 0x00, 0x00, 0x01, 0x24, 0x24,
  0x33, 0x34, 0x33, 0x34, 0x34, 0x33, 0xbc, 0xcb, 0xcb, 0xbb, 0xcb, 0xcb, 0xbb, 0xcb, 0x33, 0x34,
  0x34, 0x33, 0x34, 0x34, 0x33, 0x34, 0xcb, 0xcb, 0xca, 0xba, 0xcb, 0xbb, 0xcb, 0xcb, 0x33, 0x24,
  0x24, 0x33, 0x34, 0x33, 0x34, 0x34, 0xcb, 0xbb, 0xac, 0xac, 0xbb, 0xbc, 0xbb, 0xbc, 0x43, 0x43,
  0x33, 0x43, 0x43, 0x33, 0x43, 0x43, 0xbb, 0xcb, 0xac, 0xbb, 0xac, 0xac, 0xbb, 0xbc, 0x24, 0x33,
  0x34, 0x33, 0x34, 0x34, 0x33, 0x34, 0xcb, 0xcb, 0xbb, 0xcb, 0xcb, 0xbb, 0xcb, 0xcb, 0x33, 0x43,
  0x43, 0x33, 0x24, 0x24, 0x33, 0x34, 0xac, 0xbb, 0xbc, 0xbb, 0xbc, 0xbc, 0xbb, 0xbc, 0x43, 0x43,
  0x33, 0x43, 0x43, 0x33, 0x43, 0x43, 0xbb, 0xac, 0xac, 0xbb, 0xbc, 0xbb, 0xbc, 0xbc, 0x24, 0x33,
  0x34, 0x33, 0x34, 0x34, 0x33, 0x34, 0xcb, 0xcb, 0xbb, 0xcb, 0xcb, 0xbb, 0xcb, 0x0b, 0x40, 0xed,
  0x2e, 0x00, 0x00, 0x01, 0x24, 0x24, 0x33, 0x34, 0x33, 0x34, 0x34, 0x33, 0xbc, 0xcb, 0xcb, 0xbb,
  0xcb, 0xcb, 0xbb, 0xcb, 0x33, 0x34, 0x34, 0x33, 0x34, 0x34, 0x33, 0x34, 0xcb, 0xcb, 0xca, 0xba,
  0xcb, 0xbb, 0xcb, 0xcb, 0x33, 0x24, 0x24, 0x33, 0x34, 0x33, 0x34, 0x34, 0xcb, 0xbb, 0xac, 0xac,
  0xbb, 0xbc, 0xbb, 0xbc, 0x43, 0x43, 0x33, 0x43, 0x43, 0x33, 0x43, 0x43, 0xbb, 0xcb, 0xac, 0xbb,
  0xac, 0xac, 0xbb, 0xbc, 0x24, 0x33, 0x34, 0x33, 0x34, 0x34, 0x33, 0x34, 0xcb, 0xcb, 0xbb, 0xcb,
  0xcb, 0xbb, 0xcb, 0xcb, 0x33, 0x43, 0x43, 0x33, 0x24, 0x24, 0x33, 0x34, 0xac, 0xbb, 0xbc, 0xbb,
  0xbc, 0xbc, 0xbb, 0xbc, 0x43, 0x43, 0x33, 0x43, 0x43, 0x33, 0x43, 0x43, 0xbb, 0xac, 0xac, 0xbb,
  0xbc, 0xbb, 0xbc, 0xbc, 0x24, 0x33, 0x34, 0x33, 0x34, 0x34, 0x33, 0x34, 0xcb, 0xcb, 0xbb, 0xcb,
  0xcb, 0xbb, 0xcb, 0x0b, 0x40, 0xed, 0x2e, 0x00, 0x00, 0x01, 0x24, 0x24, 0x33, 0x34, 0x33, 0x34,
  0x34, 0x33, 0xbc, 0xcb, 0xcb, 0xbb, 0xcb, 0xcb, 0xbb, 0xcb, 0x33, 0x34, 0x34, 0x33, 0x34, 0x34,
  0x33, 0x34, 0xcb, 0xcb, 0xca, 0xba, 0xcb, 0xbb, 0xcb, 0xcb, 0x33, 0x24, 0x24, 0x33, 0x34, 0x33,
  0x34, 0x34, 0xcb, 0xbb, 0xac, 0xac, 0xbb, 0xbc, 0xbb, 0xbc, 0x43, 0x43, 0x33, 0x43, 0x43, 0x33,
  0x43, 0x43, 0xbb, 0xcb, 0xac, 0xbb, 0xac, 0xac, 0xbb, 0xbc, 0x24, 0x33, 0x34, 0x33, 0x34, 0x34,
  0x33, 0x34, 0xcb, 0xcb, 0xbb, 0xcb, 0xcb, 0xbb, 0xcb, 0xcb, 0x33, 0x43, 0x43, 0x33, 0x24, 0x24,
  0x33, 0x34, 0xac, 0xbb, 0xbc, 0xbb, 0xbc, 0xbc, 0xbb, 0xbc, 0x43, 0x43, 0x33, 0x43, 0x43, 0x33,
  0x43, 0x43, 0xbb, 0xac, 0xac, 0xbb, 0xbc, 0xbb, 0xbc, 0xbc, 0x24, 0x33, 0x34, 0x33, 0x34, 0x34,
  0x33, 0x34, 0xcb, 0xcb, 0xbb, 0xcb, 0xcb, 0xbb, 0xcb, 0x0b, 0x40, 0xed, 0x2e, 0x00, 0x00, 0x01,
  0x24, 0x24, 0x33, 0x34, 0x33, 0x34, 0x34, 0x33, 0xbc, 0xcb, 0xcb, 0xbb, 0xcb, 0xcb, 0xbb, 0xcb,
  0x33, 0x34, 0x34, 0x33, 0x34, 0x34, 0x33, 0x34, 0xcb, 0xcb, 0xca, 0xba, 0xcb, 0xbb, 0xcb, 0xcb,
  0x33, 0x24, 0x24, 0x33, 0x34, 0x33, 0x34, 0x34, 0xcb, 0xbb, 0xac, 0xac, 0xbb, 0xbc, 0xbb, 0xbc,
  0x43, 0x43, 0x33, 0x43, 0x43, 0x33, 0x43, 0x43, 0xbb, 0xcb, 0xac, 0xbb, 0xac, 0xac, 0xbb, 0xbc,
  0x24, 0x33, 0x34, 0x33, 0x34, 0x34, 0x33, 0x34, 0xcb, 0xcb, 0xbb, 0xcb, 0xcb, 0xbb, 0xcb, 0xcb,
  0x33, 0x43, 0x43, 0x33, 0x24, 0x24, 0x33, 0x34, 0xac, 0xbb, 0xbc, 0xbb, 0xbc, 0xbc, 0xbb, 0xbc,
  0x43, 0x43, 0x33, 0x43, 0x43, 0x33, 0x43, 0x43, 0xbb, 0xac, 0xac, 0xbb, 0xbc, 0xbb, 0xbc, 0xbc,
  0x24, 0x33, 0x34, 0x33, 0x34, 0x34, 0x33, 0x34, 0xcb, 0xcb, 0xbb, 0xcb, 0xcb, 0xbb, 0xcb, 0x0b,
  0x40, 0xed, 0x2e, 0x00, 0x00, 0x01, 0x24, 0x24, 0x33, 0x34, 0x33, 0x34, 0x34, 0x33, 0xbc, 0xcb,
  0xcb, 0xbb, 0xcb, 0xcb, 0xbb, 0xcb, 0x33, 0x34, 0x34, 0x33, 0x34, 0x34, 0x33, 0x34, 0xcb, 0xcb,
  0xca, 0xba, 0xcb, 0xbb, 0xcb, 0xcb, 0x33, 0x24, 0x24, 0x33, 0x34, 0x33, 0x34, 0x34, 0xcb, 0xbb,
  0xac, 0xac, 0xbb, 0xbc, 0xbb, 0xbc, 0x43, 0x43, 0x33, 0x43, 0x43, 0x33, 0x43, 0x43, 0xbb, 0xcb,
  0xac, 0xbb, 0xac, 0xac, 0xbb, 0xbc, 0x24, 0x33, 0x34, 0x33, 0x34, 0x34, 0x33, 0x34, 0xcb, 0xcb,
  0xbb, 0xcb, 0xcb, 0xbb, 0xcb, 0xcb, 0x33, 0x43, 0x43, 0x33, 0x24, 0x24, 0x33, 0x34, 0xac, 0xbb,
  0xbc, 0xbb, 0xbc, 0xbc, 0xbb, 0xbc, 0x43, 0x43, 0x33, 0x43, 0x43, 0x33, 0x43, 0x43, 0xbb, 0xac,
  0xac, 0xbb, 0xbc, 0xbb, 0xbc, 0xbc, 0x24, 0x33, 0x34, 0x33, 0x34, 0x34, 0x33, 0x34, 0xcb, 0xcb,
  0xbb, 0xcb, 0xcb, 0xbb, 0xcb, 0x0b, 0x40, 0xed, 0x2e, 0x00, 0x00, 0x01, 0x24, 0x24, 0x33, 0x34,
  0x33, 0x34, 0x34, 0x33, 0xbc, 0xcb, 0xcb, 0xbb, 0xcb, 0xcb, 0xbb, 0xcb, 0x33, 0x34, 0x34, 0x33,
  0x34, 0x34, 0x33, 0x34, 0xcb, 0xcb, 0xca, 0xba, 0xcb, 0xbb, 0xcb, 0xcb, 0x33, 0x24, 0x24, 0x33,
  0x34, 0x33, 0x34, 0x34, 0xcb, 0xbb, 0xac, 0xac, 0xbb, 0xbc, 0xbb, 0xbc, 0x43, 0x43, 0x33, 0x43,
  0x43, 0x33, 0x43, 0x43, 0xbb, 0xcb, 0xac, 0xbb, 0xac, 0xac, 0xbb, 0xbc, 0x24, 0x33, 0x34, 0x33,
  0x34, 0x34, 0x33, 0x34, 0xcb, 0xcb, 0xbb, 0xcb, 0xcb, 0xbb, 0xcb, 0xcb, 0x33, 0x43, 0x43, 0x33,
  0x24, 0x24, 0x33, 0x34, 0xac, 0xbb, 0xbc, 0xbb, 0xbc, 0xbc, 0xbb, 0xbc, 0x43, 0x43, 0x33, 0x43,
  0x43, 0x33, 0x43, 0x43, 0xbb, 0xac, 0xac, 0xbb, 0xbc, 0xbb, 0xbc, 0xbc, 0x24, 0x33, 0x34, 0x33,
  0x34, 0x34, 0x33, 0x34, 0xcb, 0xcb, 0xbb, 0xcb, 0xcb, 0xbb, 0xcb, 0x0b, 0x40, 0xed, 0x2e, 0x00,
  0x00, 0x01, 0x24, 0x24, 0x33, 0x34, 0x33, 0x34, 0x34, 0x33, 0xbc, 0xcb, 0xcb, 0xbb, 0xcb, 0xcb,
  0xbb, 0xcb, 0x33, 0x34, 0x34, 0x33, 0x34, 0x34, 0x33, 0x34, 0xcb, 0xcb, 0xca, 0xba, 0xcb, 0xbb,
  0xcb, 0xcb, 0x33, 0x24, 0x24, 0x33, 0x34, 0x33, 0x34, 0x34, 0xcb, 0xbb, 0xac, 0xac, 0xbb, 0xbc,
  0xbb, 0xbc, 0x43, 0x43, 0x33, 0x43, 0x43, 0x33, 0x43, 0x43, 0xbb, 0xcb, 0xac, 0xbb, 0xac, 0xac,
  0xbb, 0xbc, 0x24, 0x33, 0x34, 0x33, 0x34, 0x34, 0x33, 0x34, 0xcb, 0xcb, 0xbb, 0xcb, 0xcb, 0xbb,
  0xcb, 0xcb, 0x33, 0x43, 0x43, 0x33, 0x24, 0x24, 0x33, 0x34, 0xac, 0xbb, 0xbc, 0xbb, 0xbc, 0xbc,
  0xbb, 0xbc, 0x43, 0x43, 0x33, 0x43, 0x43, 0x33, 0x43, 0x43, 0xbb, 0xac, 0xac, 0xbb, 0xbc, 0xbb,
  0xbc, 0xbc, 0x24, 0x33, 0x34, 0x33, 0x34, 0x34, 0x33, 0x34, 0xcb, 0xcb, 0xbb, 0xcb, 0xcb, 0xbb,
  0xcb, 0x0b, 0x40, 0xed, 0x2e, 0x00, 0x00, 0x01, 0x24, 0x24, 0x33, 0x34, 0x33, 0x34, 0x34, 0x33,
  0xbc, 0xcb, 0xcb, 0xbb, 0xcb, 0xcb, 0xbb, 0xcb, 0x33, 0x34, 0x34, 0x33, 0x34, 0x34, 0x33, 0x34,
  0xcb, 0xcb, 0xca, 0xba, 0xcb, 0xbb, 0xcb, 0xcb, 0x33, 0x24, 0x24, 0x33, 0x34, 0x33, 0x34, 0x34,
  0xcb, 0xbb, 0xac, 0xac, 0xbb, 0xbc, 0xbb, 0xbc, 0x43, 0x43, 0x33, 0x43, 0x43, 0x33, 0x43, 0x43,
  0xbb, 0xcb, 0xac, 0xbb, 0xac, 0xac, 0xbb, 0xbc, 0x24, 0x33, 0x34, 0x33, 0x34, 0x34, 0x33, 0x34,
  0xcb, 0xcb, 0xbb, 0xcb, 0xcb, 0xbb, 0xcb, 0xcb, 0x33, 0x43, 0x43, 0x33, 0x24, 0x24, 0x33, 0x34,
  0xac, 0xbb, 0xbc, 0xbb, 0xbc, 0xbc, 0xbb, 0xbc, 0x43, 0x43, 0x33, 0x43, 0x43, 0x33, 0x43, 0x43,
  0xbb, 0xac, 0xac, 0xbb, 0xbc, 0xbb, 0xbc, 0xbc, 0x24, 0x33, 0x34, 0x33, 0x34, 0x34, 0x33, 0x34,
  0xcb, 0xcb, 0xbb, 0xcb, 0xcb, 0xbb, 0xcb, 0x0b, 0x40, 0xed, 0x2e, 0x00, 0x00, 0x01, 0x24, 0x24,
  0x33, 0x34, 0x33, 0x34, 0x34, 0x33, 0xbc, 0xcb, 0xcb, 0xbb, 0xcb, 0xcb, 0xbb, 0xcb, 0x33, 0x34,
  0x34, 0x33, 0x34, 0x34, 0x33, 0x34, 0xcb, 0xcb, 0xca, 0xba, 0xcb, 0xbb, 0xcb, 0xcb, 0x33, 0x24,
  0x24, 0x33, 0x34, 0x33, 0x34, 0x34, 0xcb, 0xbb, 0xac, 0xac, 0xbb, 0xbc, 0xbb, 0xbc, 0x43, 0x43,
  0x33, 0x43, 0x43, 0x33, 0x43, 0x43, 0xbb, 0xcb, 0xac, 0xbb, 0xac, 0xac, 0xbb, 0xbc, 0x24, 0x33,
  0x34, 0x33, 0x34, 0x34, 0x33, 0x34, 0xcb, 0xcb, 0xbb, 0xcb, 0xcb, 0xbb, 0xcb, 0xcb, 0x33, 0x43,
  0x43, 0x33, 0x24, 0x24, 0x33, 0x34, 0xac, 0xbb, 0xbc, 0xbb, 0xbc, 0xbc, 0xbb, 0xbc, 0x43, 0x43,
  0x33, 0x43, 0x43, 0x33, 0x43, 0x43, 0xbb, 0xac, 0xac, 0xbb, 0xbc, 0xbb, 0xbc, 0xbc, 0x24, 0x33,
  0x34, 0x33, 0x34, 0x34, 0x33, 0x34, 0xcb, 0xcb, 0xbb, 0xcb, 0xcb, 0xbb, 0xcb, 0x0b, 0x40, 0xed,
  0x2e, 0x00, 0x00, 0x01, 0x24, 0x24, 0x33, 0x34, 0x33, 0x34, 0x34, 0x33, 0xbc, 0xcb, 0xcb, 0xbb,
  0xcb, 0xcb, 0xbb, 0xcb, 0x33, 0x34, 0x34, 0x33, 0x34, 0x34, 0x33, 0x34, 0xcb, 0xcb, 0xca, 0xba,
  0xcb, 0xbb, 0xcb, 0xcb, 0x33, 0x24, 0x24, 0x33, 0x34, 0x33, 0x34, 0x34, 0xcb, 0xbb, 0xac, 0xac,
  0xbb, 0xbc, 0xbb, 0xbc, 0x43, 0x43, 0x33, 0x43, 0x43, 0x33, 0x43, 0x43, 0xbb, 0xcb, 0xac, 0xbb,
  0xac, 0xac, 0xbb, 0xbc, 0x24, 0x33, 0x34, 0x33, 0x34, 0x34, 0x33, 0x34, 0xcb, 0xcb, 0xbb, 0xcb,
  0xcb, 0xbb, 0xcb, 0xcb, 0x33, 0x43, 0x43, 0x33, 0x24, 0x24, 0x33, 0x34, 0xac, 0xbb, 0xbc, 0xbb,
  0xbc, 0xbc, 0xbb, 0xbc, 0x43, 0x43, 0x33, 0x43, 0x43, 0x33, 0x43, 0x43, 0xbb, 0xac, 0xac, 0xbb,
  0xbc, 0xbb, 0xbc, 0xbc, 0x24, 0x33, 0x34, 0x33, 0x34, 0x34, 0x33, 0x34, 0xcb, 0xcb, 0xbb, 0xcb,
  0xcb, 0xbb, 0xcb, 0x0b, 0x40, 0xed, 0x2e, 0x00, 0x00, 0x01, 0x24, 0x24, 0x33, 0x34, 0x33, 0x34,
  0x34, 0x33, 0xbc, 0xcb, 0xcb, 0xbb, 0xcb, 0xcb, 0xbb, 0xcb, 0x33, 0x34, 0x34, 0x33, 0x34, 0x34,
  0x33, 0x34, 0xcb, 0xcb, 0xca, 0xba, 0xcb, 0xbb, 0xcb, 0xcb, 0x33, 0x24, 0x24, 0x33, 0x34, 0x33,
  0x34, 0x34, 0xcb, 0xbb, 0xac, 0xac, 0xbb, 0xbc, 0xbb, 0xbc, 0x43, 0x43, 0x33, 0x43, 0x43, 0x33,
  0x43, 0x43, 0xbb, 0xcb, 0xac, 0xbb, 0xac, 0xac, 0xbb, 0xbc, 0x24, 0x33, 0x34, 0x33, 0x34, 0x34,
  0x33, 0x34, 0xcb, 0xcb, 0xbb, 0xcb, 0xcb, 0xbb, 0xcb, 0xcb, 0x33, 0x43, 0x43, 0x33, 0x24, 0x24,
  0x33, 0x34, 0xac, 0xbb, 0xbc, 0xbb, 0xbc, 0xbc, 0xbb, 0xbc, 0x43, 0x43, 0x33, 0x43, 0x43, 0x33,
  0x43, 0x43, 0xbb, 0xac, 0xac, 0xbb, 0xbc, 0xbb, 0xbc, 0xbc, 0x24, 0x33, 0x34, 0x33, 0x34, 0x34,
  0x33, 0x34, 0xcb, 0xcb, 0xbb, 0xcb, 0xcb, 0xbb, 0xcb, 0x0b, 0x40, 0xed, 0x2e, 0x00, 0x00, 0x01,
  0x24, 0x24, 0x33, 0x34, 0x33, 0x34, 0x34, 0x33, 0xbc, 0xcb, 0xcb, 0xbb, 0xcb, 0xcb, 0xbb, 0xcb,
  0x33, 0x34, 0x34, 0x33, 0x34, 0x34, 0x33, 0x34, 0xcb, 0xcb, 0xca, 0xba, 0xcb, 0xbb, 0xcb, 0xcb,
  0x33, 0x24, 0x24, 0x33, 0x34, 0x33, 0x34, 0x34, 0xcb, 0xbb, 0xac, 0xac, 0xbb, 0xbc, 0xbb, 0xbc,
  0x43, 0x43, 0x33, 0x43, 0x43, 0x33, 0x43, 0x43, 0xbb, 0xcb, 0xac, 0xbb, 0xac, 0xac, 0xbb, 0xbc,
  0x24, 0x33, 0x34, 0x33, 0x34, 0x34, 0x33, 0x34, 0xcb, 0xcb, 0xbb, 0xcb, 0xcb, 0xbb, 0xcb, 0xcb,
  0x33, 0x43, 0x43, 0x33, 0x24, 0x24, 0x33, 0x34, 0xac, 0xbb, 0xbc, 0xbb, 0xbc, 0xbc, 0xbb, 0xbc,
  0x43, 0x43, 0x33, 0x43, 0x43, 0x33, 0x43, 0x43, 0xbb, 0xac, 0xac, 0xbb, 0xbc, 0xbb, 0xbc, 0xbc,
  0x24, 0x33, 0x34, 0x33, 0x34, 0x34, 0x33, 0x34, 0xcb, 0xcb, 0xbb, 0xcb, 0xcb, 0xbb, 0xcb, 0x0b,
  0x40, 0xed, 0x2e, 0x00, 0x00, 0x01, 0x24, 0x24, 0x33, 0x34, 0x33, 0x34, 0x34, 0x33, 0xbc, 0xcb,
  0xcb, 0xbb, 0xcb, 0xcb, 0xbb, 0xcb, 0x33, 0x34, 0x34, 0x33, 0x34, 0x34, 0x33, 0x34, 0xcb, 0xcb,
  0xca, 0xba, 0xcb, 0xbb, 0xcb, 0xcb, 0x33, 0x24, 0x24, 0x33, 0x34, 0x33, 0x34, 0x34, 0xcb, 0xbb,
  0xac, 0xac, 0xbb, 0xbc, 0xbb, 0xbc, 0x43, 0x43, 0x33, 0x43, 0x43, 0x33, 0x43, 0x43, 0xbb, 0xcb,
  0xac, 0xbb, 0xac, 0xac, 0xbb, 0xbc, 0x24, 0x33, 0x34, 0x33, 0x34, 0x34, 0x33, 0x34, 0xcb, 0xcb,
  0xbb, 0xcb, 0xcb, 0xbb, 0xcb, 0xcb, 0x33, 0x43, 0x43, 0x33, 0x24, 0x24, 0x33, 0x34, 0xac, 0xbb,
  0xbc, 0xbb, 0xbc, 0xbc, 0xbb, 0xbc, 0x43, 0x43, 0x33, 0x43, 0x43, 0x33, 0x43, 0x43, 0xbb, 0xac,
  0xac, 0xbb, 0xbc, 0xbb, 0xbc, 0xbc, 0x24, 0x33, 0x34, 0x33, 0x34, 0x34, 0x33, 0x34, 0xcb, 0xcb,
  0xbb, 0xcb, 0xcb, 0xbb, 0xcb, 0x0b, 0x40, 0xed, 0x2e, 0x00, 0x00, 0x01, 0x24, 0x24, 0x33, 0x34,
  0x33, 0x34, 0x34, 0x33, 0xbc, 0xcb, 0xcb, 0xbb, 0xcb, 0xcb, 0xbb, 0xcb, 0x33, 0x34, 0x34, 0x33,
  0x34, 0x34, 0x33, 0x34, 0xcb, 0xcb, 0xca, 0xba, 0xcb, 0xbb, 0xcb, 0xcb, 0x33, 0x24, 0x24, 0x33,
  0x34, 0x33, 0x34, 0x34, 0xcb, 0xbb, 0xac, 0xac, 0xbb, 0xbc, 0xbb, 0xbc, 0x43, 0x43, 0x33, 0x43,
  0x43, 0x33, 0x43, 0x43, 0xbb, 0xcb, 0xac, 0xbb, 0xac, 0xac, 0xbb, 0xbc, 0x24, 0x33, 0x34, 0x33,
  0x34, 0x34, 0x33, 0x34, 0xcb, 0xcb, 0xbb, 0xcb, 0xcb, 0xbb, 0xcb, 0xcb, 0x33, 0x43, 0x43, 0x33,
  0x24, 0x24, 0x33, 0x34, 0xac, 0xbb, 0xbc, 0xbb, 0xbc, 0xbc, 0xbb, 0xbc, 0x43, 0x43, 0x33, 0x43,
  0x43, 0x33, 0x43, 0x43, 0xbb, 0xac, 0xac, 0xbb, 0xbc, 0xbb, 0xbc, 0xbc, 0x24, 0x33, 0x34, 0x33,
  0x34, 0x34, 0x33, 0x34, 0xcb, 0xcb, 0xbb, 0xcb, 0xcb, 0xbb, 0xcb, 0x0b, 0x40, 0xed, 0x2e, 0x00,
  0x00, 0x01, 0x24, 0x24, 0x33, 0x34, 0x33, 0x34, 0x34, 0x33, 0xbc, 0xcb, 0xcb, 0xbb, 0xcb, 0xcb,
  0xbb, 0xcb, 0x33, 0x34, 0x34, 0x33, 0x34, 0x34, 0x33, 0x34, 0xcb, 0xcb, 0xca, 0xba, 0xcb, 0xbb,
  0xcb, 0xcb, 0x33, 0x24, 0x24, 0x33, 0x34, 0x33, 0x34, 0x34, 0xcb, 0xbb, 0xac, 0xac, 0xbb, 0xbc,
  0xbb, 0xbc, 0x43, 0x43, 0x33, 0x43, 0x43, 0x33, 0x43, 0x43, 0xbb, 0xcb, 0xac, 0xbb, 0xac, 0xac,
  0xbb, 0xbc, 0x24, 0x33, 0x34, 0x33, 0x34, 0x34, 0x33, 0x34, 0xcb, 0xcb, 0xbb, 0xcb, 0xcb, 0xbb,
  0xcb, 0xcb, 0x33, 0x43, 0x43, 0x33, 0x24, 0x24, 0x33, 0x34, 0xac, 0xbb, 0xbc, 0xbb, 0xbc, 0xbc,
  0xbb, 0xbc, 0x43, 0x43, 0x33, 0x43, 0x43, 0x33, 0x43, 0x43, 0xbb, 0xac, 0xac, 0xbb, 0xbc, 0xbb,
  0xbc, 0xbc, 0x24, 0x33, 0x34, 0x33, 0x34, 0x34, 0x33, 0x34, 0xcb, 0xcb, 0xbb, 0xcb, 0xcb, 0xbb,
  0xcb, 0x0b, 0x40, 0xed, 0x2e, 0x00, 0x00, 0x01, 0x24, 0x24, 0x33, 0x34, 0x33, 0x34, 0x34, 0x33,
  0xbc, 0xcb, 0xcb, 0xbb, 0xcb, 0xcb, 0xbb, 0xcb, 0x33, 0x34, 0x34, 0x33, 0x34, 0x34, 0x33, 0x34,
  0xcb, 0xcb, 0xca, 0xba, 0xcb, 0xbb, 0xcb, 0xcb, 0x33, 0x24, 0x24, 0x33, 0x34, 0x33, 0x34, 0x34,
  0xcb, 0xbb, 0xac, 0xac, 0xbb, 0xbc, 0xbb, 0xbc, 0x43, 0x43, 0x33, 0x43, 0x43, 0x33, 0x43, 0x43,
  0xbb, 0xcb, 0xac, 0xbb, 0xac, 0xac, 0xbb, 0xbc, 0x24, 0x33, 0x34, 0x33, 0x34, 0x34, 0x33, 0x34,
  0xcb, 0xcb, 0xbb, 0xcb, 0xcb, 0xbb, 0xcb, 0xcb, 0x33, 0x43, 0x43, 0x33, 0x24, 0x24, 0x33, 0x34,
  0xac, 0xbb, 0xbc, 0xbb, 0xbc, 0xbc, 0xbb, 0xbc, 0x43, 0x43, 0x33, 0x43, 0x43, 0x33, 0x43, 0x43,
  0xbb, 0xac, 0xac, 0xbb, 0xbc, 0xbb, 0xbc, 0xbc, 0x24, 0x33, 0x34, 0x33, 0x34, 0x34, 0x33, 0x34,
  0xcb, 0xcb, 0xbb, 0xcb, 0xcb, 0xbb, 0xcb, 0x0b, 0x40, 0xed, 0x2e, 0x00, 0x00, 0x01, 0x24, 0x24,
  0x33, 0x34, 0x33, 0x34, 0x34, 0x33, 0xbc, 0xcb, 0xcb, 0xbb, 0xcb, 0xcb, 0xbb, 0xcb, 0x33, 0x34,
  0x34, 0x33, 0x34, 0x34, 0x33, 0x34, 0xcb, 0xcb, 0xca, 0xba, 0xcb, 0xbb, 0xcb, 0xcb, 0x33, 0x24,
  0x24, 0x33, 0x34, 0x33, 0x34, 0x34, 0xcb, 0xbb, 0xac, 0xac, 0xbb, 0xbc, 0xbb, 0xbc, 0x43, 0x43,
  0x33, 0x43, 0x43, 0x33, 0x43, 0x43, 0xbb, 0xcb, 0xac, 0xbb, 0xac, 0xac, 0xbb, 0xbc, 0x24, 0x33,
  0x34, 0x33, 0x34, 0x34, 0x33, 0x34, 0xcb, 0xcb, 0xbb, 0xcb, 0xcb, 0xbb, 0xcb, 0xcb, 0x33, 0x43,
  0x43, 0x33, 0x24, 0x24, 0x33, 0x34, 0xac, 0xbb, 0xbc, 0xbb, 0xbc, 0xbc, 0xbb, 0xbc, 0x43, 0x43,
  0x33, 0x43, 0x43, 0x33, 0x43, 0x43, 0xbb, 0xac, 0xac, 0xbb, 0xbc, 0xbb, 0xbc, 0xbc, 0x24, 0x33,
  0x34, 0x33, 0x34, 0x34, 0x33, 0x34, 0xcb, 0xcb, 0xbb, 0xcb, 0xcb, 0xbb, 0xcb, 0x0b, 0x40, 0xed,
  0x2e, 0x00, 0x00, 0x01, 0x24, 0x24, 0x33, 0x34, 0x33, 0x34, 0x34, 0x33, 0xbc, 0xcb, 0xcb, 0xbb,
  0xcb, 0xcb, 0xbb, 0xcb, 0x33, 0x34, 0x34, 0x33, 0x34, 0x34, 0x33, 0x34, 0xcb, 0xcb, 0xca, 0xba,
  0xcb, 0xbb, 0xcb, 0xcb, 0x33, 0x24, 0x24, 0x33, 0x34, 0x33, 0x34, 0x34, 0xcb, 0xbb, 0xac, 0xac,
  0xbb, 0xbc, 0xbb, 0xbc, 0x43, 0x43, 0x33, 0x43, 0x43, 0x33, 0x43, 0x43, 0xbb, 0xcb, 0xac, 0xbb,
  0xac, 0xac, 0xbb, 0xbc, 0x24, 0x33, 0x34, 0x33, 0x34, 0x34, 0x33, 0x34, 0xcb, 0xcb, 0xbb, 0xcb,
  0xcb, 0xbb, 0xcb, 0xcb, 0x33, 0x43, 0x43, 0x33, 0x24, 0x24, 0x33, 0x34, 0xac, 0xbb, 0xbc, 0xbb,
  0xbc, 0xbc, 0xbb, 0xbc, 0x43, 0x43, 0x33, 0x43, 0x43, 0x33, 0x43, 0x43, 0xbb, 0xac, 0xac, 0xbb,
  0xbc, 0xbb, 0xbc, 0xbc, 0x24, 0x33, 0x34, 0x33, 0x34, 0x34, 0x33, 0x34, 0xcb, 0xcb, 0xbb, 0xcb,
  0xcb, 0xbb, 0xcb, 0x0b, 0x40, 0xed, 0x2e, 0x00, 0x00, 0x01, 0x24, 0x24, 0x33, 0x34, 0x33, 0x34,
  0x34, 0x33, 0xbc, 0xcb, 0xcb, 0xbb, 0xcb, 0xcb, 0xbb, 0xcb, 0x33, 0x34, 0x34, 0x33, 0x34, 0x34,
  0x33, 0x34, 0xcb, 0xcb, 0xca, 0xba, 0xcb, 0xbb, 0xcb, 0xcb, 0x33, 0x24, 0x24, 0x33, 0x34, 0x33,
  0x34, 0x34, 0xcb, 0xbb, 0xac, 0xac, 0xbb, 0xbc, 0xbb, 0xbc, 0x43, 0x43, 0x33, 0x43, 0x43, 0x33,
  0x43, 0x43, 0xbb, 0xcb, 0xac, 0xbb, 0xac, 0xac, 0xbb, 0xbc, 0x24, 0x33, 0x34, 0x33, 0x34, 0x34,
  0x33, 0x34, 0xcb, 0xcb, 0xbb, 0xcb, 0xcb, 0xbb, 0xcb, 0xcb, 0x33, 0x43, 0x43, 0x33, 0x24, 0x24,
  0x33, 0x34, 0xac, 0xbb, 0xbc, 0xbb, 0xbc, 0xbc, 0xbb, 0xbc, 0x43, 0x43, 0x33, 0x43, 0x43, 0x33,
  0x43, 0x43, 0xbb, 0xac, 0xac, 0xbb, 0xbc, 0xbb, 0xbc, 0xbc, 0x24, 0x33, 0x34, 0x33, 0x34, 0x34,
  0x33, 0x34, 0xcb, 0xcb, 0xbb, 0xcb, 0xcb, 0xbb, 0xcb, 0x0b, 0x40, 0xed, 0x2e, 0x00, 0x00, 0x01,
  0x24, 0x24, 0x33, 0x34, 0x33, 0x34, 0x34, 0x33, 0xbc, 0xcb, 0xcb, 0xbb, 0xcb, 0xcb, 0xbb, 0xcb,
  0x33, 0x34, 0x34, 0x33, 0x34, 0x34, 0x33, 0x34, 0xcb, 0xcb, 0xca, 0xba, 0xcb, 0xbb, 0xcb, 0xcb,
  0x33, 0x24, 0x24, 0x33, 0x34, 0x33, 0x34, 0x34, 0xcb, 0xbb, 0xac, 0xac, 0xbb, 0xbc, 0xbb, 0xbc,
  0x43, 0x43, 0x33, 0x43, 0x43, 0x33, 0x43, 0x43, 0xbb, 0xcb, 0xac, 0xbb, 0xac, 0xac, 0xbb, 0xbc,
  0x24, 0x33, 0x34, 0x33, 0x34, 0x34, 0x33, 0x34, 0xcb, 0xcb, 0xbb, 0xcb, 0xcb, 0xbb, 0xcb, 0xcb,
  0x33, 0x43, 0x43, 0x33, 0x24, 0x24, 0x33, 0x34, 0xac, 0xbb, 0xbc, 0xbb, 0xbc, 0xbc, 0xbb, 0xbc,
  0x43, 0x43, 0x33, 0x43, 0x43, 0x33, 0x43, 0x43, 0xbb, 0xac, 0xac, 0xbb, 0xbc, 0xbb, 0xbc, 0xbc,
  0x24, 0x33, 0x34, 0x33, 0x34, 0x34, 0x33, 0x34, 0xcb, 0xcb, 0xbb, 0xcb, 0xcb, 0xbb, 0xcb, 0x0b,
  0x40, 0xed, 0x2e, 0x00, 0x00, 0x01, 0x24, 0x24, 0x33, 0x34, 0x33, 0x34, 0x34, 0x33, 0xbc, 0xcb,
  0xcb, 0xbb, 0xcb, 0xcb, 0xbb, 0xcb, 0x33, 0x34, 0x34, 0x33, 0x34, 0x34, 0x33, 0x34, 0xcb, 0xcb,
  0xca, 0xba, 0xcb, 0xbb, 0xcb, 0xcb, 0x33, 0x24, 0x24, 0x33, 0x34, 0x33, 0x34, 0x34, 0xcb, 0xbb,
  0xac, 0xac, 0xbb, 0xbc, 0xbb, 0xbc, 0x43, 0x43, 0x33, 0x43, 0x43, 0x33, 0x43, 0x43, 0xbb, 0xcb,
  0xac, 0xbb, 0xac, 0xac, 0xbb, 0xbc, 0x24, 0x33, 0x34, 0x33, 0x34, 0x34, 0x33, 0x34, 0xcb, 0xcb,
  0xbb, 0xcb, 0xcb, 0xbb, 0xcb, 0xcb, 0x33, 0x43, 0x43, 0x33, 0x24, 0x24, 0x33, 0x34, 0xac, 0xbb,
  0xbc, 0xbb, 0xbc, 0xbc, 0xbb, 0xbc, 0x43, 0x43, 0x33, 0x43, 0x43, 0x33, 0x43, 0x43, 0xbb, 0xac,
  0xac, 0xbb, 0xbc, 0xbb, 0xbc, 0xbc, 0x24, 0x33, 0x34, 0x33, 0x34, 0x34, 0x33, 0x34, 0xcb, 0xcb,
  0xbb, 0xcb, 0xcb, 0xbb, 0xcb, 0x0b, 0x40, 0xed, 0x2e, 0x00, 0x00, 0x01, 0x24, 0x24, 0x33, 0x34,
  0x33, 0x34, 0x34, 0x33, 0xbc, 0xcb, 0xcb, 0xbb, 0xcb, 0xcb, 0xbb, 0xcb, 0x33, 0x34, 0x34, 0x33,
  0x34, 0x34, 0x33, 0x34, 0xcb, 0xcb, 0xca, 0xba, 0xcb, 0xbb, 0xcb, 0xcb, 0x33, 0x24, 0x24, 0x33,
  0x34, 0x33, 0x34, 0x34, 0xcb, 0xbb, 0xac, 0xac, 0xbb, 0xbc, 0xbb, 0xbc, 0x43, 0x43, 0x33, 0x43,
  0x43, 0x33, 0x43, 0x43, 0xbb, 0xcb, 0xac, 0xbb, 0xac, 0xac, 0xbb, 0xbc, 0x24, 0x33, 0x34, 0x33,
  0x34, 0x34, 0x33, 0x34, 0xcb, 0xcb, 0xbb, 0xcb, 0xcb, 0xbb, 0xcb, 0xcb, 0x33, 0x43, 0x43, 0x33,
  0x24, 0x24, 0x33, 0x34, 0xac, 0xbb, 0xbc, 0xbb, 0xbc, 0xbc, 0xbb, 0xbc, 0x43, 0x43, 0x33, 0x43,
  0x43, 0x33, 0x43, 0x43, 0xbb, 0xac, 0xac, 0xbb, 0xbc, 0xbb, 0xbc, 0xbc, 0x24, 0x33, 0x34, 0x33,
  0x34, 0x34, 0x33, 0x34, 0xcb, 0xcb, 0xbb, 0xcb, 0xcb, 0xbb, 0xcb, 0x0b, 0x40, 0xed, 0x2e, 0x00,
  0x00, 0x01, 0x24, 0x24, 0x33, 0x34, 0x33, 0x34, 0x34, 0x33, 0xbc, 0xcb, 0xcb, 0xbb, 0xcb, 0xcb,
  0xbb, 0xcb, 0x33, 0x34, 0x34, 0x33, 0x34, 0x34, 0x33, 0x34, 0xcb, 0xcb, 0xca, 0xba, 0xcb, 0xbb,
  0xcb, 0xcb, 0x33, 0x24, 0x24, 0x33, 0x34, 0x33, 0x34, 0x34, 0xcb, 0xbb, 0xac, 0xac, 0xbb, 0xbc,
  0xbb, 0xbc, 0x43, 0x43, 0x33, 0x43, 0x43, 0x33, 0x43, 0x43, 0xbb, 0xcb, 0xac, 0xbb, 0xac, 0xac,
  0xbb, 0xbc, 0x24, 0x33, 0x34, 0x33, 0x34, 0x34, 0x33, 0x34, 0xcb, 0xcb, 0xbb, 0xcb, 0xcb, 0xbb,
  0xcb, 0xcb, 0x33, 0x43, 0x43, 0x33, 0x24, 0x24, 0x33, 0x34, 0xac, 0xbb, 0xbc, 0xbb, 0xbc, 0xbc,
  0xbb, 0xbc, 0x43, 0x43, 0x33, 0x43, 0x43, 0x33, 0x43, 0x43, 0xbb, 0xac, 0xac, 0xbb, 0xbc, 0xbb,
  0xbc, 0xbc, 0x24, 0x33, 0x34, 0x33, 0x34, 0x34, 0x33, 0x34, 0xcb, 0xcb, 0xbb, 0xcb, 0xcb, 0xbb,
  0xcb, 0x0b, 0x40, 0xed, 0x2e, 0x00, 0x00, 0x01, 0x24, 0x24, 0x33, 0x34, 0x33, 0x34, 0x34, 0x33,
  0xbc, 0xcb, 0xcb, 0xbb, 0xcb, 0xcb, 0xbb, 0xcb, 0x33, 0x34, 0x34, 0x33, 0x34, 0x34, 0x33, 0x34,
  0xcb, 0xcb, 0xca, 0xba, 0xcb, 0xbb, 0xcb, 0xcb, 0x33, 0x24, 0x24, 0x33, 0x34, 0x33, 0x34, 0x34,
  0xcb, 0xbb, 0xac, 0xac, 0xbb, 0xbc, 0xbb, 0xbc, 0x43, 0x43, 0x33, 0x43, 0x43, 0x33, 0x43, 0x43,
  0xbb, 0xcb, 0xac, 0xbb, 0xac, 0xac, 0xbb, 0xbc, 0x24, 0x33, 0x34, 0x33, 0x34, 0x34, 0x33, 0x34,
  0xcb, 0xcb, 0xbb, 0xcb, 0xcb, 0xbb, 0xcb, 0xcb, 0x33, 0x43, 0x43, 0x33, 0x24, 0x24, 0x33, 0x34,
  0xac, 0xbb, 0xbc, 0xbb, 0xbc, 0xbc, 0xbb, 0xbc, 0x43, 0x43, 0x33, 0x43, 0x43, 0x33, 0x43, 0x43,
  0xbb, 0xac, 0xac, 0xbb, 0xbc, 0xbb, 0xbc, 0xbc, 0x24, 0x33, 0x34, 0x33, 0x34, 0x34, 0x33, 0x34,
  0xcb, 0xcb, 0xbb, 0xcb, 0xcb, 0xbb, 0xcb, 0x0b, 0x40, 0xed, 0x2e, 0x00, 0x00, 0x01, 0x24, 0x24,
  0x33, 0x34, 0x33, 0x34, 0x34, 0x33, 0xbc, 0xcb, 0xcb, 0xbb, 0xcb, 0xcb, 0xbb, 0xcb, 0x33, 0x34,
  0x34, 0x33, 0x34, 0x34, 0x33, 0x34, 0xcb, 0xcb, 0xca, 0xba, 0xcb, 0xbb, 0xcb, 0xcb, 0x33, 0x24,
  0x24, 0x33, 0x34, 0x33, 0x34, 0x34, 0xcb, 0xbb, 0xac, 0xac, 0xbb, 0xbc, 0xbb, 0xbc, 0x43, 0x43,
  0x33, 0x43, 0x43, 0x33, 0x43, 0x43, 0xbb, 0xcb, 0xac, 0xbb, 0xac, 0xac, 0xbb, 0xbc, 0x24, 0x33,
  0x34, 0x33, 0x34, 0x34, 0x33, 0x34, 0xcb, 0xcb, 0xbb, 0xcb, 0xcb, 0xbb, 0xcb, 0xcb, 0x33, 0x43,
  0x43, 0x33, 0x24, 0x24, 0x33, 0x34, 0xac, 0xbb, 0xbc, 0xbb, 0xbc, 0xbc, 0xbb, 0xbc, 0x43, 0x43,
  0x33, 0x43, 0x43, 0x33, 0x43, 0x43, 0xbb, 0xac, 0xac, 0xbb, 0xbc, 0xbb, 0xbc, 0xbc, 0x24, 0x33,
  0x34, 0x33, 0x34, 0x34, 0x33, 0x34, 0xcb, 0xcb, 0xbb, 0xcb, 0xcb, 0xbb, 0xcb, 0x0b, 0x40, 0xed,
  0x2e, 0x00, 0x00, 0x01, 0x24, 0x24, 0x33, 0x34, 0x33, 0x34, 0x34, 0x33, 0xbc, 0xcb, 0xcb, 0xbb,
  0xcb, 0xcb, 0xbb, 0xcb, 0x33, 0x34, 0x34, 0x33, 0x34, 0x34, 0x33, 0x34, 0xcb, 0xcb, 0xca, 0xba,
  0xcb, 0xbb, 0xcb, 0xcb, 0x33, 0x24, 0x24, 0x33, 0x34, 0x33, 0x34, 0x34, 0xcb, 0xbb, 0xac, 0xac,
  0xbb, 0xbc, 0xbb, 0xbc, 0x43, 0x43, 0x33, 0x43, 0x43, 0x33, 0x43, 0x43, 0xbb, 0xcb, 0xac, 0xbb,
  0xac, 0xac, 0xbb, 0xbc, 0x24, 0x33, 0x34, 0x33, 0x34, 0x34, 0x33, 0x34, 0xcb, 0xcb, 0xbb, 0xcb,
  0xcb, 0xbb, 0xcb, 0xcb, 0x33, 0x43, 0x43, 0x33, 0x24, 0x24, 0x33, 0x34, 0xac, 0xbb, 0xbc, 0xbb,
  0xbc, 0xbc, 0xbb, 0xbc, 0x43, 0x43, 0x33, 0x43, 0x43, 0x33, 0x43, 0x43, 0xbb, 0xac, 0xac, 0xbb,
  0xbc, 0xbb, 0xbc, 0xbc, 0x24, 0x33, 0x34, 0x33, 0x34, 0x34, 0x33, 0x34, 0xcb, 0xcb, 0xbb, 0xcb,
  0xcb, 0xbb, 0xcb, 0x0b, 0x40, 0xed, 0x2e, 0x00, 0x00, 0x01, 0x24, 0x24, 0x33, 0x34, 0x33, 0x34,
  0x34, 0x33, 0xbc, 0xcb, 0xcb, 0xbb, 0xcb, 0xcb, 0xbb, 0xcb, 0x33, 0x34, 0x34, 0x33, 0x34, 0x34,
  0x33, 0x34, 0xcb, 0xcb, 0xca, 0xba, 0xcb, 0xbb, 0xcb, 0xcb, 0x33, 0x24, 0x24, 0x33, 0x34, 0x33,
  0x34, 0x34, 0xcb, 0xbb, 0xac, 0xac, 0xbb, 0xbc, 0xbb, 0xbc, 0x43, 0x43, 0x33, 0x43, 0x43, 0x33,
  0x43, 0x43, 0xbb, 0xcb, 0xac, 0xbb, 0xac, 0xac, 0xbb, 0xbc, 0x24, 0x33, 0x34, 0x33, 0x34, 0x34,
  0x33, 0x34, 0xcb, 0xcb, 0xbb, 0xcb, 0xcb, 0xbb, 0xcb, 0xcb, 0x33, 0x43, 0x43, 0x33, 0x24, 0x24,
  0x33, 0x34, 0xac, 0xbb, 0xbc, 0xbb, 0xbc, 0xbc, 0xbb, 0xbc, 0x43, 0x43, 0x33, 0x43, 0x43, 0x33,
  0x43, 0x43, 0xbb, 0xac, 0xac, 0xbb, 0xbc, 0xbb, 0xbc, 0xbc, 0x24, 0x33, 0x34, 0x33, 0x34, 0x34,
  0x33, 0x34, 0xcb, 0xcb, 0xbb, 0xcb, 0xcb, 0xbb, 0xcb, 0x0b, 0x40, 0xed, 0x2e, 0x00, 0x00, 0x01,
  0x24, 0x24, 0x33, 0x34, 0x33, 0x34, 0x34, 0x33, 0xbc, 0xcb, 0xcb, 0xbb, 0xcb, 0xcb, 0xbb, 0xcb,
  0x33, 0x34, 0x34, 0x33, 0x34, 0x34, 0x33, 0x34, 0xcb, 0xcb, 0xca, 0xba, 0xcb, 0xbb, 0xcb, 0xcb,
  0x33, 0x24, 0x24, 0x33, 0x34, 0x33, 0x34, 0x34, 0xcb, 0xbb, 0xac, 0xac, 0xbb, 0xbc, 0xbb, 0xbc,
  0x43, 0x43, 0x33, 0x43, 0x43, 0x33, 0x43, 0x43, 0xbb, 0xcb, 0xac, 0xbb, 0xac, 0xac, 0xbb, 0xbc,
  0x24, 0x33, 0x34, 0x33, 0x34, 0x34, 0x33, 0x34, 0xcb, 0xcb, 0xbb, 0xcb, 0xcb, 0xbb, 0xcb, 0xcb,
  0x33, 0x43, 0x43, 0x33, 0x24, 0x24, 0x33, 0x34, 0xac, 0xbb, 0xbc, 0xbb, 0xbc, 0xbc, 0xbb, 0xbc,
  0x43, 0x43, 0x33, 0x43, 0x43, 0x33, 0x43, 0x43, 0xbb, 0xac, 0xac, 0xbb, 0xbc, 0xbb, 0xbc, 0xbc,
  0x24, 0x33, 0x34, 0x33, 0x34, 0x34, 0x33, 0x34, 0xcb, 0xcb, 0xbb, 0xcb, 0xcb, 0xbb, 0xcb, 0x0b,
  0x40, 0xed, 0x2e, 0x00, 0x00, 0x01, 0x24, 0x24, 0x33, 0x34, 0x33, 0x34, 0x34, 0x33, 0xbc, 0xcb,
  0xcb, 0xbb, 0xcb, 0xcb, 0xbb, 0xcb, 0x33, 0x34, 0x34, 0x33, 0x34, 0x34, 0x33, 0x34, 0xcb, 0xcb,
  0xca, 0xba, 0xcb, 0xbb, 0xcb, 0xcb, 0x33, 0x24, 0x24, 0x33, 0x34, 0x33, 0x34, 0x34, 0xcb, 0xbb,
  0xac, 0xac, 0xbb, 0xbc, 0xbb, 0xbc, 0x43, 0x43, 0x33, 0x43, 0x43, 0x33, 0x43, 0x43, 0xbb, 0xcb,
  0xac, 0xbb, 0xac, 0xac, 0xbb, 0xbc, 0x24, 0x33, 0x34, 0x33, 0x34, 0x34, 0x33, 0x34, 0xcb, 0xcb,
  0xbb, 0xcb, 0xcb, 0xbb, 0xcb, 0xcb, 0x33, 0x43, 0x43, 0x33, 0x24, 0x24, 0x33, 0x34, 0xac, 0xbb,
  0xbc, 0xbb, 0xbc, 0xbc, 0xbb, 0xbc, 0x43, 0x43, 0x33, 0x43, 0x43, 0x33, 0x43, 0x43, 0xbb, 0xac,
  0xac, 0xbb, 0xbc, 0xbb, 0xbc, 0xbc, 0x24, 0x33, 0x34, 0x33, 0x34, 0x34, 0x33, 0x34, 0xcb, 0xcb,
  0xbb, 0xcb, 0xcb, 0xbb, 0xcb, 0x0b, 0x40, 0xed, 0x2e, 0x00, 0x00, 0x01, 0x24, 0x24, 0x33, 0x34,
  0x33, 0x34, 0x34, 0x33, 0xbc, 0xcb, 0xcb, 0xbb, 0xcb, 0xcb, 0xbb, 0xcb, 0x33, 0x34, 0x34, 0x33,
  0x34, 0x34, 0x33, 0x34, 0xcb, 0xcb, 0xca, 0xba, 0xcb, 0xbb, 0xcb, 0xcb, 0x33, 0x24, 0x24, 0x33,
  0x34, 0x33, 0x34, 0x34, 0xcb, 0xbb, 0xac, 0xac, 0xbb, 0xbc, 0xbb, 0xbc, 0x43, 0x43, 0x33, 0x43,
  0x43, 0x33, 0x43, 0x43, 0xbb, 0xcb, 0xac, 0xbb, 0xac, 0xac, 0xbb, 0xbc, 0x24, 0x33, 0x34, 0x33,
  0x34, 0x34, 0x33, 0x34, 0xcb, 0xcb, 0xbb, 0xcb, 0xcb, 0xbb, 0xcb, 0xcb, 0x33, 0x43, 0x43, 0x33,
  0x24, 0x24, 0x33, 0x34, 0xac, 0xbb, 0xbc, 0xbb, 0xbc, 0xbc, 0xbb, 0xbc, 0x43, 0x43, 0x33, 0x43,
  0x43, 0x33, 0x43, 0x43, 0xbb, 0xac, 0xac, 0xbb, 0xbc, 0xbb, 0xbc, 0xbc, 0x24, 0x33, 0x34, 0x33,
  0x34, 0x34, 0x33, 0x34, 0xcb, 0xcb, 0xbb, 0xcb, 0xcb, 0xbb, 0xcb, 0x0b, 0x40, 0xed, 0x2e, 0x00,
  0x00, 0x01, 0x24, 0x24, 0x33, 0x34, 0x33, 0x34, 0x34, 0x33, 0xbc, 0xcb, 0xcb, 0xbb, 0xcb, 0xcb,
  0xbb, 0xcb, 0x33, 0x34, 0x34, 0x33, 0x34, 0x34, 0x33, 0x34, 0xcb, 0xcb, 0xca, 0xba, 0xcb, 0xbb,
  0xcb, 0xcb, 0x33, 0x24, 0x24, 0x33, 0x34, 0x33, 0x34, 0x34, 0xcb, 0xbb, 0xac, 0xac, 0xbb, 0xbc,
  0xbb, 0xbc, 0x43, 0x43, 0x33, 0x43, 0x43, 0x33, 0x43, 0x43, 0xbb, 0xcb, 0xac, 0xbb, 0xac, 0xac,
  0xbb, 0xbc, 0x24, 0x33, 0x34, 0x33, 0x34, 0x34, 0x33, 0x34, 0xcb, 0xcb, 0xbb, 0xcb, 0xcb, 0xbb,
  0xcb, 0xcb, 0x33, 0x43, 0x43, 0x33, 0x24, 0x24, 0x33, 0x34, 0xac, 0xbb, 0xbc, 0xbb, 0xbc, 0xbc,
  0xbb, 0xbc, 0x43, 0x43, 0x33, 0x43, 0x43, 0x33, 0x43, 0x43, 0xbb, 0xac, 0xac, 0xbb, 0xbc, 0xbb,
  0xbc, 0xbc, 0x24, 0x33, 0x34, 0x33, 0x34, 0x34, 0x33, 0x34, 0xcb, 0xcb, 0xbb, 0xcb, 0xcb, 0xbb,
  0xcb, 0x0b, 0x40, 0xed, 0x2e, 0x00, 0x00, 0x01, 0x24, 0x24, 0x33, 0x34, 0x33, 0x34, 0x34, 0x33,
  0xbc, 0xcb, 0xcb, 0xbb, 0xcb, 0xcb, 0xbb, 0xcb, 0x33, 0x34, 0x34, 0x33, 0x34, 0x34, 0x33, 0x34,
  0xcb, 0xcb, 0xca, 0xba, 0xcb, 0xbb, 0xcb, 0xcb, 0x33, 0x24, 0x24, 0x33, 0x34, 0x33, 0x34, 0x34,
  0xcb, 0xbb, 0xac, 0xac, 0xbb, 0xbc, 0xbb, 0xbc, 0x43, 0x43, 0x33, 0x43, 0x43, 0x33, 0x43, 0x43,
  0xbb, 0xcb, 0xac, 0xbb, 0xac, 0xac, 0xbb, 0xbc, 0x24, 0x33, 0x34, 0x33, 0x34, 0x34, 0x33, 0x34,
  0xcb, 0xcb, 0xbb, 0xcb, 0xcb, 0xbb, 0xcb, 0xcb, 0x33, 0x43, 0x43, 0x33, 0x24, 0x24, 0x33, 0x34,
  0xac, 0xbb, 0xbc, 0xbb, 0xbc, 0xbc, 0xbb, 0xbc, 0x43, 0x43, 0x33, 0x43, 0x43, 0x33, 0x43, 0x43,
  0xbb, 0xac, 0xac, 0xbb, 0xbc, 0xbb, 0xbc, 0xbc, 0x24, 0x33, 0x34, 0x33, 0x34, 0x34, 0x33, 0x34,
  0xcb, 0xcb, 0xbb, 0xcb, 0xcb, 0xbb, 0xcb, 0x0b, 0x40, 0xed, 0x2e, 0x00, 0x00, 0x01, 0x24, 0x24,
  0x33, 0x34, 0x33, 0x34, 0x34, 0x33, 0xbc, 0xcb, 0xcb, 0xbb, 0xcb, 0xcb, 0xbb, 0xcb, 0x33, 0x34,
  0x34, 0x33, 0x34, 0x34, 0x33, 0x34, 0xcb, 0xcb, 0xca, 0xba, 0xcb, 0xbb, 0xcb, 0xcb, 0x33, 0x24,
  0x24, 0x33, 0x34, 0x33, 0x34, 0x34, 0xcb, 0xbb, 0xac, 0xac, 0xbb, 0xbc, 0xbb, 0xbc, 0x43, 0x43,
  0x33, 0x43, 0x43, 0x33, 0x43, 0x43, 0xbb, 0xcb, 0xac, 0xbb, 0xac, 0xac, 0xbb, 0xbc, 0x24, 0x33,
  0x34, 0x33, 0x34, 0x34, 0x33, 0x34, 0xcb, 0xcb, 0xbb, 0xcb, 0xcb, 0xbb, 0xcb, 0xcb, 0x33, 0x43,
  0x43, 0x33, 0x24, 0x24, 0x33, 0x34, 0xac, 0xbb, 0xbc, 0xbb, 0xbc, 0xbc, 0xbb, 0xbc, 0x43, 0x43,
  0x33, 0x43, 0x43, 0x33, 0x43, 0x43, 0xbb, 0xac, 0xac, 0xbb, 0xbc, 0xbb, 0xbc, 0xbc, 0x24, 0x33,
  0x34, 0x33, 0x34, 0x34, 0x33, 0x34, 0xcb, 0xcb, 0xbb, 0xcb, 0xcb, 0xbb, 0xcb, 0x0b, 0x40, 0xed,
  0x2e, 0x00, 0x00, 0x01, 0x24, 0x24, 0x33, 0x34, 0x33, 0x34, 0x34, 0x33, 0xbc, 0xcb, 0xcb, 0xbb,
  0xcb, 0xcb, 0xbb, 0xcb, 0x33, 0x34, 0x34, 0x33, 0x34, 0x34, 0x33, 0x34, 0xcb, 0xcb, 0xca, 0xba,
  0xcb, 0xbb, 0xcb, 0xcb, 0x33, 0x24, 0x24, 0x33, 0x34, 0x33, 0x34, 0x34, 0xcb, 0xbb, 0xac, 0xac,
  0xbb, 0xbc, 0xbb, 0xbc, 0x43, 0x43, 0x33, 0x43, 0x43, 0x33, 0x43, 0x43, 0xbb, 0xcb, 0xac, 0xbb,
  0xac, 0xac, 0xbb, 0xbc, 0x24, 0x33, 0x34, 0x33, 0x34, 0x34, 0x33, 0x34, 0xcb, 0xcb, 0xbb, 0xcb,
  0xcb, 0xbb, 0xcb, 0xcb, 0x33, 0x43, 0x43, 0x33, 0x24, 0x24, 0x33, 0x34, 0xac, 0xbb, 0xbc, 0xbb,
  0xbc, 0xbc, 0xbb, 0xbc, 0x43, 0x43, 0x33, 0x43, 0x43, 0x33, 0x43, 0x43, 0xbb, 0xac, 0xac, 0xbb,
  0xbc, 0xbb, 0xbc, 0xbc, 0x24, 0x33, 0x34, 0x33, 0x34, 0x34, 0x33, 0x34, 0xcb, 0xcb, 0xbb, 0xcb,
  0xcb, 0xbb, 0xcb, 0x0b, 0x40, 0xed, 0x2e, 0x00, 0x00, 0x01, 0x24, 0x24, 0x33, 0x34, 0x33, 0x34,
  0x34, 0x33, 0xbc, 0xcb, 0xcb, 0xbb, 0xcb, 0xcb, 0xbb, 0xcb, 0x33, 0x34, 0x34, 0x33, 0x34, 0x34,
  0x33, 0x34, 0xcb, 0xcb, 0xca, 0xba, 0xcb, 0xbb, 0xcb, 0xcb, 0x33, 0x24, 0x24, 0x33, 0x34, 0x33,
  0x34, 0x34, 0xcb, 0xbb, 0xac, 0xac, 0xbb, 0xbc, 0xbb, 0xbc, 0x43, 0x43, 0x33, 0x43, 0x43, 0x33,
  0x43, 0x43, 0xbb, 0xcb, 0xac, 0xbb, 0xac, 0xac, 0xbb, 0xbc, 0x24, 0x33, 0x34, 0x33, 0x34, 0x34,
  0x33, 0x34, 0xcb, 0xcb, 0xbb, 0xcb, 0xcb, 0xbb, 0xcb, 0xcb, 0x33, 0x43, 0x43, 0x33, 0x24, 0x24,
  0x33, 0x34, 0xac, 0xbb, 0xbc, 0xbb, 0xbc, 0xbc, 0xbb, 0xbc, 0x43, 0x43, 0x33, 0x43, 0x43, 0x33,
  0x43, 0x43, 0xbb, 0xac, 0xac, 0xbb, 0xbc, 0xbb, 0xbc, 0xbc, 0x24, 0x33, 0x34, 0x33, 0x34, 0x34,
  0x33, 0x34, 0xcb, 0xcb, 0xbb, 0xcb, 0xcb, 0xbb, 0xcb, 0x0b, 0x40, 0xed, 0x2e, 0x00, 0x00, 0x01,
  0x24, 0x24, 0x33, 0x34, 0x33, 0x34, 0x34, 0x33, 0xbc, 0xcb, 0xcb, 0xbb, 0xcb, 0xcb, 0xbb, 0xcb,
  0x33, 0x34, 0x34, 0x33, 0x34, 0x34, 0x33, 0x34, 0xcb, 0xcb, 0xca, 0xba, 0xcb, 0xbb, 0xcb, 0xcb,
  0x33, 0x24, 0x24, 0x33, 0x34, 0x33, 0x34, 0x34, 0xcb, 0xbb, 0xac, 0xac, 0xbb, 0xbc, 0xbb, 0xbc,
  0x43, 0x43, 0x33, 0x43, 0x43, 0x33, 0x43, 0x43, 0xbb, 0xcb, 0xac, 0xbb, 0xac, 0xac, 0xbb, 0xbc,
  0x24, 0x33, 0x34, 0x33, 0x34, 0x34, 0x33, 0x34, 0xcb, 0xcb, 0xbb, 0xcb, 0xcb, 0xbb, 0xcb, 0xcb,
  0x33, 0x43, 0x43, 0x33, 0x24, 0x24, 0x33, 0x34, 0xac, 0xbb, 0xbc, 0xbb, 0xbc, 0xbc, 0xbb, 0xbc,
  0x43, 0x43, 0x33, 0x43, 0x43, 0x33, 0x43, 0x43, 0xbb, 0xac, 0xac, 0xbb, 0xbc, 0xbb, 0xbc, 0xbc,
  0x24, 0x33, 0x34, 0x33, 0x34, 0x34, 0x33, 0x34, 0xcb, 0xcb, 0xbb, 0xcb, 0xcb, 0xbb, 0xcb, 0x0b,
  0x40, 0xed, 0x2e, 0x00, 0x00, 0x01, 0x24, 0x24, 0x33, 0x34, 0x33, 0x34, 0x34, 0x33, 0xbc, 0xcb,
  0xcb, 0xbb, 0xcb, 0xcb, 0xbb, 0xcb, 0x33, 0x34, 0x34, 0x33, 0x34, 0x34, 0x33, 0x34, 0xcb, 0xcb,
  0xca, 0xba, 0xcb, 0xbb, 0xcb, 0xcb, 0x33, 0x24, 0x24, 0x33, 0x34, 0x33, 0x34, 0x34, 0xcb, 0xbb,
  0xac, 0xac, 0xbb, 0xbc, 0xbb, 0xbc, 0x43, 0x43, 0x33, 0x43, 0x43, 0x33, 0x43, 0x43, 0xbb, 0xcb,
  0xac, 0xbb, 0xac, 0xac, 0xbb, 0xbc, 0x24, 0x33, 0x34, 0x33, 0x34, 0x34, 0x33, 0x34, 0xcb, 0xcb,
  0xbb, 0xcb, 0xcb, 0xbb, 0xcb, 0xcb, 0x33, 0x43, 0x43, 0x33, 0x24, 0x24, 0x33, 0x34, 0xac, 0xbb,
  0xbc, 0xbb, 0xbc, 0xbc, 0xbb, 0xbc, 0x43, 0x43, 0x33, 0x43, 0x43, 0x33, 0x43, 0x43, 0xbb, 0xac,
  0xac, 0xbb, 0xbc, 0xbb, 0xbc, 0xbc, 0x24, 0x33, 0x34, 0x33, 0x34, 0x34, 0x33, 0x34, 0xcb, 0xcb,
  0xbb, 0xcb, 0xcb, 0xbb, 0xcb, 0x0b, 0x40, 0xed, 0x2e, 0x00, 0x00, 0x01, 0x24, 0x24, 0x33, 0x34,
  0x33, 0x34, 0x34, 0x33, 0xbc, 0xcb, 0xcb, 0xbb, 0xcb, 0xcb, 0xbb, 0xcb, 0x33, 0x34, 0x34, 0x33,
  0x34, 0x34, 0x33, 0x34, 0xcb, 0xcb, 0xca, 0xba, 0xcb, 0xbb, 0xcb, 0xcb, 0x33, 0x24, 0x24, 0x33,
  0x34, 0x33, 0x34, 0x34, 0xcb, 0xbb, 0xac, 0xac, 0xbb, 0xbc, 0xbb, 0xbc, 0x43, 0x43, 0x33, 0x43,
  0x43, 0x33, 0x43, 0x43, 0xbb, 0xcb, 0xac, 0xbb, 0xac, 0xac, 0xbb, 0xbc, 0x24, 0x33, 0x34, 0x33,
  0x34, 0x34, 0x33, 0x34, 0xcb, 0xcb, 0xbb, 0xcb, 0xcb, 0xbb, 0xcb, 0xcb, 0x33, 0x43, 0x43, 0x33,
  0x24, 0x24, 0x33, 0x34, 0xac, 0xbb, 0xbc, 0xbb, 0xbc, 0xbc, 0xbb, 0xbc, 0x43, 0x43, 0x33, 0x43,
  0x43, 0x33, 0x43, 0x43, 0xbb, 0xac, 0xac, 0xbb, 0xbc, 0xbb, 0xbc, 0xbc, 0x24, 0x33, 0x34, 0x33,
  0x34, 0x34, 0x33, 0x34, 0xcb, 0xcb, 0xbb, 0xcb, 0xcb, 0xbb, 0xcb, 0x0b, 0x40, 0xed, 0x2e, 0x00,
  0x00, 0x01, 0x24, 0x24, 0x33, 0x34, 0x33, 0x34, 0x34, 0x33, 0xbc, 0xcb, 0xcb, 0xbb, 0xcb, 0xcb,
  0xbb, 0xcb, 0x33, 0x34, 0x34, 0x33, 0x34, 0x34, 0x33, 0x34, 0xcb, 0xcb, 0xca, 0xba, 0xcb, 0xbb,
  0xcb, 0xcb, 0x33, 0x24, 0x24, 0x33, 0x34, 0x33, 0x34, 0x34, 0xcb, 0xbb, 0xac, 0xac, 0xbb, 0xbc,
  0xbb, 0xbc, 0x43, 0x43, 0x33, 0x43, 0x43, 0x33, 0x43, 0x43, 0xbb, 0xcb, 0xac, 0xbb, 0xac, 0xac,
  0xbb, 0xbc, 0x24, 0x33, 0x34, 0x33, 0x34, 0x34, 0x33, 0x34, 0xcb, 0xcb, 0xbb, 0xcb, 0xcb, 0xbb,
  0xcb, 0xcb, 0x33, 0x43, 0x43, 0x33, 0x24, 0x24, 0x33, 0x34, 0xac, 0xbb, 0xbc, 0xbb, 0xbc, 0xbc,
  0xbb, 0xbc, 0x43, 0x43, 0x33, 0x43, 0x43, 0x33, 0x43, 0x43, 0xbb, 0xac, 0xac, 0xbb, 0xbc, 0xbb,
  0xbc, 0xbc, 0x24, 0x33, 0x34, 0x33, 0x34, 0x34, 0x33, 0x34, 0xcb, 0xcb, 0xbb, 0xcb, 0xcb, 0xbb,
  0xcb, 0x0b, 0x40, 0xed, 0x2e, 0x00, 0x00, 0x01, 0x24, 0x24, 0x33, 0x34, 0x33, 0x34, 0x34, 0x33,
  0xbc, 0xcb, 0xcb, 0xbb, 0xcb, 0xcb, 0xbb, 0xcb, 0x33, 0x34, 0x34, 0x33, 0x34, 0x34, 0x33, 0x34,
  0xcb, 0xcb, 0xca, 0xba, 0xcb, 0xbb, 0xcb, 0xcb, 0x33, 0x24, 0x24, 0x33, 0x34, 0x33, 0x34, 0x34,
  0xcb, 0xbb, 0xac, 0xac, 0xbb, 0xbc, 0xbb, 0xbc, 0x43, 0x43, 0x33, 0x43, 0x43, 0x33, 0x43, 0x43,
  0xbb, 0xcb, 0xac, 0xbb, 0xac, 0xac, 0xbb, 0xbc, 0x24, 0x33, 0x34, 0x33, 0x34, 0x34, 0x33, 0x34,
  0xcb, 0xcb, 0xbb, 0xcb, 0xcb, 0xbb, 0xcb, 0xcb, 0x33, 0x43, 0x43, 0x33, 0x24, 0x24, 0x33, 0x34,
  0xac, 0xbb, 0xbc, 0xbb, 0xbc, 0xbc, 0xbb, 0xbc, 0x43, 0x43, 0x33, 0x43, 0x43, 0x33, 0x43, 0x43,
  0xbb, 0xac, 0xac, 0xbb, 0xbc, 0xbb, 0xbc, 0xbc, 0x24, 0x33, 0x34, 0x33, 0x34, 0x34, 0x33, 0x34,
  0xcb, 0xcb, 0xbb, 0xcb, 0xcb, 0xbb, 0xcb, 0x0b, 0x40, 0xed, 0x2e, 0x00, 0x00, 0x01, 0x24, 0x24,
  0x33, 0x34, 0x33, 0x34, 0x34, 0x33, 0xbc, 0xcb, 0xcb, 0xbb, 0xcb, 0xcb, 0xbb, 0xcb, 0x33, 0x34,
  0x34, 0x33, 0x34, 0x34, 0x33, 0x34, 0xcb, 0xcb, 0xca, 0xba, 0xcb, 0xbb, 0xcb, 0xcb, 0x33, 0x24,
  0x24, 0x33, 0x34, 0x33, 0x34, 0x34, 0xcb, 0xbb, 0xac, 0xac, 0xbb, 0xbc, 0xbb, 0xbc, 0x43, 0x43,
  0x33, 0x43, 0x43, 0x33, 0x43, 0x43, 0xbb, 0xcb, 0xac, 0xbb, 0xac, 0xac, 0xbb, 0xbc, 0x24, 0x33,
  0x34, 0x33, 0x34, 0x34, 0x33, 0x34, 0xcb, 0xcb, 0xbb, 0xcb, 0xcb, 0xbb, 0xcb, 0xcb, 0x33, 0x43,
  0x43, 0x33, 0x24, 0x24, 0x33, 0x34, 0xac, 0xbb, 0xbc, 0xbb, 0xbc, 0xbc, 0xbb, 0xbc, 0x43, 0x43,
  0x33, 0x43, 0x43, 0x33, 0x43, 0x43, 0xbb, 0xac, 0xac, 0xbb, 0xbc, 0xbb, 0xbc, 0xbc, 0x24, 0x33,
  0x34, 0x33, 0x34, 0x34, 0x33, 0x34, 0xcb, 0xcb, 0xbb, 0xcb, 0xcb, 0xbb, 0xcb, 0x0b, 0x40, 0xed,
  0x2e, 0x00, 0x00, 0x01, 0x24, 0x24, 0x33, 0x34, 0x33, 0x34, 0x34, 0x33, 0xbc, 0xcb, 0xcb, 0xbb,
  0xcb, 0xcb, 0xbb, 0xcb, 0x33, 0x34, 0x34, 0x33, 0x34, 0x34, 0x33, 0x34, 0xcb, 0xcb, 0xca, 0xba,
  0xcb, 0xbb, 0xcb, 0xcb, 0x33, 0x24, 0x24, 0x33, 0x34, 0x33, 0x34, 0x34, 0xcb, 0xbb, 0xac, 0xac,
  0xbb, 0xbc, 0xbb, 0xbc, 0x43, 0x43, 0x33, 0x43, 0x43, 0x33, 0x43, 0x43, 0xbb, 0xcb, 0xac, 0xbb,
  0xac, 0xac, 0xbb, 0xbc, 0x24, 0x33, 0x34, 0x33, 0x34, 0x34, 0x33, 0x34, 0xcb, 0xcb, 0xbb, 0xcb,
  0xcb, 0xbb, 0xcb, 0xcb, 0x33, 0x43, 0x43, 0x33, 0x24, 0x24, 0x33, 0x34, 0xac, 0xbb, 0xbc, 0xbb,
  0xbc, 0xbc, 0xbb, 0xbc, 0x43, 0x43, 0x33, 0x43, 0x43, 0x33, 0x43, 0x43, 0xbb, 0xac, 0xac, 0xbb,
  0xbc, 0xbb, 0xbc, 0xbc, 0x24, 0x33, 0x34, 0x33, 0x34, 0x34, 0x33, 0x34, 0xcb, 0xcb, 0xbb, 0xcb,
  0xcb, 0xbb, 0xcb, 0x0b, 0x40, 0xed, 0x2e, 0x00, 0x00, 0x01, 0x24, 0x24, 0x33, 0x34, 0x33, 0x34,
  0x34, 0x33, 0xbc, 0xcb, 0xcb, 0xbb, 0xcb, 0xcb, 0xbb, 0xcb, 0x33, 0x34, 0x34, 0x33, 0x34, 0x34,
  0x33, 0x34, 0xcb, 0xcb, 0xca, 0xba, 0xcb, 0xbb, 0xcb, 0xcb, 0x33, 0x24, 0x24, 0x33, 0x34, 0x33,
  0x34, 0x34, 0xcb, 0xbb, 0xac, 0xac, 0xbb, 0xbc, 0xbb, 0xbc, 0x43, 0x43, 0x33, 0x43, 0x43, 0x33,
  0x43, 0x43, 0xbb, 0xcb, 0xac, 0xbb, 0xac, 0xac, 0xbb, 0xbc, 0x24, 0x33, 0x34, 0x33, 0x34, 0x34,
  0x33, 0x34, 0xcb, 0xcb, 0xbb, 0xcb, 0xcb, 0xbb, 0xcb, 0xcb, 0x33, 0x43, 0x43, 0x33, 0x24, 0x24,
  0x33, 0x34, 0xac, 0xbb, 0xbc, 0xbb, 0xbc, 0xbc, 0xbb, 0xbc, 0x43, 0x43, 0x33, 0x43, 0x43, 0x33,
  0x43, 0x43, 0xbb, 0xac, 0xac, 0xbb, 0xbc, 0xbb, 0xbc, 0xbc, 0x24, 0x33, 0x34, 0x33, 0x34, 0x34,
  0x33, 0x34, 0xcb, 0xcb, 0xbb, 0xcb, 0xcb, 0xbb, 0xcb, 0x0b, 0x40, 0xed, 0x2e, 0x00, 0x00, 0x01,
  0x24, 0x24, 0x33, 0x34, 0x33, 0x34, 0x34, 0x33, 0xbc, 0xcb, 0xcb, 0xbb, 0xcb, 0xcb, 0xbb, 0xcb,
  0x33, 0x34, 0x34, 0x33, 0x34, 0x34, 0x33, 0x34, 0xcb, 0xcb, 0xca, 0xba, 0xcb, 0xbb, 0xcb, 0xcb,
  0x33, 0x24, 0x24, 0x33, 0x34, 0x33, 0x34, 0x34, 0xcb, 0xbb, 0xac, 0xac, 0xbb, 0xbc, 0xbb, 0xbc,
  0x43, 0x43, 0x33, 0x43, 0x43, 0x33, 0x43, 0x43, 0xbb, 0xcb, 0xac, 0xbb, 0xac, 0xac, 0xbb, 0xbc,
  0x24, 0x33, 0x34, 0x33, 0x34, 0x34, 0x33, 0x34, 0xcb, 0xcb, 0xbb, 0xcb, 0xcb, 0xbb, 0xcb, 0xcb,
  0x33, 0x43, 0x43, 0x33, 0x24, 0x24, 0x33, 0x34, 0xac, 0xbb, 0xbc, 0xbb, 0xbc, 0xbc, 0xbb, 0xbc,
  0x43, 0x43, 0x33, 0x43, 0x43, 0x33, 0x43, 0x43, 0xbb, 0xac, 0xac, 0xbb, 0xbc, 0xbb, 0xbc, 0xbc,
  0x24, 0x33, 0x34, 0x33, 0x34, 0x34, 0x33, 0x34, 0xcb, 0xcb, 0xbb, 0xcb, 0xcb, 0xbb, 0xcb, 0x0b,
  0x40, 0xed, 0x2e, 0x00, 0x00, 0x01, 0x24, 0x24, 0x33, 0x34, 0x33, 0x34, 0x34, 0x33, 0xbc, 0xcb,
  0xcb, 0xbb, 0xcb, 0xcb, 0xbb, 0xcb, 0x33, 0x34, 0x34, 0x33, 0x34, 0x34, 0x33, 0x34, 0xcb, 0xcb,
  0xca, 0xba, 0xcb, 0xbb, 0xcb, 0xcb, 0x33, 0x24, 0x24, 0x33, 0x34, 0x33, 0x34, 0x34, 0xcb, 0xbb,
  0xac, 0xac, 0xbb, 0xbc, 0xbb, 0xbc, 0x43, 0x43, 0x33, 0x43, 0x43, 0x33, 0x43, 0x43, 0xbb, 0xcb,
  0xac, 0xbb, 0xac, 0xac, 0xbb, 0xbc, 0x24, 0x33, 0x34, 0x33, 0x34, 0x34, 0x33, 0x34, 0xcb, 0xcb,
  0xbb, 0xcb, 0xcb, 0xbb, 0xcb, 0xcb, 0x33, 0x43, 0x43, 0x33, 0x24, 0x24, 0x33, 0x34, 0xac, 0xbb,
  0xbc, 0xbb, 0xbc, 0xbc, 0xbb, 0xbc, 0x43, 0x43, 0x33, 0x43, 0x43, 0x33, 0x43, 0x43, 0xbb, 0xac,
  0xac, 0xbb, 0xbc, 0xbb, 0xbc, 0xbc, 0x24, 0x33, 0x34, 0x33, 0x34, 0x34, 0x33, 0x34, 0xcb, 0xcb,
  0xbb, 0xcb, 0xcb, 0xbb, 0xcb, 0x0b, 0x40, 0xed, 0x2e, 0x00, 0x00, 0x01, 0x24, 0x24, 0x33, 0x34,
  0x33, 0x34, 0x34, 0x33, 0xbc, 0xcb, 0xcb, 0xbb, 0xcb, 0xcb, 0xbb, 0xcb, 0x33, 0x34, 0x34, 0x33,
  0x34, 0x34, 0x33, 0x34, 0xcb, 0xcb, 0xca, 0xba, 0xcb, 0xbb, 0xcb, 0xcb, 0x33, 0x24, 0x24, 0x33,
  0x34, 0x33, 0x34, 0x34, 0xcb, 0xbb, 0xac, 0xac, 0xbb, 0xbc, 0xbb, 0xbc, 0x43, 0x43, 0x33, 0x43,
  0x43, 0x33, 0x43, 0x43, 0xbb, 0xcb, 0xac, 0xbb, 0xac, 0xac, 0xbb, 0xbc, 0x24, 0x33, 0x34, 0x33,
  0x34, 0x34, 0x33, 0x34, 0xcb, 0xcb, 0xbb, 0xcb, 0xcb, 0xbb, 0xcb, 0xcb, 0x33, 0x43, 0x43, 0x33,
  0x24, 0x24, 0x33, 0x34, 0xac, 0xbb, 0xbc, 0xbb, 0xbc, 0xbc, 0xbb, 0xbc, 0x43, 0x43, 0x33, 0x43,
  0x43, 0x33, 0x43, 0x43, 0xbb, 0xac, 0xac, 0xbb, 0xbc, 0xbb, 0xbc, 0xbc, 0x24, 0x33, 0x34, 0x33,
  0x34, 0x34, 0x33, 0x34, 0xcb, 0xcb, 0xbb, 0xcb, 0xcb, 0xbb, 0xcb, 0x0b, 0x40, 0xed, 0x2e, 0x00,
  0x00, 0x01, 0x24, 0x24, 0x33, 0x34, 0x33, 0x34, 0x34, 0x33, 0xbc, 0xcb, 0xcb, 0xbb, 0xcb, 0xcb,
  0xbb, 0xcb, 0x33, 0x34, 0x34, 0x33, 0x34, 0x34, 0x33, 0x34, 0xcb, 0xcb, 0xca, 0xba, 0xcb, 0xbb,
  0xcb, 0xcb, 0x33, 0x24, 0x24, 0x33, 0x34, 0x33, 0x34, 0x34, 0xcb, 0xbb, 0xac, 0xac, 0xbb, 0xbc,
  0xbb, 0xbc, 0x43, 0x43, 0x33, 0x43, 0x43, 0x33, 0x43, 0x43, 0xbb, 0xcb, 0xac, 0xbb, 0xac, 0xac,
  0xbb, 0xbc, 0x24, 0x33, 0x34, 0x33, 0x34, 0x34, 0x33, 0x34, 0xcb, 0xcb, 0xbb, 0xcb, 0xcb, 0xbb,
  0xcb, 0xcb, 0x33, 0x43, 0x43, 0x33, 0x24, 0x24, 0x33, 0x34, 0xac, 0xbb, 0xbc, 0xbb, 0xbc, 0xbc,
  0xbb, 0xbc, 0x43, 0x43, 0x33, 0x43, 0x43, 0x33, 0x43, 0x43, 0xbb, 0xac, 0xac, 0xbb, 0xbc, 0xbb,
  0xbc, 0xbc, 0x24, 0x33, 0x34, 0x33, 0x34, 0x34, 0x33, 0x34, 0xcb, 0xcb, 0xbb, 0xcb, 0xcb, 0xbb,
  0xcb, 0x0b, 0x40, 0xed, 0x2e, 0x00, 0x00, 0x01, 0x24, 0x24, 0x33, 0x34, 0x33, 0x34, 0x34, 0x33,
  0xbc, 0xcb, 0xcb, 0xbb, 0xcb, 0xcb, 0xbb, 0xcb, 0x33, 0x34, 0x34, 0x33, 0x34, 0x34, 0x33, 0x34,
  0xcb, 0xcb, 0xca, 0xba, 0xcb, 0xbb, 0xcb, 0xcb, 0x33, 0x24, 0x24, 0x33, 0x34, 0x33, 0x34, 0x34,
  0xcb, 0xbb, 0xac, 0xac, 0xbb, 0xbc, 0xbb, 0xbc, 0x43, 0x43, 0x33, 0x43, 0x43, 0x33, 0x43, 0x43,
  0xbb, 0xcb, 0xac, 0xbb, 0xac, 0xac, 0xbb, 0xbc, 0x24, 0x33, 0x34, 0x33, 0x34, 0x34, 0x33, 0x34,
  0xcb, 0xcb, 0xbb, 0xcb, 0xcb, 0xbb, 0xcb, 0xcb, 0x33, 0x43, 0x43, 0x33, 0x24, 0x24, 0x33, 0x34,
  0xac, 0xbb, 0xbc, 0xbb, 0xbc, 0xbc, 0xbb, 0xbc, 0x43, 0x43, 0x33, 0x43, 0x43, 0x33, 0x43, 0x43,
  0xbb, 0xac, 0xac, 0xbb, 0xbc, 0xbb, 0xbc, 0xbc, 0x24, 0x33, 0x34, 0x33, 0x34, 0x34, 0x33, 0x34,
  0xcb, 0xcb, 0xbb, 0xcb, 0xcb, 0xbb, 0xcb, 0x0b, 0x40, 0xed, 0x2e, 0x00, 0x00, 0x01, 0x24, 0x24,
  0x33, 0x34, 0x33, 0x34, 0x34, 0x33, 0xbc, 0xcb, 0xcb, 0xbb, 0xcb, 0xcb, 0xbb, 0xcb, 0x33, 0x34,
  0x34, 0x33, 0x34, 0x34, 0x33, 0x34, 0xcb, 0xcb, 0xca, 0xba, 0xcb, 0xbb, 0xcb, 0xcb, 0x33, 0x24,
  0x24, 0x33, 0x34, 0x33, 0x34, 0x34, 0xcb, 0xbb, 0xac, 0xac, 0xbb, 0xbc, 0xbb, 0xbc, 0x43, 0x43,
  0x33, 0x43, 0x43, 0x33, 0x43, 0x43, 0xbb, 0xcb, 0xac, 0xbb, 0xac, 0xac, 0xbb, 0xbc, 0x24, 0x33,
  0x34, 0x33, 0x34, 0x34, 0x33, 0x34, 0xcb, 0xcb, 0xbb, 0xcb, 0xcb, 0xbb, 0xcb, 0xcb, 0x33, 0x43,
  0x43, 0x33, 0x24, 0x24, 0x33, 0x34, 0xac, 0xbb, 0xbc, 0xbb, 0xbc, 0xbc, 0xbb, 0xbc, 0x43, 0x43,
  0x33, 0x43, 0x43, 0x33, 0x43, 0x43, 0xbb, 0xac, 0xac, 0xbb, 0xbc, 0xbb, 0xbc, 0xbc, 0x24, 0x33,
  0x34, 0x33, 0x34, 0x34, 0x33, 0x34, 0xcb, 0xcb, 0xbb, 0xcb, 0xcb, 0xbb, 0xcb, 0x0b, 0x40, 0xed,
  0x2e, 0x00, 0x00, 0x01, 0x24, 0x24, 0x33, 0x34, 0x33, 0x34, 0x34, 0x33, 0xbc, 0xcb, 0xcb, 0xbb,
  0xcb, 0xcb, 0xbb, 0xcb, 0x33, 0x34, 0x34, 0x33, 0x34, 0x34, 0x33, 0x34, 0xcb, 0xcb, 0xca, 0xba,
  0xcb, 0xbb, 0xcb, 0xcb, 0x33, 0x24, 0x24, 0x33, 0x34, 0x33, 0x34, 0x34, 0xcb, 0xbb, 0xac, 0xac,
  0xbb, 0xbc, 0xbb, 0xbc, 0x43, 0x43, 0x33, 0x43, 0x43, 0x33, 0x43, 0x43, 0xbb, 0xcb, 0xac, 0xbb,
  0xac, 0xac, 0xbb, 0xbc, 0x24, 0x33, 0x34, 0x33, 0x34, 0x34, 0x33, 0x34, 0xcb, 0xcb, 0xbb, 0xcb,
  0xcb, 0xbb, 0xcb, 0xcb, 0x33, 0x43, 0x43, 0x33, 0x24, 0x24, 0x33, 0x34, 0xac, 0xbb, 0xbc, 0xbb,
  0xbc, 0xbc, 0xbb, 0xbc, 0x43, 0x43, 0x33, 0x43, 0x43, 0x33, 0x43, 0x43, 0xbb, 0xac, 0xac, 0xbb,
  0xbc, 0xbb, 0xbc, 0xbc, 0x24, 0x33, 0x34, 0x33, 0x34, 0x34, 0x33, 0x34, 0xcb, 0xcb, 0xbb, 0xcb,
  0xcb, 0xbb, 0xcb, 0x0b, 0x40, 0xed, 0x2e, 0x00, 0x00, 0x01, 0x24, 0x24, 0x33, 0x34, 0x33, 0x34,
  0x34, 0x33, 0xbc, 0xcb, 0xcb, 0xbb, 0xcb, 0xcb, 0xbb, 0xcb, 0x33, 0x34, 0x34, 0x33, 0x34, 0x34,
  0x33, 0x34, 0xcb, 0xcb, 0xca, 0xba, 0xcb, 0xbb, 0xcb, 0xcb, 0x33, 0x24, 0x24, 0x33, 0x34, 0x33,
  0x34, 0x34, 0xcb, 0xbb, 0xac, 0xac, 0xbb, 0xbc, 0xbb, 0xbc, 0x43, 0x43, 0x33, 0x43, 0x43, 0x33,
  0x43, 0x43, 0xbb, 0xcb, 0xac, 0xbb, 0xac, 0xac, 0xbb, 0xbc, 0x24, 0x33, 0x34, 0x33, 0x34, 0x34,
  0x33, 0x34, 0xcb, 0xcb, 0xbb, 0xcb, 0xcb, 0xbb, 0xcb, 0xcb, 0x33, 0x43, 0x43, 0x33, 0x24, 0x24,
  0x33, 0x34, 0xac, 0xbb, 0xbc, 0xbb, 0xbc, 0xbc, 0xbb, 0xbc, 0x43, 0x43, 0x33, 0x43, 0x43, 0x33,
  0x43, 0x43, 0xbb, 0xac, 0xac, 0xbb, 0xbc, 0xbb, 0xbc, 0xbc, 0x24, 0x33, 0x34, 0x33, 0x34, 0x34,
  0x33, 0x34, 0xcb, 0xcb, 0xbb, 0xcb, 0xcb, 0xbb, 0xcb, 0x0b, 0x40, 0xed, 0x2e, 0x00, 0x00, 0x01,
  0x24, 0x24, 0x33, 0x34, 0x33, 0x34, 0x34, 0x33, 0xbc, 0xcb, 0xcb, 0xbb, 0xcb, 0xcb, 0xbb, 0xcb,
  0x33, 0x34, 0x34, 0x33, 0x34, 0x34, 0x33, 0x34, 0xcb, 0xcb, 0xca, 0xba, 0xcb, 0xbb, 0xcb, 0xcb,
  0x33, 0x24, 0x24, 0x33, 0x34, 0x33, 0x34, 0x34, 0xcb, 0xbb, 0xac, 0xac, 0xbb, 0xbc, 0xbb, 0xbc,
  0x43, 0x43, 0x33, 0x43, 0x43, 0x33, 0x43, 0x43, 0xbb, 0xcb, 0xac, 0xbb, 0xac, 0xac, 0xbb, 0xbc,
  0x24, 0x33, 0x34, 0x33, 0x34, 0x34, 0x33, 0x34, 0xcb, 0xcb, 0xbb, 0xcb, 0xcb, 0xbb, 0xcb, 0xcb,
  0x33, 0x43, 0x43, 0x33, 0x24, 0x24, 0x33, 0x34, 0xac, 0xbb, 0xbc, 0xbb, 0xbc, 0xbc, 0xbb, 0xbc,
  0x43, 0x43, 0x33, 0x43, 0x43, 0x33, 0x43, 0x43, 0xbb, 0xac, 0xac, 0xbb, 0xbc, 0xbb, 0xbc, 0xbc,
  0x24, 0x33, 0x34, 0x33, 0x34, 0x34, 0x33, 0x34, 0xcb, 0xcb, 0xbb, 0xcb, 0xcb, 0xbb, 0xcb, 0x0b,
  0x40, 0xed, 0x2e, 0x00, 0x00, 0x01, 0x24, 0x24, 0x33, 0x34, 0x33, 0x34, 0x34, 0x33, 0xbc, 0xcb,
  0xcb, 0xbb, 0xcb, 0xcb, 0xbb, 0xcb, 0x33, 0x34, 0x34, 0x33, 0x34, 0x34, 0x33, 0x34, 0xcb, 0xcb,
  0xca, 0xba, 0xcb, 0xbb, 0xcb, 0xcb, 0x33, 0x24, 0x24, 0x33, 0x34, 0x33, 0x34, 0x34, 0xcb, 0xbb,
  0xac, 0xac, 0xbb, 0xbc, 0xbb, 0xbc, 0x43, 0x43, 0x33, 0x43, 0x43, 0x33, 0x43, 0x43, 0xbb, 0xcb,
  0xac, 0xbb, 0xac, 0xac, 0xbb, 0xbc, 0x24, 0x33, 0x34, 0x33, 0x34, 0x34, 0x33, 0x34, 0xcb, 0xcb,
  0xbb, 0xcb, 0xcb, 0xbb, 0xcb, 0xcb, 0x33, 0x43, 0x43, 0x33, 0x24, 0x24, 0x33, 0x34, 0xac, 0xbb,
  0xbc, 0xbb, 0xbc, 0xbc, 0xbb, 0xbc, 0x43, 0x43, 0x33, 0x43, 0x43, 0x33, 0x43, 0x43, 0xbb, 0xac,
  0xac, 0xbb, 0xbc, 0xbb, 0xbc, 0xbc, 0x24, 0x33, 0x34, 0x33, 0x34, 0x34, 0x33, 0x34, 0xcb, 0xcb,
  0xbb, 0xcb, 0xcb, 0xbb, 0xcb, 0x0b, 0x40, 0xed, 0x2e, 0x00, 0x00, 0x01, 0x24, 0x24, 0x33, 0x34,
  0x33, 0x34, 0x34, 0x33, 0xbc, 0xcb, 0xcb, 0xbb, 0xcb, 0xcb, 0xbb, 0xcb, 0x33, 0x34, 0x34, 0x33,
  0x34, 0x34, 0x33, 0x34, 0xcb, 0xcb, 0xca, 0xba, 0xcb, 0xbb, 0xcb, 0xcb, 0x33, 0x24, 0x24, 0x33,
  0x34, 0x33, 0x34, 0x34, 0xcb, 0xbb, 0xac, 0xac, 0xbb, 0xbc, 0xbb, 0xbc, 0x43, 0x43, 0x33, 0x43,
  0x43, 0x33, 0x43, 0x43, 0xbb, 0xcb, 0xac, 0xbb, 0xac, 0xac, 0xbb, 0xbc, 0x24, 0x33, 0x34, 0x33,
  0x34, 0x34, 0x33, 0x34, 0xcb, 0xcb, 0xbb, 0xcb, 0xcb, 0xbb, 0xcb, 0xcb, 0x33, 0x43, 0x43, 0x33,
  0x24, 0x24, 0x33, 0x34, 0xac, 0xbb, 0xbc, 0xbb, 0xbc, 0xbc, 0xbb, 0xbc, 0x43, 0x43, 0x33, 0x43,
  0x43, 0x33, 0x43, 0x43, 0xbb, 0xac, 0xac, 0xbb, 0xbc, 0xbb, 0xbc, 0xbc, 0x24, 0x33, 0x34, 0x33,
  0x34, 0x34, 0x33, 0x34, 0xcb, 0xcb, 0xbb, 0xcb, 0xcb, 0xbb, 0xcb, 0x0b, 0x40, 0xed, 0x2e, 0x00,
  0x00, 0x01, 0x24, 0x24, 0x33, 0x34, 0x33, 0x34, 0x34, 0x33, 0xbc, 0xcb, 0xcb, 0xbb, 0xcb, 0xcb,
  0xbb, 0xcb, 0x33, 0x34, 0x34, 0x33, 0x34, 0x34, 0x33, 0x34, 0xcb, 0xcb, 0xca, 0xba, 0xcb, 0xbb,
  0xcb, 0xcb, 0x33, 0x24, 0x24, 0x33, 0x34, 0x33, 0x34, 0x34, 0xcb, 0xbb, 0xac, 0xac, 0xbb, 0xbc,
  0xbb, 0xbc, 0x43, 0x43, 0x33, 0x43, 0x43, 0x33, 0x43, 0x43, 0xbb, 0xcb, 0xac, 0xbb, 0xac, 0xac,
  0xbb, 0xbc, 0x24, 0x33, 0x34, 0x33, 0x34, 0x34, 0x33, 0x34, 0xcb, 0xcb, 0xbb, 0xcb, 0xcb, 0xbb,
  0xcb, 0xcb, 0x33, 0x43, 0x43, 0x33, 0x24, 0x24, 0x33, 0x34, 0xac, 0xbb, 0xbc, 0xbb, 0xbc, 0xbc,
  0xbb, 0xbc, 0x43, 0x43, 0x33, 0x43, 0x43, 0x33, 0x43, 0x43, 0xbb, 0xac, 0xac, 0xbb, 0xbc, 0xbb,
  0xbc, 0xbc, 0x24, 0x33, 0x34, 0x33, 0x34, 0x34, 0x33, 0x34, 0xcb, 0xcb, 0xbb, 0xcb, 0xcb, 0xbb,
  0xcb, 0x0b, 0x40, 0xed, 0x2e, 0x00, 0x00, 0x01, 0x24, 0x24, 0x33, 0x34, 0x33, 0x34, 0x34, 0x33,
  0xbc, 0xcb, 0xcb, 0xbb, 0xcb, 0xcb, 0xbb, 0xcb, 0x33, 0x34, 0x34, 0x33, 0x34, 0x34, 0x33, 0x34,
  0xcb, 0xcb, 0xca, 0xba, 0xcb, 0xbb, 0xcb, 0xcb, 0x33, 0x24, 0x24, 0x33, 0x34, 0x33, 0x34, 0x34,
  0xcb, 0xbb, 0xac, 0xac, 0xbb, 0xbc, 0xbb, 0xbc, 0x43, 0x43, 0x33, 0x43, 0x43, 0x33, 0x43, 0x43,
  0xbb, 0xcb, 0xac, 0xbb, 0xac, 0xac, 0xbb, 0xbc, 0x24, 0x33, 0x34, 0x33, 0x34, 0x34, 0x33, 0x34,
  0xcb, 0xcb, 0xbb, 0xcb, 0xcb, 0xbb, 0xcb, 0xcb, 0x33, 0x43, 0x43, 0x33, 0x24, 0x24, 0x33, 0x34,
  0xac, 0xbb, 0xbc, 0xbb, 0xbc, 0xbc, 0xbb, 0xbc, 0x43, 0x43, 0x33, 0x43, 0x43, 0x33, 0x43, 0x43,
  0xbb, 0xac, 0xac, 0xbb, 0xbc, 0xbb, 0xbc, 0xbc, 0x24, 0x33, 0x34, 0x33, 0x34, 0x34, 0x33, 0x34,
  0xcb, 0xcb, 0xbb, 0xcb, 0xcb, 0xbb, 0xcb, 0x0b, 0x40, 0xed, 0x2e, 0x00, 0x00, 0x01, 0x24, 0x24,
  0x33, 0x34, 0x33, 0x34, 0x34, 0x33, 0xbc, 0xcb, 0xcb, 0xbb, 0xcb, 0xcb, 0xbb, 0xcb, 0x33, 0x34,
  0x34, 0x33, 0x34, 0x34, 0x33, 0x34, 0xcb, 0xcb, 0xca, 0xba, 0xcb, 0xbb, 0xcb, 0xcb, 0x33, 0x24,
  0x24, 0x33, 0x34, 0x33, 0x34, 0x34, 0xcb, 0xbb, 0xac, 0xac, 0xbb, 0xbc, 0xbb, 0xbc, 0x43, 0x43,
  0x33, 0x43, 0x43, 0x33, 0x43, 0x43, 0xbb, 0xcb, 0xac, 0xbb, 0xac, 0xac, 0xbb, 0xbc, 0x24, 0x33,
  0x34, 0x33, 0x34, 0x34, 0x33, 0x34, 0xcb, 0xcb, 0xbb, 0xcb, 0xcb, 0xbb, 0xcb, 0xcb, 0x33, 0x43,
  0x43, 0x33, 0x24, 0x24, 0x33, 0x34, 0xac, 0xbb, 0xbc, 0xbb, 0xbc, 0xbc, 0xbb, 0xbc, 0x43, 0x43,
  0x33, 0x43, 0x43, 0x33, 0x43, 0x43, 0xbb, 0xac, 0xac, 0xbb, 0xbc, 0xbb, 0xbc, 0xbc, 0x24, 0x33,
  0x34, 0x33, 0x34, 0x34, 0x33, 0x34, 0xcb, 0xcb, 0xbb, 0xcb, 0xcb, 0xbb, 0xcb, 0x0b, 0x40, 0xed,
  0x2e, 0x00, 0x00, 0x01, 0x24, 0x24, 0x33, 0x34, 0x33, 0x34, 0x34, 0x33, 0xbc, 0xcb, 0xcb, 0xbb,
  0xcb, 0xcb, 0xbb, 0xcb, 0x33, 0x34, 0x34, 0x33, 0x34, 0x34, 0x33, 0x34, 0xcb, 0xcb, 0xca, 0xba,
  0xcb, 0xbb, 0xcb, 0xcb, 0x33, 0x24, 0x24, 0x33, 0x34, 0x33, 0x34, 0x34, 0xcb, 0xbb, 0xac, 0xac,
  0xbb, 0xbc, 0xbb, 0xbc, 0x43, 0x43, 0x33, 0x43, 0x43, 0x33, 0x43, 0x43, 0xbb, 0xcb, 0xac, 0xbb,
  0xac, 0xac, 0xbb, 0xbc, 0x24, 0x33, 0x34, 0x33, 0x34, 0x34, 0x33, 0x34, 0xcb, 0xcb, 0xbb, 0xcb,
  0xcb, 0xbb, 0xcb, 0xcb, 0x33, 0x43, 0x43, 0x33, 0x24, 0x24, 0x33, 0x34, 0xac, 0xbb, 0xbc, 0xbb,
  0xbc, 0xbc, 0xbb, 0xbc, 0x43, 0x43, 0x33, 0x43, 0x43, 0x33, 0x43, 0x43, 0xbb, 0xac, 0xac, 0xbb,
  0xbc, 0xbb, 0xbc, 0xbc, 0x24, 0x33, 0x34, 0x33, 0x34, 0x34, 0x33, 0x34, 0xcb, 0xcb, 0xbb, 0xcb,
  0xcb, 0xbb, 0xcb, 0x0b, 0x40, 0xed, 0x2e, 0x00, 0x00, 0x01, 0x24, 0x24, 0x33, 0x34, 0x33, 0x34,
  0x34, 0x33, 0xbc, 0xcb, 0xcb, 0xbb, 0xcb, 0xcb, 0xbb, 0xcb, 0x33, 0x34, 0x34, 0x33, 0x34, 0x34,
  0x33, 0x34, 0xcb, 0xcb, 0xca, 0xba, 0xcb, 0xbb, 0xcb, 0xcb, 0x33, 0x24, 0x24, 0x33, 0x34, 0x33,
  0x34, 0x34, 0xcb, 0xbb, 0xac, 0xac, 0xbb, 0xbc, 0xbb, 0xbc, 0x43, 0x43, 0x33, 0x43, 0x43, 0x33,
  0x43, 0x43, 0xbb, 0xcb, 0xac, 0xbb, 0xac, 0xac, 0xbb, 0xbc, 0x24, 0x33, 0x34, 0x33, 0x34, 0x34,
  0x33, 0x34, 0xcb, 0xcb, 0xbb, 0xcb, 0xcb, 0xbb, 0xcb, 0xcb, 0x33, 0x43, 0x43, 0x33, 0x24, 0x24,
  0x33, 0x34, 0xac, 0xbb, 0xbc, 0xbb, 0xbc, 0xbc, 0xbb, 0xbc, 0x43, 0x43, 0x33, 0x43, 0x43, 0x33,
  0x43, 0x43, 0xbb, 0xac, 0xac, 0xbb, 0xbc, 0xbb, 0xbc, 0xbc, 0x24, 0x33, 0x34, 0x33, 0x34, 0x34,
  0x33, 0x34, 0xcb, 0xcb, 0xbb, 0xcb, 0xcb, 0xbb, 0xcb, 0x0b, 0x40, 0xed, 0x2e, 0x00, 0x00, 0x01,
  0x24, 0x24, 0x33, 0x34, 0x33, 0x34, 0x34, 0x33, 0xbc, 0xcb, 0xcb, 0xbb, 0xcb, 0xcb, 0xbb, 0xcb,
  0x33, 0x34, 0x34, 0x33, 0x34, 0x34, 0x33, 0x34, 0xcb, 0xcb, 0xca, 0xba, 0xcb, 0xbb, 0xcb, 0xcb,
  0x33, 0x24, 0x24, 0x33, 0x34, 0x33, 0x34, 0x34, 0xcb, 0xbb, 0xac, 0xac, 0xbb, 0xbc, 0xbb, 0xbc,
  0x43, 0x43, 0x33, 0x43, 0x43, 0x33, 0x43, 0x43, 0xbb, 0xcb, 0xac, 0xbb, 0xac, 0xac, 0xbb, 0xbc,
  0x24, 0x33, 0x34, 0x33, 0x34, 0x34, 0x33, 0x34, 0xcb, 0xcb, 0xbb, 0xcb, 0xcb, 0xbb, 0xcb, 0xcb,
  0x33, 0x43, 0x43, 0x33, 0x24, 0x24, 0x33, 0x34, 0xac, 0xbb, 0xbc, 0xbb, 0xbc, 0xbc, 0xbb, 0xbc,
  0x43, 0x43, 0x33, 0x43, 0x43, 0x33, 0x43, 0x43, 0xbb, 0xac, 0xac, 0xbb, 0xbc, 0xbb, 0xbc, 0xbc,
  0x24, 0x33, 0x34, 0x33, 0x34, 0x34, 0x33, 0x34, 0xcb, 0xcb, 0xbb, 0xcb, 0xcb, 0xbb, 0xcb, 0x0b,
  0x40, 0xed, 0x2e, 0x00, 0x00, 0x01, 0x24, 0x24, 0x33, 0x34, 0x33, 0x34, 0x34, 0x33, 0xbc, 0xcb,
  0xcb, 0xbb, 0xcb, 0xcb, 0xbb, 0xcb, 0x33, 0x34, 0x34, 0x33, 0x34, 0x34, 0x33, 0x34, 0xcb, 0xcb,
  0xca, 0xba, 0xcb, 0xbb, 0xcb, 0xcb, 0x33, 0x24, 0x24, 0x33, 0x34, 0x33, 0x34, 0x34, 0xcb, 0xbb,
  0xac, 0xac, 0xbb, 0xbc, 0xbb, 0xbc, 0x43, 0x43, 0x33, 0x43, 0x43, 0x33, 0x43, 0x43, 0xbb, 0xcb,
  0xac, 0xbb, 0xac, 0xac, 0xbb, 0xbc, 0x24, 0x33, 0x34, 0x33, 0x34, 0x34, 0x33, 0x34, 0xcb, 0xcb,
  0xbb, 0xcb, 0xcb, 0xbb, 0xcb, 0xcb, 0x33, 0x43, 0x43, 0x33, 0x24, 0x24, 0x33, 0x34, 0xac, 0xbb,
  0xbc, 0xbb, 0xbc, 0xbc, 0xbb, 0xbc, 0x43, 0x43, 0x33, 0x43, 0x43, 0x33, 0x43, 0x43, 0xbb, 0xac,
  0xac, 0xbb, 0xbc, 0xbb, 0xbc, 0xbc, 0x24, 0x33, 0x34, 0x33, 0x34, 0x34, 0x33, 0x34, 0xcb, 0xcb,
  0xbb, 0xcb, 0xcb, 0xbb, 0xcb, 0x0b, 0x40, 0xed, 0x2e, 0x00, 0x00, 0x01, 0x24, 0x24, 0x33, 0x34,
  0x33, 0x34, 0x34, 0x33, 0xbc, 0xcb, 0xcb, 0xbb, 0xcb, 0xcb, 0xbb, 0xcb, 0x33, 0x34, 0x34, 0x33,
  0x34, 0x34, 0x33, 0x34, 0xcb, 0xcb, 0xca, 0xba, 0xcb, 0xbb, 0xcb, 0xcb, 0x33, 0x24, 0x24, 0x33,
  0x34, 0x33, 0x34, 0x34, 0xcb, 0xbb, 0xac, 0xac, 0xbb, 0xbc, 0xbb, 0xbc, 0x43, 0x43, 0x33, 0x43,
  0x43, 0x33, 0x43, 0x43, 0xbb, 0xcb, 0xac, 0xbb, 0xac, 0xac, 0xbb, 0xbc, 0x24, 0x33, 0x34, 0x33,
  0x34, 0x34, 0x33, 0x34, 0xcb, 0xcb, 0xbb, 0xcb, 0xcb, 0xbb, 0xcb, 0xcb, 0x33, 0x43, 0x43, 0x33,
  0x24, 0x24, 0x33, 0x34, 0xac, 0xbb, 0xbc, 0xbb, 0xbc, 0xbc, 0xbb, 0xbc, 0x43, 0x43, 0x33, 0x43,
  0x43, 0x33, 0x43, 0x43, 0xbb, 0xac, 0xac, 0xbb, 0xbc, 0xbb, 0xbc, 0xbc, 0x24, 0x33, 0x34, 0x33,
  0x34, 0x34, 0x33, 0x34, 0xcb, 0xcb, 0xbb, 0xcb, 0xcb, 0xbb, 0xcb, 0x0b, 0x40, 0xed, 0x2e, 0x00,
  0x00, 0x01, 0x24, 0x24, 0x33, 0x34, 0x33, 0x34, 0x34, 0x33, 0xbc, 0xcb, 0xcb, 0xbb, 0xcb, 0xcb,
  0xbb, 0xcb, 0x33, 0x34, 0x34, 0x33, 0x34, 0x34, 0x33, 0x34, 0xcb, 0xcb, 0xca, 0xba, 0xcb, 0xbb,
  0xcb, 0xcb, 0x33, 0x24, 0x24, 0x33, 0x34, 0x33, 0x34, 0x34, 0xcb, 0xbb, 0xac, 0xac, 0xbb, 0xbc,
  0xbb, 0xbc, 0x43, 0x43, 0x33, 0x43, 0x43, 0x33, 0x43, 0x43, 0xbb, 0xcb, 0xac, 0xbb, 0xac, 0xac,
  0xbb, 0xbc, 0x24, 0x33, 0x34, 0x33, 0x34, 0x34, 0x33, 0x34, 0xcb, 0xcb, 0xbb, 0xcb, 0xcb, 0xbb,
  0xcb, 0xcb, 0x33, 0x43, 0x43, 0x33, 0x24, 0x24, 0x33, 0x34, 0xac, 0xbb, 0xbc, 0xbb, 0xbc, 0xbc,
  0xbb, 0xbc, 0x43, 0x43, 0x33, 0x43, 0x43, 0x33, 0x43, 0x43, 0xbb, 0xac, 0xac, 0xbb, 0xbc, 0xbb,
  0xbc, 0xbc, 0x24, 0x33, 0x34, 0x33, 0x34, 0x34, 0x33, 0x34, 0xcb, 0xcb, 0xbb, 0xcb, 0xcb, 0xbb,
  0xcb, 0x0b, 0x40, 0xed, 0x2e, 0x00, 0x00, 0x01, 0x24, 0x24, 0x33, 0x34, 0x33, 0x34, 0x34, 0x33,
  0xbc, 0xcb, 0xcb, 0xbb, 0xcb, 0xcb, 0xbb, 0xcb, 0x33, 0x34, 0x34, 0x33, 0x34, 0x34, 0x33, 0x34,
  0xcb, 0xcb, 0xca, 0xba, 0xcb, 0xbb, 0xcb, 0xcb, 0x33, 0x24, 0x24, 0x33, 0x34, 0x33, 0x34, 0x34,
  0xcb, 0xbb, 0xac, 0xac, 0xbb, 0xbc, 0xbb, 0xbc, 0x43, 0x43, 0x33, 0x43, 0x43, 0x33, 0x43, 0x43,
  0xbb, 0xcb, 0xac, 0xbb, 0xac, 0xac, 0xbb, 0xbc, 0x24, 0x33, 0x34, 0x33, 0x34, 0x34, 0x33, 0x34,
  0xcb, 0xcb, 0xbb, 0xcb, 0xcb, 0xbb, 0xcb, 0xcb, 0x33, 0x43, 0x43, 0x33, 0x24, 0x24, 0x33, 0x34,
  0xac, 0xbb, 0xbc, 0xbb, 0xbc, 0xbc, 0xbb, 0xbc, 0x43, 0x43, 0x33, 0x43, 0x43, 0x33, 0x43, 0x43,
  0xbb, 0xac, 0xac, 0xbb, 0xbc, 0xbb, 0xbc, 0xbc, 0x24, 0x33, 0x34, 0x33, 0x34, 0x34, 0x33, 0x34,
  0xcb, 0xcb, 0xbb, 0xcb, 0xcb, 0xbb, 0xcb, 0x0b, 0x40, 0xed, 0x2e, 0x00, 0x00, 0x01, 0x24, 0x24,
  0x33, 0x34, 0x33, 0x34, 0x34, 0x33, 0xbc, 0xcb, 0xcb, 0xbb, 0xcb, 0xcb, 0xbb, 0xcb, 0x33, 0x34,
  0x34, 0x33, 0x34, 0x34, 0x33, 0x34, 0xcb, 0xcb, 0xca, 0xba, 0xcb, 0xbb, 0xcb, 0xcb, 0x33, 0x24,
  0x24, 0x33, 0x34, 0x33, 0x34, 0x34, 0xcb, 0xbb, 0xac, 0xac, 0xbb, 0xbc, 0xbb, 0xbc, 0x43, 0x43,
  0x33, 0x43, 0x43, 0x33, 0x43, 0x43, 0xbb, 0xcb, 0xac, 0xbb, 0xac, 0xac, 0xbb, 0xbc, 0x24, 0x33,
  0x34, 0x33, 0x34, 0x34, 0x33, 0x34, 0xcb, 0xcb, 0xbb, 0xcb, 0xcb, 0xbb, 0xcb, 0xcb, 0x33, 0x43,
  0x43, 0x33, 0x24, 0x24, 0x33, 0x34, 0xac, 0xbb, 0xbc, 0xbb, 0xbc, 0xbc, 0xbb, 0xbc, 0x43, 0x43,
  0x33, 0x43, 0x43, 0x33, 0x43, 0x43, 0xbb, 0xac, 0xac, 0xbb, 0xbc, 0xbb, 0xbc, 0xbc, 0x24, 0x33,
  0x34, 0x33, 0x34, 0x34, 0x33, 0x34, 0xcb, 0xcb, 0xbb, 0xcb, 0xcb, 0xbb, 0xcb, 0x0b, 0x40, 0xed,
  0x2e, 0x00, 0x00, 0x01, 0x24, 0x24, 0x33, 0x34, 0x33, 0x34, 0x34, 0x33, 0xbc, 0xcb, 0xcb, 0xbb,
  0xcb, 0xcb, 0xbb, 0xcb, 0x33, 0x34, 0x34, 0x33, 0x34, 0x34, 0x33, 0x34, 0xcb, 0xcb, 0xca, 0xba,
  0xcb, 0xbb, 0xcb, 0xcb, 0x33, 0x24, 0x24, 0x33, 0x34, 0x33, 0x34, 0x34, 0xcb, 0xbb, 0xac, 0xac,
  0xbb, 0xbc, 0xbb, 0xbc, 0x43, 0x43, 0x33, 0x43, 0x43, 0x33, 0x43, 0x43, 0xbb, 0xcb, 0xac, 0xbb,
  0xac, 0xac, 0xbb, 0xbc, 0x24, 0x33, 0x34, 0x33, 0x34, 0x34, 0x33, 0x34, 0xcb, 0xcb, 0xbb, 0xcb,
  0xcb, 0xbb, 0xcb, 0xcb, 0x33, 0x43, 0x43, 0x33, 0x24, 0x24, 0x33, 0x34, 0xac, 0xbb, 0xbc, 0xbb,
  0xbc, 0xbc, 0xbb, 0xbc, 0x43, 0x43, 0x33, 0x43, 0x43, 0x33, 0x43, 0x43, 0xbb, 0xac, 0xac, 0xbb,
  0xbc, 0xbb, 0xbc, 0xbc, 0x24, 0x33, 0x34, 0x33, 0x34, 0x34, 0x33, 0x34, 0xcb, 0xcb, 0xbb, 0xcb,
  0xcb, 0xbb, 0xcb, 0x0b, 0x40, 0xed, 0x2e, 0x00, 0x00, 0x01, 0x24, 0x24, 0x33, 0x34, 0x33, 0x34,
  0x34, 0x33, 0xbc, 0xcb, 0xcb, 0xbb, 0xcb, 0xcb, 0xbb, 0xcb, 0x33, 0x34, 0x34, 0x33, 0x34, 0x34,
  0x33, 0x34, 0xcb, 0xcb, 0xca, 0xba, 0xcb, 0xbb, 0xcb, 0xcb, 0x33, 0x24, 0x24, 0x33, 0x34, 0x33,
  0x34, 0x34, 0xcb, 0xbb, 0xac, 0xac, 0xbb, 0xbc, 0xbb, 0xbc, 0x43, 0x43, 0x33, 0x43, 0x43, 0x33,
  0x43, 0x43, 0xbb, 0xcb, 0xac, 0xbb, 0xac, 0xac, 0xbb, 0xbc, 0x24, 0x33, 0x34, 0x33, 0x34, 0x34,
  0x33, 0x34, 0xcb, 0xcb, 0xbb, 0xcb, 0xcb, 0xbb, 0xcb, 0xcb, 0x33, 0x43, 0x43, 0x33, 0x24, 0x24,
  0x33, 0x34, 0xac, 0xbb, 0xbc, 0xbb, 0xbc, 0xbc, 0xbb, 0xbc, 0x43, 0x43, 0x33, 0x43, 0x43, 0x33,
  0x43, 0x43, 0xbb, 0xac, 0xac, 0xbb, 0xbc, 0xbb, 0xbc, 0xbc, 0x24, 0x33, 0x34, 0x33, 0x34, 0x34,
  0x33, 0x34, 0xcb, 0xcb, 0xbb, 0xcb, 0xcb, 0xbb, 0xcb, 0x0b, 0x40, 0xed, 0x2e, 0x00, 0x00, 0x01,
  0x24, 0x24, 0x33, 0x34, 0x33, 0x34, 0x34, 0x33, 0xbc, 0xcb, 0xcb, 0xbb, 0xcb, 0xcb, 0xbb, 0xcb,
  0x33, 0x34, 0x34, 0x33, 0x34, 0x34, 0x33, 0x34, 0xcb, 0xcb, 0xca, 0xba, 0xcb, 0xbb, 0xcb, 0xcb,
  0x33, 0x24, 0x24, 0x33, 0x34, 0x33, 0x34, 0x34, 0xcb, 0xbb, 0xac, 0xac, 0xbb, 0xbc, 0xbb, 0xbc,
  0x43, 0x43, 0x33, 0x43, 0x43, 0x33, 0x43, 0x43, 0xbb, 0xcb, 0xac, 0xbb, 0xac, 0xac, 0xbb, 0xbc,
  0x24, 0x33, 0x34, 0x33, 0x34, 0x34, 0x33, 0x34, 0xcb, 0xcb, 0xbb, 0xcb, 0xcb, 0xbb, 0xcb, 0xcb,
  0x33, 0x43, 0x43, 0x33, 0x24, 0x24, 0x33, 0x34, 0xac, 0xbb, 0xbc, 0xbb, 0xbc, 0xbc, 0xbb, 0xbc,
  0x43, 0x43, 0x33, 0x43, 0x43, 0x33, 0x43, 0x43, 0xbb, 0xac, 0xac, 0xbb, 0xbc, 0xbb, 0xbc, 0xbc,
  0x24, 0x33, 0x34, 0x33, 0x34, 0x34, 0x33, 0x34, 0xcb, 0xcb, 0xbb, 0xcb, 0xcb, 0xbb, 0xcb, 0x0b,
  0x40, 0xed, 0x2e, 0x00, 0x00, 0x01, 0x24, 0x24, 0x33, 0x34, 0x33, 0x34, 0x34, 0x33, 0xbc, 0xcb,
  0xcb, 0xbb, 0xcb, 0xcb, 0xbb, 0xcb, 0x33, 0x34, 0x34, 0x33, 0x34, 0x34, 0x33, 0x34, 0xcb, 0xcb,
  0xca, 0xba, 0xcb, 0xbb, 0xcb, 0xcb, 0x33, 0x24, 0x24, 0x33, 0x34, 0x33, 0x34, 0x34, 0xcb, 0xbb,
  0xac, 0xac, 0xbb, 0xbc, 0xbb, 0xbc, 0x43, 0x43, 0x33, 0x43, 0x43, 0x33, 0x43, 0x43, 0xbb, 0xcb,
  0xac, 0xbb, 0xac, 0xac, 0xbb, 0xbc, 0x24, 0x33, 0x34, 0x33, 0x34, 0x34, 0x33, 0x34, 0xcb, 0xcb,
  0xbb, 0xcb, 0xcb, 0xbb, 0xcb, 0xcb, 0x33, 0x43, 0x43, 0x33, 0x24, 0x24, 0x33, 0x34, 0xac, 0xbb,
  0xbc, 0xbb, 0xbc, 0xbc, 0xbb, 0xbc, 0x43, 0x43, 0x33, 0x43, 0x43, 0x33, 0x43, 0x43, 0xbb, 0xac,
  0xac, 0xbb, 0xbc, 0xbb, 0xbc, 0xbc, 0x24, 0x33, 0x34, 0x33, 0x34, 0x34, 0x33, 0x34, 0xcb, 0xcb,
  0xbb, 0xcb, 0xcb, 0xbb, 0xcb, 0x0b, 0x40, 0xed, 0x2e, 0x00, 0x00, 0x01, 0x24, 0x24, 0x33, 0x34,
  0x33, 0x34, 0x34, 0x33, 0xbc, 0xcb, 0xcb, 0xbb, 0xcb, 0xcb, 0xbb, 0xcb, 0x33, 0x34, 0x34, 0x33,
  0x34, 0x34, 0x33, 0x34, 0xcb, 0xcb, 0xca, 0xba, 0xcb, 0xbb, 0xcb, 0xcb, 0x33, 0x24, 0x24, 0x33,
  0x34, 0x33, 0x34, 0x34, 0xcb, 0xbb, 0xac, 0xac, 0xbb, 0xbc, 0xbb, 0xbc, 0x43, 0x43, 0x33, 0x43,
  0x43, 0x33, 0x43, 0x43, 0xbb, 0xcb, 0xac, 0xbb, 0xac, 0xac, 0xbb, 0xbc, 0x24, 0x33, 0x34, 0x33,
  0x34, 0x34, 0x33, 0x34, 0xcb, 0xcb, 0xbb, 0xcb, 0xcb, 0xbb, 0xcb, 0xcb, 0x33, 0x43, 0x43, 0x33,
  0x24, 0x24, 0x33, 0x34, 0xac, 0xbb, 0xbc, 0xbb, 0xbc, 0xbc, 0xbb, 0xbc, 0x43, 0x43, 0x33, 0x43,
  0x43, 0x33, 0x43, 0x43, 0xbb, 0xac, 0xac, 0xbb, 0xbc, 0xbb, 0xbc, 0xbc, 0x24, 0x33, 0x34, 0x33,
  0x34, 0x34, 0x33, 0x34, 0xcb, 0xcb, 0xbb, 0xcb, 0xcb, 0xbb, 0xcb, 0x0b, 0x40, 0xed, 0x2e, 0x00,
  0x00, 0x01, 0x24, 0x24, 0x33, 0x34, 0x33, 0x34, 0x34, 0x33, 0xbc, 0xcb, 0xcb, 0xbb, 0xcb, 0xcb,
  0xbb, 0xcb, 0x33, 0x34, 0x34, 0x33, 0x34, 0x34, 0x33, 0x34, 0xcb, 0xcb, 0xca, 0xba, 0xcb, 0xbb,
  0xcb, 0xcb, 0x33, 0x24, 0x24, 0x33, 0x34, 0x33, 0x34, 0x34, 0xcb, 0xbb, 0xac, 0xac, 0xbb, 0xbc,
  0xbb, 0xbc, 0x43, 0x43, 0x33, 0x43, 0x43, 0x33, 0x43, 0x43, 0xbb, 0xcb, 0xac, 0xbb, 0xac, 0xac,
  0xbb, 0xbc, 0x24, 0x33, 0x34, 0x33, 0x34, 0x34, 0x33, 0x34, 0xcb, 0xcb, 0xbb, 0xcb, 0xcb, 0xbb,
  0xcb, 0xcb, 0x33, 0x43, 0x43, 0x33, 0x24, 0x24, 0x33, 0x34, 0xac, 0xbb, 0xbc, 0xbb, 0xbc, 0xbc,
  0xbb, 0xbc, 0x43, 0x43, 0x33, 0x43, 0x43, 0x33, 0x43, 0x43, 0xbb, 0xac, 0xac, 0xbb, 0xbc, 0xbb,
  0xbc, 0xbc, 0x24, 0x33, 0x34, 0x33, 0x34, 0x34, 0x33, 0x34, 0xcb, 0xcb, 0xbb, 0xcb, 0xcb, 0xbb,
  0xcb, 0x0b, 0x40, 0xed, 0x2e, 0x00, 0x00, 0x01, 0x24, 0x24, 0x33, 0x34, 0x33, 0x34, 0x34, 0x33,
  0xbc, 0xcb, 0xcb, 0xbb, 0xcb, 0xcb, 0xbb, 0xcb, 0x33, 0x34, 0x34, 0x33, 0x34, 0x34, 0x33, 0x34,
  0xcb, 0xcb, 0xca, 0xba, 0xcb, 0xbb, 0xcb, 0xcb, 0x33, 0x24, 0x24, 0x33, 0x34, 0x33, 0x34, 0x34,
  0xcb, 0xbb, 0xac, 0xac, 0xbb, 0xbc, 0xbb, 0xbc, 0x43, 0x43, 0x33, 0x43, 0x43, 0x33, 0x43, 0x43,
  0xbb, 0xcb, 0xac, 0xbb, 0xac, 0xac, 0xbb, 0xbc, 0x24, 0x33, 0x34, 0x33, 0x34, 0x34, 0x33, 0x34,
  0xcb, 0xcb, 0xbb, 0xcb, 0xcb, 0xbb, 0xcb, 0xcb, 0x33, 0x43, 0x43, 0x33, 0x24, 0x24, 0x33, 0x34,
  0xac, 0xbb, 0xbc, 0xbb, 0xbc, 0xbc, 0xbb, 0xbc, 0x43, 0x43, 0x33, 0x43, 0x43, 0x33, 0x43, 0x43,
  0xbb, 0xac, 0xac, 0xbb, 0xbc, 0xbb, 0xbc, 0xbc, 0x24, 0x33, 0x34, 0x33, 0x34, 0x34, 0x33, 0x34,
  0xcb, 0xcb, 0xbb, 0xcb, 0xcb, 0xbb, 0xcb, 0x0b, 0x40, 0xed, 0x2e, 0x00, 0x00, 0x01, 0x24, 0x24,
  0x33, 0x34, 0x33, 0x34, 0x34, 0x33, 0xbc, 0xcb, 0xcb, 0xbb, 0xcb, 0xcb, 0xbb, 0xcb, 0x33, 0x34,
  0x34, 0x33, 0x34, 0x34, 0x33, 0x34, 0xcb, 0xcb, 0xca, 0xba, 0xcb, 0xbb, 0xcb, 0xcb, 0x33, 0x24,
  0x24, 0x33, 0x34, 0x33, 0x34, 0x34, 0xcb, 0xbb, 0xac, 0xac, 0xbb, 0xbc, 0xbb, 0xbc, 0x43, 0x43,
  0x33, 0x43, 0x43, 0x33, 0x43, 0x43, 0xbb, 0xcb, 0xac, 0xbb, 0xac, 0xac, 0xbb, 0xbc, 0x24, 0x33,
  0x34, 0x33, 0x34, 0x34, 0x33, 0x34, 0xcb, 0xcb, 0xbb, 0xcb, 0xcb, 0xbb, 0xcb, 0xcb, 0x33, 0x43,
  0x43, 0x33, 0x24, 0x24, 0x33, 0x34, 0xac, 0xbb, 0xbc, 0xbb, 0xbc, 0xbc, 0xbb, 0xbc, 0x43, 0x43,
  0x33, 0x43, 0x43, 0x33, 0x43, 0x43, 0xbb, 0xac, 0xac, 0xbb, 0xbc, 0xbb, 0xbc, 0xbc, 0x24, 0x33,
  0x34, 0x33, 0x34, 0x34, 0x33, 0x34, 0xcb, 0xcb, 0xbb, 0xcb, 0xcb, 0xbb, 0xcb, 0x0b, 0x40, 0xed,
  0x2e, 0x00, 0x00, 0x01, 0x24, 0x24, 0x33, 0x34, 0x33, 0x34, 0x34, 0x33, 0xbc, 0xcb, 0xcb, 0xbb,
  0xcb, 0xcb, 0xbb, 0xcb, 0x33, 0x34, 0x34, 0x33, 0x34, 0x34, 0x33, 0x34, 0xcb, 0xcb, 0xca, 0xba,
  0xcb, 0xbb, 0xcb, 0xcb, 0x33, 0x24, 0x24, 0x33, 0x34, 0x33, 0x34, 0x34, 0xcb, 0xbb, 0xac, 0xac,
  0xbb, 0xbc, 0xbb, 0xbc, 0x43, 0x43, 0x33, 0x43, 0x43, 0x33, 0x43, 0x43, 0xbb, 0xcb, 0xac, 0xbb,
  0xac, 0xac, 0xbb, 0xbc, 0x24, 0x33, 0x34, 0x33, 0x34, 0x34, 0x33, 0x34, 0xcb, 0xcb, 0xbb, 0xcb,
  0xcb, 0xbb, 0xcb, 0xcb, 0x33, 0x43, 0x43, 0x33, 0x24, 0x24, 0x33, 0x34, 0xac, 0xbb, 0xbc, 0xbb,
  0xbc, 0xbc, 0xbb, 0xbc, 0x43, 0x43, 0x33, 0x43, 0x43, 0x33, 0x43, 0x43, 0xbb, 0xac, 0xac, 0xbb,
  0xbc, 0xbb, 0xbc, 0xbc, 0x24, 0x33, 0x34, 0x33, 0x34, 0x34, 0x33, 0x34, 0xcb, 0xcb, 0xbb, 0xcb,
  0xcb, 0xbb, 0xcb, 0x0b, 0x40, 0xed, 0x2e, 0x00, 0x00, 0x01, 0x24, 0x24, 0x33, 0x34, 0x33, 0x34,
  0x34, 0x33, 0xbc, 0xcb, 0xcb, 0xbb, 0xcb, 0xcb, 0xbb, 0xcb, 0x33, 0x34, 0x34, 0x33, 0x34, 0x34,
  0x33, 0x34, 0xcb, 0xcb, 0xca, 0xba, 0xcb, 0xbb, 0xcb, 0xcb, 0x33, 0x24, 0x24, 0x33, 0x34, 0x33,
  0x34, 0x34, 0xcb, 0xbb, 0xac, 0xac, 0xbb, 0xbc, 0xbb, 0xbc, 0x43, 0x43, 0x33, 0x43, 0x43, 0x33,
  0x43, 0x43, 0xbb, 0xcb, 0xac, 0xbb, 0xac, 0xac, 0xbb, 0xbc, 0x24, 0x33, 0x34, 0x33, 0x34, 0x34,
  0x33, 0x34, 0xcb, 0xcb, 0xbb, 0xcb, 0xcb, 0xbb, 0xcb, 0xcb, 0x33, 0x43, 0x43, 0x33, 0x24, 0x24,
  0x33, 0x34, 0xac, 0xbb, 0xbc, 0xbb, 0xbc, 0xbc, 0xbb, 0xbc, 0x43, 0x43, 0x33, 0x43, 0x43, 0x33,
  0x43, 0x43, 0xbb, 0xac, 0xac, 0xbb, 0xbc, 0xbb, 0xbc, 0xbc, 0x24, 0x33, 0x34, 0x33, 0x34, 0x34,
  0x33, 0x34, 0xcb, 0xcb, 0xbb, 0xcb, 0xcb, 0xbb, 0xcb, 0x0b, 0x40, 0xed, 0x2e, 0x00, 0x00, 0x01,
  0x24, 0x24, 0x33, 0x34, 0x33, 0x34, 0x34, 0x33, 0xbc, 0xcb, 0xcb, 0xbb, 0xcb, 0xcb, 0xbb, 0xcb,
  0x33, 0x34, 0x34, 0x33, 0x34, 0x34, 0x33, 0x34, 0xcb, 0xcb, 0xca, 0xba, 0xcb, 0xbb, 0xcb, 0xcb,
  0x33, 0x24, 0x24, 0x33, 0x34, 0x33, 0x34, 0x34, 0xcb, 0xbb, 0xac, 0xac, 0xbb, 0xbc, 0xbb, 0xbc,
  0x43, 0x43, 0x33, 0x43, 0x43, 0x33, 0x43, 0x43, 0xbb, 0xcb, 0xac, 0xbb, 0xac, 0xac, 0xbb, 0xbc,
  0x24, 0x33, 0x34, 0x33, 0x34, 0x34, 0x33, 0x34, 0xcb, 0xcb, 0xbb, 0xcb, 0xcb, 0xbb, 0xcb, 0xcb,
  0x33, 0x43, 0x43, 0x33, 0x24, 0x24, 0x33, 0x34, 0xac, 0xbb, 0xbc, 0xbb, 0xbc, 0xbc, 0xbb, 0xbc,
  0x43, 0x43, 0x33, 0x43, 0x43, 0x33, 0x43, 0x43, 0xbb, 0xac, 0xac, 0xbb, 0xbc, 0xbb, 0xbc, 0xbc,
  0x24, 0x33, 0x34, 0x33, 0x34, 0x34, 0x33, 0x34, 0xcb, 0xcb, 0xbb, 0xcb, 0xcb, 0xbb, 0xcb, 0x0b,
  0x40, 0xed, 0x2e, 0x00, 0x00, 0x01, 0x24, 0x24, 0x33, 0x34, 0x33, 0x34, 0x34, 0x33, 0xbc, 0xcb,
  0xcb, 0xbb, 0xcb, 0xcb, 0xbb, 0xcb, 0x33, 0x34, 0x34, 0x33, 0x34, 0x34, 0x33, 0x34, 0xcb, 0xcb,
  0xca, 0xba, 0xcb, 0xbb, 0xcb, 0xcb, 0x33, 0x24, 0x24, 0x33, 0x34, 0x33, 0x34, 0x34, 0xcb, 0xbb,
  0xac, 0xac, 0xbb, 0xbc, 0xbb, 0xbc, 0x43, 0x43, 0x33, 0x43, 0x43, 0x33, 0x43, 0x43, 0xbb, 0xcb,
  0xac, 0xbb, 0xac, 0xac, 0xbb, 0xbc, 0x24, 0x33, 0x34, 0x33, 0x34, 0x34, 0x33, 0x34, 0xcb, 0xcb,
  0xbb, 0xcb, 0xcb, 0xbb, 0xcb, 0xcb, 0x33, 0x43, 0x43, 0x33, 0x24, 0x24, 0x33, 0x34, 0xac, 0xbb,
  0xbc, 0xbb, 0xbc, 0xbc, 0xbb, 0xbc, 0x43, 0x43, 0x33, 0x43, 0x43, 0x33, 0x43, 0x43, 0xbb, 0xac,
  0xac, 0xbb, 0xbc, 0xbb, 0xbc, 0xbc, 0x24, 0x33, 0x34, 0x33, 0x34, 0x34, 0x33, 0x34, 0xcb, 0xcb,
  0xbb, 0xcb, 0xcb, 0xbb, 0xcb, 0x0b, 0x40, 0xed, 0x2e, 0x00, 0x00, 0x01, 0x24, 0x24, 0x33, 0x34,
  0x33, 0x34, 0x34, 0x33, 0xbc, 0xcb, 0xcb, 0xbb, 0xcb, 0xcb, 0xbb, 0xcb, 0x33, 0x34, 0x34, 0x33,
  0x34, 0x34, 0x33, 0x34, 0xcb, 0xcb, 0xca, 0xba, 0xcb, 0xbb, 0xcb, 0xcb, 0x33, 0x24, 0x24, 0x33,
  0x34, 0x33, 0x34, 0x34, 0xcb, 0xbb, 0xac, 0xac, 0xbb, 0xbc, 0xbb, 0xbc, 0x43, 0x43, 0x33, 0x43,
  0x43, 0x33, 0x43, 0x43, 0xbb, 0xcb, 0xac, 0xbb, 0xac, 0xac, 0xbb, 0xbc, 0x24, 0x33, 0x34, 0x33,
  0x34, 0x34, 0x33, 0x34, 0xcb, 0xcb, 0xbb, 0xcb, 0xcb, 0xbb, 0xcb, 0xcb, 0x33, 0x43, 0x43, 0x33,
  0x24, 0x24, 0x33, 0x34, 0xac, 0xbb, 0xbc, 0xbb, 0xbc, 0xbc, 0xbb, 0xbc, 0x43, 0x43, 0x33, 0x43,
  0x43, 0x33, 0x43, 0x43, 0xbb, 0xac, 0xac, 0xbb, 0xbc, 0xbb, 0xbc, 0xbc, 0x24, 0x33, 0x34, 0x33,
  0x34, 0x34, 0x33, 0x34, 0xcb, 0xcb, 0xbb, 0xcb, 0xcb, 0xbb, 0xcb, 0x0b, 0x40, 0xed, 0x2e, 0x00,
  0x00, 0x01, 0x24, 0x24, 0x33, 0x34, 0x33, 0x34, 0x34, 0x33, 0xbc, 0xcb, 0xcb, 0xbb, 0xcb, 0xcb,
  0xbb, 0xcb, 0x33, 0x34, 0x34, 0x33, 0x34, 0x34, 0x33, 0x34, 0xcb, 0xcb, 0xca, 0xba, 0xcb, 0xbb,
  0xcb, 0xcb, 0x33, 0x24, 0x24, 0x33, 0x34, 0x33, 0x34, 0x34, 0xcb, 0xbb, 0xac, 0xac, 0xbb, 0xbc,
  0xbb, 0xbc, 0x43, 0x43, 0x33, 0x43, 0x43, 0x33, 0x43, 0x43, 0xbb, 0xcb, 0xac, 0xbb, 0xac, 0xac,
  0xbb, 0xbc, 0x24, 0x33, 0x34, 0x33, 0x34, 0x34, 0x33, 0x34, 0xcb, 0xcb, 0xbb, 0xcb, 0xcb, 0xbb,
  0xcb, 0xcb, 0x33, 0x43, 0x43, 0x33, 0x24, 0x24, 0x33, 0x34, 0xac, 0xbb, 0xbc, 0xbb, 0xbc, 0xbc,
  0xbb, 0xbc, 0x43, 0x43, 0x33, 0x43, 0x43, 0x33, 0x43, 0x43, 0xbb, 0xac, 0xac, 0xbb, 0xbc, 0xbb,
  0xbc, 0xbc, 0x24, 0x33, 0x34, 0x33, 0x34, 0x34, 0x33, 0x34, 0xcb, 0xcb, 0xbb, 0xcb, 0xcb, 0xbb,
  0xcb, 0x0b, 0x40, 0xed, 0x2e, 0x00, 0x00, 0x01, 0x24, 0x24, 0x33, 0x34, 0x33, 0x34, 0x34, 0x33,
  0xbc, 0xcb, 0xcb, 0xbb, 0xcb, 0xcb, 0xbb, 0xcb, 0x33, 0x34, 0x34, 0x33, 0x34, 0x34, 0x33, 0x34,
  0xcb, 0xcb, 0xca, 0xba, 0xcb, 0xbb, 0xcb, 0xcb, 0x33, 0x24, 0x24, 0x33, 0x34, 0x33, 0x34, 0x34,
  0xcb, 0xbb, 0xac, 0xac, 0xbb, 0xbc, 0xbb, 0xbc, 0x43, 0x43, 0x33, 0x43, 0x43, 0x33, 0x43, 0x43,
  0xbb, 0xcb, 0xac, 0xbb, 0xac, 0xac, 0xbb, 0xbc, 0x24, 0x33, 0x34, 0x33, 0x34, 0x34, 0x33, 0x34,
  0xcb, 0xcb, 0xbb, 0xcb, 0xcb, 0xbb, 0xcb, 0xcb, 0x33, 0x43, 0x43, 0x33, 0x24, 0x24, 0x33, 0x34,
  0xac, 0xbb, 0xbc, 0xbb, 0xbc, 0xbc, 0xbb, 0xbc, 0x43, 0x43, 0x33, 0x43, 0x43, 0x33, 0x43, 0x43,
  0xbb, 0xac, 0xac, 0xbb, 0xbc, 0xbb, 0xbc, 0xbc, 0x24, 0x33, 0x34, 0x33, 0x34, 0x34, 0x33, 0x34,
  0xcb, 0xcb, 0xbb, 0xcb, 0xcb, 0xbb, 0xcb, 0x0b, 0x40, 0xed, 0x2e, 0x00, 0x00, 0x01, 0x24, 0x24,
  0x33, 0x34, 0x33, 0x34, 0x34, 0x33, 0xbc, 0xcb, 0xcb, 0xbb, 0xcb, 0xcb, 0xbb, 0xcb, 0x33, 0x34,
  0x34, 0x33, 0x34, 0x34, 0x33, 0x34, 0xcb, 0xcb, 0xca, 0xba, 0xcb, 0xbb, 0xcb, 0xcb, 0x33, 0x24,
  0x24, 0x33, 0x34, 0x33, 0x34, 0x34, 0xcb, 0xbb, 0xac, 0xac, 0xbb, 0xbc, 0xbb, 0xbc, 0x43, 0x43,
  0x33, 0x43, 0x43, 0x33, 0x43, 0x43, 0xbb, 0xcb, 0xac, 0xbb, 0xac, 0xac, 0xbb, 0xbc, 0x24, 0x33,
  0x34, 0x33, 0x34, 0x34, 0x33, 0x34, 0xcb, 0xcb, 0xbb, 0xcb, 0xcb, 0xbb, 0xcb, 0xcb, 0x33, 0x43,
  0x43, 0x33, 0x24, 0x24, 0x33, 0x34, 0xac, 0xbb, 0xbc, 0xbb, 0xbc, 0xbc, 0xbb, 0xbc, 0x43, 0x43,
  0x33, 0x43, 0x43, 0x33, 0x43, 0x43, 0xbb, 0xac, 0xac, 0xbb, 0xbc, 0xbb, 0xbc, 0xbc, 0x24, 0x33,
  0x34, 0x33, 0x34, 0x34, 0x33, 0x34, 0xcb, 0xcb, 0xbb, 0xcb, 0xcb, 0xbb, 0xcb, 0x0b, 0x40, 0xed,
  0x2e, 0x00, 0x00, 0x01, 0x24, 0x24, 0x33, 0x34, 0x33, 0x34, 0x34, 0x33, 0xbc, 0xcb, 0xcb, 0xbb,
  0xcb, 0xcb, 0xbb, 0xcb, 0x33, 0x34, 0x34, 0x33, 0x34, 0x34, 0x33, 0x34, 0xcb, 0xcb, 0xca, 0xba,
  0xcb, 0xbb, 0xcb, 0xcb, 0x33, 0x24, 0x24, 0x33, 0x34, 0x33, 0x34, 0x34, 0xcb, 0xbb, 0xac, 0xac,
  0xbb, 0xbc, 0xbb, 0xbc, 0x43, 0x43, 0x33, 0x43, 0x43, 0x33, 0x43, 0x43, 0xbb, 0xcb, 0xac, 0xbb,
  0xac, 0xac, 0xbb, 0xbc, 0x24, 0x33, 0x34, 0x33, 0x34, 0x34, 0x33, 0x34, 0xcb, 0xcb, 0xbb, 0xcb,
  0xcb, 0xbb, 0xcb, 0xcb, 0x33, 0x43, 0x43, 0x33, 0x24, 0x24, 0x33, 0x34, 0xac, 0xbb, 0xbc, 0xbb,
  0xbc, 0xbc, 0xbb, 0xbc, 0x43, 0x43, 0x33, 0x43, 0x43, 0x33, 0x43, 0x43, 0xbb, 0xac, 0xac, 0xbb,
  0xbc, 0xbb, 0xbc, 0xbc, 0x24, 0x33, 0x34, 0x33, 0x34, 0x34, 0x33, 0x34, 0xcb, 0xcb, 0xbb, 0xcb,
  0xcb, 0xbb, 0xcb, 0x0b, 0x40, 0xed, 0x2e, 0x00, 0x00, 0x01, 0x24, 0x24, 0x33, 0x34, 0x33, 0x34,
  0x34, 0x33, 0xbc, 0xcb, 0xcb, 0xbb, 0xcb, 0xcb, 0xbb, 0xcb, 0x33, 0x34, 0x34, 0x33, 0x34, 0x34,
  0x33, 0x34, 0xcb, 0xcb, 0xca, 0xba, 0xcb, 0xbb, 0xcb, 0xcb, 0x33, 0x24, 0x24, 0x33, 0x34, 0x33,
  0x34, 0x34, 0xcb, 0xbb, 0xac, 0xac, 0xbb, 0xbc, 0xbb, 0xbc, 0x43, 0x43, 0x33, 0x43, 0x43, 0x33,
  0x43, 0x43, 0xbb, 0xcb, 0xac, 0xbb, 0xac, 0xac, 0xbb, 0xbc, 0x24, 0x33, 0x34, 0x33, 0x34, 0x34,
  0x33, 0x34, 0xcb, 0xcb, 0xbb, 0xcb, 0xcb, 0xbb, 0xcb, 0xcb, 0x33, 0x43, 0x43, 0x33, 0x24, 0x24,
  0x33, 0x34, 0xac, 0xbb, 0xbc, 0xbb, 0xbc, 0xbc, 0xbb, 0xbc, 0x43, 0x43, 0x33, 0x43, 0x43, 0x33,
  0x43, 0x43, 0xbb, 0xac, 0xac, 0xbb, 0xbc, 0xbb, 0xbc, 0xbc, 0x24, 0x33, 0x34, 0x33, 0x34, 0x34,
  0x33, 0x34, 0xcb, 0xcb, 0xbb, 0xcb, 0xcb, 0xbb, 0xcb, 0x0b, 0x40, 0xed, 0x2e, 0x00, 0x00, 0x01,
  0x24, 0x24, 0x33, 0x34, 0x33, 0x34, 0x34, 0x33, 0xbc, 0xcb, 0xcb, 0xbb, 0xcb, 0xcb, 0xbb, 0xcb,
  0x33, 0x34, 0x34, 0x33, 0x34, 0x34, 0x33, 0x34, 0xcb, 0xcb, 0xca, 0xba, 0xcb, 0xbb, 0xcb, 0xcb,
  0x33, 0x24, 0x24, 0x33, 0x34, 0x33, 0x34, 0x34, 0xcb, 0xbb, 0xac, 0xac, 0xbb, 0xbc, 0xbb, 0xbc,
  0x43, 0x43, 0x33, 0x43, 0x43, 0x33, 0x43, 0x43, 0xbb, 0xcb, 0xac, 0xbb, 0xac, 0xac, 0xbb, 0xbc,
  0x24, 0x33, 0x34, 0x33, 0x34, 0x34, 0x33, 0x34, 0xcb, 0xcb, 0xbb, 0xcb, 0xcb, 0xbb, 0xcb, 0xcb,
  0x33, 0x43, 0x43, 0x33, 0x24, 0x24, 0x33, 0x34, 0xac, 0xbb, 0xbc, 0xbb, 0xbc, 0xbc, 0xbb, 0xbc,
  0x43, 0x43, 0x33, 0x43, 0x43, 0x33, 0x43, 0x43, 0xbb, 0xac, 0xac, 0xbb, 0xbc, 0xbb, 0xbc, 0xbc,
  0x24, 0x33, 0x34, 0x33, 0x34, 0x34, 0x33, 0x34, 0xcb, 0xcb, 0xbb, 0xcb, 0xcb, 0xbb, 0xcb, 0x0b,
  0x40, 0xed, 0x2e, 0x00, 0x00, 0x01, 0x24, 0x24, 0x33, 0x34, 0x33, 0x34, 0x34, 0x33, 0xbc, 0xcb,
  0xcb, 0xbb, 0xcb, 0xcb, 0xbb, 0xcb, 0x33, 0x34, 0x34, 0x33, 0x34, 0x34, 0x33, 0x34, 0xcb, 0xcb,
  0xca, 0xba, 0xcb, 0xbb, 0xcb, 0xcb, 0x33, 0x24, 0x24, 0x33, 0x34, 0x33, 0x34, 0x34, 0xcb, 0xbb,
  0xac, 0xac, 0xbb, 0xbc, 0xbb, 0xbc, 0x43, 0x43, 0x33, 0x43, 0x43, 0x33, 0x43, 0x43, 0xbb, 0xcb,
  0xac, 0xbb, 0xac, 0xac, 0xbb, 0xbc, 0x24, 0x33, 0x34, 0x33, 0x34, 0x34, 0x33, 0x34, 0xcb, 0xcb,
  0xbb, 0xcb, 0xcb, 0xbb, 0xcb, 0xcb, 0x33, 0x43, 0x43, 0x33, 0x24, 0x24, 0x33, 0x34, 0xac, 0xbb,
  0xbc, 0xbb, 0xbc, 0xbc, 0xbb, 0xbc, 0x43, 0x43, 0x33, 0x43, 0x43, 0x33, 0x43, 0x43, 0xbb, 0xac,
  0xac, 0xbb, 0xbc, 0xbb, 0xbc, 0xbc, 0x24, 0x33, 0x34, 0x33, 0x34, 0x34, 0x33, 0x34, 0xcb, 0xcb,
  0xbb, 0xcb, 0xcb, 0xbb, 0xcb, 0x0b, 0x40, 0xed, 0x2e, 0x00, 0x00, 0x01, 0x24, 0x24, 0x33, 0x34,
  0x33, 0x34, 0x34, 0x33, 0xbc, 0xcb, 0xcb, 0xbb, 0xcb, 0xcb, 0xbb, 0xcb, 0x33, 0x34, 0x34, 0x33,
  0x34, 0x34, 0x33, 0x34, 0xcb, 0xcb, 0xca, 0xba, 0xcb, 0xbb, 0xcb, 0xcb, 0x33, 0x24, 0x24, 0x33,
  0x34, 0x33, 0x34, 0x34, 0xcb, 0xbb, 0xac, 0xac, 0xbb, 0xbc, 0xbb, 0xbc, 0x43, 0x43, 0x33, 0x43,
  0x43, 0x33, 0x43, 0x43, 0xbb, 0xcb, 0xac, 0xbb, 0xac, 0xac, 0xbb, 0xbc, 0x24, 0x33, 0x34, 0x33,
  0x34, 0x34, 0x33, 0x34, 0xcb, 0xcb, 0xbb, 0xcb, 0xcb, 0xbb, 0xcb, 0xcb, 0x33, 0x43, 0x43, 0x33,
  0x24, 0x24, 0x33, 0x34, 0xac, 0xbb, 0xbc, 0xbb, 0xbc, 0xbc, 0xbb, 0xbc, 0x43, 0x43, 0x33, 0x43,
  0x43, 0x33, 0x43, 0x43, 0xbb, 0xac, 0xac, 0xbb, 0xbc, 0xbb, 0xbc, 0xbc, 0x24, 0x33, 0x34, 0x33,
  0x34, 0x34, 0x33, 0x34, 0xcb, 0xcb, 0xbb, 0xcb, 0xcb, 0xbb, 0xcb, 0x0b, 0x40, 0xed, 0x2e, 0x00,
  0x00, 0x01, 0x24, 0x24, 0x33, 0x34, 0x33, 0x34, 0x34, 0x33, 0xbc, 0xcb, 0xcb, 0xbb, 0xcb, 0xcb,
  0xbb, 0xcb, 0x33, 0x34, 0x34, 0x33, 0x34, 0x34, 0x33, 0x34, 0xcb, 0xcb, 0xca, 0xba, 0xcb, 0xbb,
  0xcb, 0xcb, 0x33, 0x24, 0x24, 0x33, 0x34, 0x33, 0x34, 0x34, 0xcb, 0xbb, 0xac, 0xac, 0xbb, 0xbc,
  0xbb, 0xbc, 0x43, 0x43, 0x33, 0x43, 0x43, 0x33, 0x43, 0x43, 0xbb, 0xcb, 0xac, 0xbb, 0xac, 0xac,
  0xbb, 0xbc, 0x24, 0x33, 0x34, 0x33, 0x34, 0x34, 0x33, 0x34, 0xcb, 0xcb, 0xbb, 0xcb, 0xcb, 0xbb,
  0xcb, 0xcb, 0x33, 0x43, 0x43, 0x33, 0x24, 0x24, 0x33, 0x34, 0xac, 0xbb, 0xbc, 0xbb, 0xbc, 0xbc,
  0xbb, 0xbc, 0x43, 0x43, 0x33, 0x43, 0x43, 0x33, 0x43, 0x43, 0xbb, 0xac, 0xac, 0xbb, 0xbc, 0xbb,
  0xbc, 0xbc, 0x24, 0x33, 0x34, 0x33, 0x34, 0x34, 0x33, 0x34, 0xcb, 0xcb, 0xbb, 0xcb, 0xcb, 0xbb,
  0xcb, 0x0b, 0x40, 0xed, 0x2e, 0x00, 0x00, 0x01, 0x24, 0x24, 0x33, 0x34, 0x33, 0x34, 0x34, 0x33,
  0xbc, 0xcb, 0xcb, 0xbb, 0xcb, 0xcb, 0xbb, 0xcb, 0x33, 0x34, 0x34, 0x33, 0x34, 0x34, 0x33, 0x34,
  0xcb, 0xcb, 0xca, 0xba, 0xcb, 0xbb, 0xcb, 0xcb, 0x33, 0x24, 0x24, 0x33, 0x34, 0x33, 0x34, 0x34,
  0xcb, 0xbb, 0xac, 0xac, 0xbb, 0xbc, 0xbb, 0xbc, 0x43, 0x43, 0x33, 0x43, 0x43, 0x33, 0x43, 0x43,
  0xbb, 0xcb, 0xac, 0xbb, 0xac, 0xac, 0xbb, 0xbc, 0x24, 0x33, 0x34, 0x33, 0x34, 0x34, 0x33, 0x34,
  0xcb, 0xcb, 0xbb, 0xcb, 0xcb, 0xbb, 0xcb, 0xcb, 0x33, 0x43, 0x43, 0x33, 0x24, 0x24, 0x33, 0x34,
  0xac, 0xbb, 0xbc, 0xbb, 0xbc, 0xbc, 0xbb, 0xbc, 0x43, 0x43, 0x33, 0x43, 0x43, 0x33, 0x43, 0x43,
  0xbb, 0xac, 0xac, 0xbb, 0xbc, 0xbb, 0xbc, 0xbc, 0x24, 0x33, 0x34, 0x33, 0x34, 0x34, 0x33, 0x34,
  0xcb, 0xcb, 0xbb, 0xcb, 0xcb, 0xbb, 0xcb, 0x0b, 0x40, 0xed, 0x2e, 0x00, 0x00, 0x01, 0x24, 0x24,
  0x33, 0x34, 0x33, 0x34, 0x34, 0x33, 0xbc, 0xcb, 0xcb, 0xbb, 0xcb, 0xcb, 0xbb, 0xcb, 0x33, 0x34,
  0x34, 0x33, 0x34, 0x34, 0x33, 0x34, 0xcb, 0xcb, 0xca, 0xba, 0xcb, 0xbb, 0xcb, 0xcb, 0x33, 0x24,
  0x24, 0x33, 0x34, 0x33, 0x34, 0x34, 0xcb, 0xbb, 0xac, 0xac, 0xbb, 0xbc, 0xbb, 0xbc, 0x43, 0x43,
  0x33, 0x43, 0x43, 0x33, 0x43, 0x43, 0xbb, 0xcb, 0xac, 0xbb, 0xac, 0xac, 0xbb, 0xbc, 0x24, 0x33,
  0x34, 0x33, 0x34, 0x34, 0x33, 0x34, 0xcb, 0xcb, 0xbb, 0xcb, 0xcb, 0xbb, 0xcb, 0xcb, 0x33, 0x43,
  0x43, 0x33, 0x24, 0x24, 0x33, 0x34, 0xac, 0xbb, 0xbc, 0xbb, 0xbc, 0xbc, 0xbb, 0xbc, 0x43, 0x43,
  0x33, 0x43, 0x43, 0x33, 0x43, 0x43, 0xbb, 0xac, 0xac, 0xbb, 0xbc, 0xbb, 0xbc, 0xbc, 0x24, 0x33,
  0x34, 0x33, 0x34, 0x34, 0x33, 0x34, 0xcb, 0xcb, 0xbb, 0xcb, 0xcb, 0xbb, 0xcb, 0x0b, 0x40, 0xed,
  0x2e, 0x00, 0x00, 0x01, 0x24, 0x24, 0x33, 0x34, 0x33, 0x34, 0x34, 0x33, 0xbc, 0xcb, 0xcb, 0xbb,
  0xcb, 0xcb, 0xbb, 0xcb, 0x33, 0x34, 0x34, 0x33, 0x34, 0x34, 0x33, 0x34, 0xcb, 0xcb, 0xca, 0xba,
  0xcb, 0xbb, 0xcb, 0xcb, 0x33, 0x24, 0x24, 0x33, 0x34, 0x33, 0x34, 0x34, 0xcb, 0xbb, 0xac, 0xac,
  0xbb, 0xbc, 0xbb, 0xbc, 0x43, 0x43, 0x33, 0x43, 0x43, 0x33, 0x43, 0x43, 0xbb, 0xcb, 0xac, 0xbb,
  0xac, 0xac, 0xbb, 0xbc, 0x24, 0x33, 0x34, 0x33, 0x34, 0x34, 0x33, 0x34, 0xcb, 0xcb, 0xbb, 0xcb,
  0xcb, 0xbb, 0xcb, 0xcb, 0x33, 0x43, 0x43, 0x33, 0x24, 0x24, 0x33, 0x34, 0xac, 0xbb, 0xbc, 0xbb,
  0xbc, 0xbc, 0xbb, 0xbc, 0x43, 0x43, 0x33, 0x43, 0x43, 0x33, 0x43, 0x43, 0xbb, 0xac, 0xac, 0xbb,
  0xbc, 0xbb, 0xbc, 0xbc, 0x24, 0x33, 0x34, 0x33, 0x34, 0x34, 0x33, 0x34, 0xcb, 0xcb, 0xbb, 0xcb,
  0xcb, 0xbb, 0xcb, 0x0b, 0x40, 0xed, 0x2e, 0x00, 0x00, 0x01, 0x24, 0x24, 0x33, 0x34, 0x33, 0x34,
  0x34, 0x33, 0xbc, 0xcb, 0xcb, 0xbb, 0xcb, 0xcb, 0xbb, 0xcb, 0x33, 0x34, 0x34, 0x33, 0x34, 0x34,
  0x33, 0x34, 0xcb, 0xcb, 0xca, 0xba, 0xcb, 0xbb, 0xcb, 0xcb, 0x33, 0x24, 0x24, 0x33, 0x34, 0x33,
  0x34, 0x34, 0xcb, 0xbb, 0xac, 0xac, 0xbb, 0xbc, 0xbb, 0xbc, 0x43, 0x43, 0x33, 0x43, 0x43, 0x33,
  0x43, 0x43, 0xbb, 0xcb, 0xac, 0xbb, 0xac, 0xac, 0xbb, 0xbc, 0x24, 0x33, 0x34, 0x33, 0x34, 0x34,
  0x33, 0x34, 0xcb, 0xcb, 0xbb, 0xcb, 0xcb, 0xbb, 0xcb, 0xcb, 0x33, 0x43, 0x43, 0x33, 0x24, 0x24,
  0x33, 0x34, 0xac, 0xbb, 0xbc, 0xbb, 0xbc, 0xbc, 0xbb, 0xbc, 0x43, 0x43, 0x33, 0x43, 0x43, 0x33,
  0x43, 0x43, 0xbb, 0xac, 0xac, 0xbb, 0xbc, 0xbb, 0xbc, 0xbc, 0x24, 0x33, 0x34, 0x33, 0x34, 0x34,
  0x33, 0x34, 0xcb, 0xcb, 0xbb, 0xcb, 0xcb, 0xbb, 0xcb, 0x0b, 0x40, 0xed, 0x2e, 0x00, 0x00, 0x01,
  0x24, 0x24, 0x33, 0x34, 0x33, 0x34, 0x34, 0x33, 0xbc, 0xcb, 0xcb, 0xbb, 0xcb, 0xcb, 0xbb, 0xcb,
  0x33, 0x34, 0x34, 0x33, 0x34, 0x34, 0x33, 0x34, 0xcb, 0xcb, 0xca, 0xba, 0xcb, 0xbb, 0xcb, 0xcb,
  0x33, 0x24, 0x24, 0x33, 0x34, 0x33, 0x34, 0x34, 0xcb, 0xbb, 0xac, 0xac, 0xbb, 0xbc, 0xbb, 0xbc,
  0x43, 0x43, 0x33, 0x43, 0x43, 0x33, 0x43, 0x43, 0xbb, 0xcb, 0xac, 0xbb, 0xac, 0xac, 0xbb, 0xbc,
  0x24, 0x33, 0x34, 0x33, 0x34, 0x34, 0x33, 0x34, 0xcb, 0xcb, 0xbb, 0xcb, 0xcb, 0xbb, 0xcb, 0xcb,
  0x33, 0x43, 0x43, 0x33, 0x24, 0x24, 0x33, 0x34, 0xac, 0xbb, 0xbc, 0xbb, 0xbc, 0xbc, 0xbb, 0xbc,
  0x43, 0x43, 0x33, 0x43, 0x43, 0x33, 0x43, 0x43, 0xbb, 0xac, 0xac, 0xbb, 0xbc, 0xbb, 0xbc, 0xbc,
  0x24, 0x33, 0x34, 0x33, 0x34, 0x34, 0x33, 0x34, 0xcb, 0xcb, 0xbb, 0xcb, 0xcb, 0xbb, 0xcb, 0x0b,
  0x40, 0xed, 0x2e, 0x00, 0x00, 0x01, 0x24, 0x24, 0x33, 0x34, 0x33, 0x34, 0x34, 0x33, 0xbc, 0xcb,
  0xcb, 0xbb, 0xcb, 0xcb, 0xbb, 0xcb, 0x33, 0x34, 0x34, 0x33, 0x34, 0x34, 0x33, 0x34, 0xcb, 0xcb,
  0xca, 0xba, 0xcb, 0xbb, 0xcb, 0xcb, 0x33, 0x24, 0x24, 0x33, 0x34, 0x33, 0x34, 0x34, 0xcb, 0xbb,
  0xac, 0xac, 0xbb, 0xbc, 0xbb, 0xbc, 0x43, 0x43, 0x33, 0x43, 0x43, 0x33, 0x43, 0x43, 0xbb, 0xcb,
  0xac, 0xbb, 0xac, 0xac, 0xbb, 0xbc, 0x24, 0x33, 0x34, 0x33, 0x34, 0x34, 0x33, 0x34, 0xcb, 0xcb,
  0xbb, 0xcb, 0xcb, 0xbb, 0xcb, 0xcb, 0x33, 0x43, 0x43, 0x33, 0x24, 0x24, 0x33, 0x34, 0xac, 0xbb,
  0xbc, 0xbb, 0xbc, 0xbc, 0xbb, 0xbc, 0x43, 0x43, 0x33, 0x43, 0x43, 0x33, 0x43, 0x43, 0xbb, 0xac,
  0xac, 0xbb, 0xbc, 0xbb, 0xbc, 0xbc, 0x24, 0x33, 0x34, 0x33, 0x34, 0x34, 0x33, 0x34, 0xcb, 0xcb,
  0xbb, 0xcb, 0xcb, 0xbb, 0xcb, 0x0b, 0x40, 0xed, 0x2e, 0x00, 0x00, 0x01, 0x24, 0x24, 0x33, 0x34,
  0x33, 0x34, 0x34, 0x33, 0xbc, 0xcb, 0xcb, 0xbb, 0xcb, 0xcb, 0xbb, 0xcb, 0x33, 0x34, 0x34, 0x33,
  0x34, 0x34, 0x33, 0x34, 0xcb, 0xcb, 0xca, 0xba, 0xcb, 0xbb, 0xcb, 0xcb, 0x33, 0x24, 0x24, 0x33,
  0x34, 0x33, 0x34, 0x34, 0xcb, 0xbb, 0xac, 0xac, 0xbb, 0xbc, 0xbb, 0xbc, 0x43, 0x43, 0x33, 0x43,
  0x43, 0x33, 0x43, 0x43, 0xbb, 0xcb, 0xac, 0xbb, 0xac, 0xac, 0xbb, 0xbc, 0x24, 0x33, 0x34, 0x33,
  0x34, 0x34, 0x33, 0x34, 0xcb, 0xcb, 0xbb, 0xcb, 0xcb, 0xbb, 0xcb, 0xcb, 0x33, 0x43, 0x43, 0x33,
  0x24, 0x24, 0x33, 0x34, 0xac, 0xbb, 0xbc, 0xbb, 0xbc, 0xbc, 0xbb, 0xbc, 0x43, 0x43, 0x33, 0x43,
  0x43, 0x33, 0x43, 0x43, 0xbb, 0xac, 0xac, 0xbb, 0xbc, 0xbb, 0xbc, 0xbc, 0x24, 0x33, 0x34, 0x33,
  0x34, 0x34, 0x33, 0x34, 0xcb, 0xcb, 0xbb, 0xcb, 0xcb, 0xbb, 0xcb, 0x0b, 0x40, 0xed, 0x2e, 0x00,
  0x00, 0x01, 0x24, 0x24, 0x33, 0x34, 0x33, 0x34, 0x34, 0x33, 0xbc, 0xcb, 0xcb, 0xbb, 0xcb, 0xcb,
  0xbb, 0xcb, 0x33, 0x34, 0x34, 0x33, 0x34, 0x34, 0x33, 0x34, 0xcb, 0xcb, 0xca, 0xba, 0xcb, 0xbb,
  0xcb, 0xcb, 0x33, 0x24, 0x24, 0x33, 0x34, 0x33, 0x34, 0x34, 0xcb, 0xbb, 0xac, 0xac, 0xbb, 0xbc,
  0xbb, 0xbc, 0x43, 0x43, 0x33, 0x43, 0x43, 0x33, 0x43, 0x43, 0xbb, 0xcb, 0xac, 0xbb, 0xac, 0xac,
  0xbb, 0xbc, 0x24, 0x33, 0x34, 0x33, 0x34, 0x34, 0x33, 0x34, 0xcb, 0xcb, 0xbb, 0xcb, 0xcb, 0xbb,
  0xcb, 0xcb, 0x33, 0x43, 0x43, 0x33, 0x24, 0x24, 0x33, 0x34, 0xac, 0xbb, 0xbc, 0xbb, 0xbc, 0xbc,
  0xbb, 0xbc, 0x43, 0x43, 0x33, 0x43, 0x43, 0x33, 0x43, 0x43, 0xbb, 0xac, 0xac, 0xbb, 0xbc, 0xbb,
  0xbc, 0xbc, 0x24, 0x33, 0x34, 0x33, 0x34, 0x34, 0x33, 0x34, 0xcb, 0xcb, 0xbb, 0xcb, 0xcb, 0xbb,
  0xcb, 0x0b, 0x40, 0xed, 0x2e, 0x00, 0x00, 0x01, 0x24, 0x24, 0x33, 0x34, 0x33, 0x34, 0x34, 0x33,
  0xbc, 0xcb, 0xcb, 0xbb, 0xcb, 0xcb, 0xbb, 0xcb, 0x33, 0x34, 0x34, 0x33, 0x34, 0x34, 0x33, 0x34,
  0xcb, 0xcb, 0xca, 0xba, 0xcb, 0xbb, 0xcb, 0xcb, 0x33, 0x24, 0x24, 0x33, 0x34, 0x33, 0x34, 0x34,
  0xcb, 0xbb, 0xac, 0xac, 0xbb, 0xbc, 0xbb, 0xbc, 0x43, 0x43, 0x33, 0x43, 0x43, 0x33, 0x43, 0x43,
  0xbb, 0xcb, 0xac, 0xbb, 0xac, 0xac, 0xbb, 0xbc, 0x24, 0x33, 0x34, 0x33, 0x34, 0x34, 0x33, 0x34,
  0xcb, 0xcb, 0xbb, 0xcb, 0xcb, 0xbb, 0xcb, 0xcb, 0x33, 0x43, 0x43, 0x33, 0x24, 0x24, 0x33, 0x34,
  0xac, 0xbb, 0xbc, 0xbb, 0xbc, 0xbc, 0xbb, 0xbc, 0x43, 0x43, 0x33, 0x43, 0x43, 0x33, 0x43, 0x43,
  0xbb, 0xac, 0xac, 0xbb, 0xbc, 0xbb, 0xbc, 0xbc, 0x24, 0x33, 0x34, 0x33, 0x34, 0x34, 0x33, 0x34,
  0xcb, 0xcb, 0xbb, 0xcb, 0xcb, 0xbb, 0xcb, 0x0b, 0x40, 0xed, 0x2e, 0x00, 0x00, 0x01, 0x24, 0x24,
  0x33, 0x34, 0x33, 0x34, 0x34, 0x33, 0xbc, 0xcb, 0xcb, 0xbb, 0xcb, 0xcb, 0xbb, 0xcb, 0x33, 0x34,
  0x34, 0x33, 0x34, 0x34, 0x33, 0x34, 0xcb, 0xcb, 0xca, 0xba, 0xcb, 0xbb, 0xcb, 0xcb, 0x33, 0x24,
  0x24, 0x33, 0x34, 0x33, 0x34, 0x34, 0xcb, 0xbb, 0xac, 0xac, 0xbb, 0xbc, 0xbb, 0xbc, 0x43, 0x43,
  0x33, 0x43, 0x43, 0x33, 0x43, 0x43, 0xbb, 0xcb, 0xac, 0xbb, 0xac, 0xac, 0xbb, 0xbc, 0x24, 0x33,
  0x34, 0x33, 0x34, 0x34, 0x33, 0x34, 0xcb, 0xcb, 0xbb, 0xcb, 0xcb, 0xbb, 0xcb, 0xcb, 0x33, 0x43,
  0x43, 0x33, 0x24, 0x24, 0x33, 0x34, 0xac, 0xbb, 0xbc, 0xbb, 0xbc, 0xbc, 0xbb, 0xbc, 0x43, 0x43,
  0x33, 0x43, 0x43, 0x33, 0x43, 0x43, 0xbb, 0xac, 0xac, 0xbb, 0xbc, 0xbb, 0xbc, 0xbc, 0x24, 0x33,
  0x34, 0x33, 0x34, 0x34, 0x33, 0x34, 0xcb, 0xcb, 0xbb, 0xcb, 0xcb, 0xbb, 0xcb, 0x0b, 0x40, 0xed,
  0x2e, 0x00, 0x00, 0x01, 0x24, 0x24, 0x33, 0x34, 0x33, 0x34, 0x34, 0x33, 0xbc, 0xcb, 0xcb, 0xbb,
  0xcb, 0xcb, 0xbb, 0xcb, 0x33, 0x34, 0x34, 0x33, 0x34, 0x34, 0x33, 0x34, 0xcb, 0xcb, 0xca, 0xba,
  0xcb, 0xbb, 0xcb, 0xcb, 0x33, 0x24, 0x24, 0x33, 0x34, 0x33, 0x34, 0x34, 0xcb, 0xbb, 0xac, 0xac,
  0xbb, 0xbc, 0xbb, 0xbc, 0x43, 0x43, 0x33, 0x43, 0x43, 0x33, 0x43, 0x43, 0xbb, 0xcb, 0xac, 0xbb,
  0xac, 0xac, 0xbb, 0xbc, 0x24, 0x33, 0x34, 0x33, 0x34, 0x34, 0x33, 0x34, 0xcb, 0xcb, 0xbb, 0xcb,
  0xcb, 0xbb, 0xcb, 0xcb, 0x33, 0x43, 0x43, 0x33, 0x24, 0x24, 0x33, 0x34, 0xac, 0xbb, 0xbc, 0xbb,
  0xbc, 0xbc, 0xbb, 0xbc, 0x43, 0x43, 0x33, 0x43, 0x43, 0x33, 0x43, 0x43, 0xbb, 0xac, 0xac, 0xbb,
  0xbc, 0xbb, 0xbc, 0xbc, 0x24, 0x33, 0x34, 0x33, 0x34, 0x34, 0x33, 0x34, 0xcb, 0xcb, 0xbb, 0xcb,
  0xcb, 0xbb, 0xcb, 0x0b, 0x40, 0xed, 0x2e, 0x00, 0x00, 0x01, 0x24, 0x24, 0x33, 0x34, 0x33, 0x34,
  0x34, 0x33, 0xbc, 0xcb, 0xcb, 0xbb, 0xcb, 0xcb, 0xbb, 0xcb, 0x33, 0x34, 0x34, 0x33, 0x34, 0x34,
  0x33, 0x34, 0xcb, 0xcb, 0xca, 0xba, 0xcb, 0xbb, 0xcb, 0xcb, 0x33, 0x24, 0x24, 0x33, 0x34, 0x33,
  0x34, 0x34, 0xcb, 0xbb, 0xac, 0xac, 0xbb, 0xbc, 0xbb, 0xbc, 0x43, 0x43, 0x33, 0x43, 0x43, 0x33,
  0x43, 0x43, 0xbb, 0xcb, 0xac, 0xbb, 0xac, 0xac, 0xbb, 0xbc, 0x24, 0x33, 0x34, 0x33, 0x34, 0x34,
  0x33, 0x34, 0xcb, 0xcb, 0xbb, 0xcb, 0xcb, 0xbb, 0xcb, 0xcb, 0x33, 0x43, 0x43, 0x33, 0x24, 0x24,
  0x33, 0x34, 0xac, 0xbb, 0xbc, 0xbb, 0xbc, 0xbc, 0xbb, 0xbc, 0x43, 0x43, 0x33, 0x43, 0x43, 0x33,
  0x43, 0x43, 0xbb, 0xac, 0xac, 0xbb, 0xbc, 0xbb, 0xbc, 0xbc, 0x24, 0x33, 0x34, 0x33, 0x34, 0x34,
  0x33, 0x34, 0xcb, 0xcb, 0xbb, 0xcb, 0xcb, 0xbb, 0xcb, 0x0b, 0x40, 0xed, 0x2e, 0x00, 0x00, 0x01,
  0x24, 0x24, 0x33, 0x34, 0x33, 0x34, 0x34, 0x33, 0xbc, 0xcb, 0xcb, 0xbb, 0xcb, 0xcb, 0xbb, 0xcb,
  0x33, 0x34, 0x34, 0x33, 0x34, 0x34, 0x33, 0x34, 0xcb, 0xcb, 0xca, 0xba, 0xcb, 0xbb, 0xcb, 0xcb,
  0x33, 0x24, 0x24, 0x33, 0x34, 0x33, 0x34, 0x34, 0xcb, 0xbb, 0xac, 0xac, 0xbb, 0xbc, 0xbb, 0xbc,
  0x43, 0x43, 0x33, 0x43, 0x43, 0x33, 0x43, 0x43, 0xbb, 0xcb, 0xac, 0xbb, 0xac, 0xac, 0xbb, 0xbc,
  0x24, 0x33, 0x34, 0x33, 0x34, 0x34, 0x33, 0x34, 0xcb, 0xcb, 0xbb, 0xcb, 0xcb, 0xbb, 0xcb, 0xcb,
  0x33, 0x43, 0x43, 0x33, 0x24, 0x24, 0x33, 0x34, 0xac, 0xbb, 0xbc, 0xbb, 0xbc, 0xbc, 0xbb, 0xbc,
  0x43, 0x43, 0x33, 0x43, 0x43, 0x33, 0x43, 0x43, 0xbb, 0xac, 0xac, 0xbb, 0xbc, 0xbb, 0xbc, 0xbc,
  0x24, 0x33, 0x34, 0x33, 0x34, 0x34, 0x33, 0x34, 0xcb, 0xcb, 0xbb, 0xcb, 0xcb, 0xbb, 0xcb, 0x0b,
  0x40, 0xed, 0x2e, 0x00, 0x00, 0x01, 0x24, 0x24, 0x33, 0x34, 0x33, 0x34, 0x34, 0x33, 0xbc, 0xcb,
  0xcb, 0xbb, 0xcb, 0xcb, 0xbb, 0xcb, 0x33, 0x34, 0x34, 0x33, 0x34, 0x34, 0x33, 0x34, 0xcb, 0xcb,
  0xca, 0xba, 0xcb, 0xbb, 0xcb, 0xcb, 0x33, 0x24, 0x24, 0x33, 0x34, 0x33, 0x34, 0x34, 0xcb, 0xbb,
  0xac, 0xac, 0xbb, 0xbc, 0xbb, 0xbc, 0x43, 0x43, 0x33, 0x43, 0x43, 0x33, 0x43, 0x43, 0xbb, 0xcb,
  0xac, 0xbb, 0xac, 0xac, 0xbb, 0xbc, 0x24, 0x33, 0x34, 0x33, 0x34, 0x34, 0x33, 0x34, 0xcb, 0xcb,
  0xbb, 0xcb, 0xcb, 0xbb, 0xcb, 0xcb, 0x33, 0x43, 0x43, 0x33, 0x24, 0x24, 0x33, 0x34, 0xac, 0xbb,
  0xbc, 0xbb, 0xbc, 0xbc, 0xbb, 0xbc, 0x43, 0x43, 0x33, 0x43, 0x43, 0x33, 0x43, 0x43, 0xbb, 0xac,
  0xac, 0xbb, 0xbc, 0xbb, 0xbc, 0xbc, 0x24, 0x33, 0x34, 0x33, 0x34, 0x34, 0x33, 0x34, 0xcb, 0xcb,
  0xbb, 0xcb, 0xcb, 0xbb, 0xcb, 0x0b, 0x40, 0xed, 0x2e, 0x00, 0x00, 0x01, 0x24, 0x24, 0x33, 0x34,
  0x33, 0x34, 0x34, 0x33, 0xbc, 0xcb, 0xcb, 0xbb, 0xcb, 0xcb, 0xbb, 0xcb, 0x33, 0x34, 0x34, 0x33,
  0x34, 0x34, 0x33, 0x34, 0xcb, 0xcb, 0xca, 0xba, 0xcb, 0xbb, 0xcb, 0xcb, 0x33, 0x24, 0x24, 0x33,
  0x34, 0x33, 0x34, 0x34, 0xcb, 0xbb, 0xac, 0xac, 0xbb, 0xbc, 0xbb, 0xbc, 0x43, 0x43, 0x33, 0x43,
  0x43, 0x33, 0x43, 0x43, 0xbb, 0xcb, 0xac, 0xbb, 0xac, 0xac, 0xbb, 0xbc, 0x24, 0x33, 0x34, 0x33,
  0x34, 0x34, 0x33, 0x34, 0xcb, 0xcb, 0xbb, 0xcb, 0xcb, 0xbb, 0xcb, 0xcb, 0x33, 0x43, 0x43, 0x33,
  0x24, 0x24, 0x33, 0x34, 0xac, 0xbb, 0xbc, 0xbb, 0xbc, 0xbc, 0xbb, 0xbc, 0x43, 0x43, 0x33, 0x43,
  0x43, 0x33, 0x43, 0x43, 0xbb, 0xac, 0xac, 0xbb, 0xbc, 0xbb, 0xbc, 0xbc, 0x24, 0x33, 0x34, 0x33,
  0x34, 0x34, 0x33, 0x34, 0xcb, 0xcb, 0xbb, 0xcb, 0xcb, 0xbb, 0xcb, 0x0b, 0x40, 0xed, 0x2e, 0x00,
  0x00, 0x01, 0x24, 0x24, 0x33, 0x34, 0x33, 0x34, 0x34, 0x33, 0xbc, 0xcb, 0xcb, 0xbb, 0xcb, 0xcb,
  0xbb, 0xcb, 0x33, 0x34, 0x34, 0x33, 0x34, 0x34, 0x33, 0x34, 0xcb, 0xcb, 0xca, 0xba, 0xcb, 0xbb,
  0xcb, 0xcb, 0x33, 0x24, 0x24, 0x33, 0x34, 0x33, 0x34, 0x34, 0xcb, 0xbb, 0xac, 0xac, 0xbb, 0xbc,
  0xbb, 0xbc, 0x43, 0x43, 0x33, 0x43, 0x43, 0x33, 0x43, 0x43, 0xbb, 0xcb, 0xac, 0xbb, 0xac, 0xac,
  0xbb, 0xbc, 0x24, 0x33, 0x34, 0x33, 0x34, 0x34, 0x33, 0x34, 0xcb, 0xcb, 0xbb, 0xcb, 0xcb, 0xbb,
  0xcb, 0xcb, 0x33, 0x43, 0x43, 0x33, 0x24, 0x24, 0x33, 0x34, 0xac, 0xbb, 0xbc, 0xbb, 0xbc, 0xbc,
  0xbb, 0xbc, 0x43, 0x43, 0x33, 0x43, 0x43, 0x33, 0x43, 0x43, 0xbb, 0xac, 0xac, 0xbb, 0xbc, 0xbb,
  0xbc, 0xbc, 0x24, 0x33, 0x34, 0x33, 0x34, 0x34, 0x33, 0x34, 0xcb, 0xcb, 0xbb, 0xcb, 0xcb, 0xbb,
  0xcb, 0x0b, 0x40, 0xed, 0x2e, 0x00, 0x00, 0x01, 0x24, 0x24, 0x33, 0x34, 0x33, 0x34, 0x34, 0x33,
  0xbc, 0xcb, 0xcb, 0xbb, 0xcb, 0xcb, 0xbb, 0xcb, 0x33, 0x34, 0x34, 0x33, 0x34, 0x34, 0x33, 0x34,
  0xcb, 0xcb, 0xca, 0xba, 0xcb, 0xbb, 0xcb, 0xcb, 0x33, 0x24, 0x24, 0x33, 0x34, 0x33, 0x34, 0x34,
  0xcb, 0xbb, 0xac, 0xac, 0xbb, 0xbc, 0xbb, 0xbc, 0x43, 0x43, 0x33, 0x43, 0x43, 0x33, 0x43, 0x43,
  0xbb, 0xcb, 0xac, 0xbb, 0xac, 0xac, 0xbb, 0xbc, 0x24, 0x33, 0x34, 0x33, 0x34, 0x34, 0x33, 0x34,
  0xcb, 0xcb, 0xbb, 0xcb, 0xcb, 0xbb, 0xcb, 0xcb, 0x33, 0x43, 0x43, 0x33, 0x24, 0x24, 0x33, 0x34,
  0xac, 0xbb, 0xbc, 0xbb, 0xbc, 0xbc, 0xbb, 0xbc, 0x43, 0x43, 0x33, 0x43, 0x43, 0x33, 0x43, 0x43,
  0xbb, 0xac, 0xac, 0xbb, 0xbc, 0xbb, 0xbc, 0xbc, 0x24, 0x33, 0x34, 0x33, 0x34, 0x34, 0x33, 0x34,
  0xcb, 0xcb, 0xbb, 0xcb, 0xcb, 0xbb, 0xcb, 0x0b, 0x40, 0xed, 0x2e, 0x00, 0x00, 0x01, 0x24, 0x24,
  0x33, 0x34, 0x33, 0x34, 0x34, 0x33, 0xbc, 0xcb, 0xcb, 0xbb, 0xcb, 0xcb, 0xbb, 0xcb, 0x33, 0x34,
  0x34, 0x33, 0x34, 0x34, 0x33, 0x34, 0xcb, 0xcb, 0xca, 0xba, 0xcb, 0xbb, 0xcb, 0xcb, 0x33, 0x24,
  0x24, 0x33, 0x34, 0x33, 0x34, 0x34, 0xcb, 0xbb, 0xac, 0xac, 0xbb, 0xbc, 0xbb, 0xbc, 0x43, 0x43,
  0x33, 0x43, 0x43, 0x33, 0x43, 0x43, 0xbb, 0xcb, 0xac, 0xbb, 0xac, 0xac, 0xbb, 0xbc, 0x24, 0x33,
  0x34, 0x33, 0x34, 0x34, 0x33, 0x34, 0xcb, 0xcb, 0xbb, 0xcb, 0xcb, 0xbb, 0xcb, 0xcb, 0x33, 0x43,
  0x43, 0x33, 0x24, 0x24, 0x33, 0x34, 0xac, 0xbb, 0xbc, 0xbb, 0xbc, 0xbc, 0xbb, 0xbc, 0x43, 0x43,
  0x33, 0x43, 0x43, 0x33, 0x43, 0x43, 0xbb, 0xac, 0xac, 0xbb, 0xbc, 0xbb, 0xbc, 0xbc, 0x24, 0x33,
  0x34, 0x33, 0x34, 0x34, 0x33, 0x34, 0xcb, 0xcb, 0xbb, 0xcb, 0xcb, 0xbb, 0xcb, 0x0b, 0x40, 0xed,
  0x2e, 0x00, 0x00, 0x01, 0x24, 0x24, 0x33, 0x34, 0x33, 0x34, 0x34, 0x33, 0xbc, 0xcb, 0xcb, 0xbb,
  0xcb, 0xcb, 0xbb, 0xcb, 0x33, 0x34, 0x34, 0x33, 0x34, 0x34, 0x33, 0x34, 0xcb, 0xcb, 0xca, 0xba,
  0xcb, 0xbb, 0xcb, 0xcb, 0x33, 0x24, 0x24, 0x33, 0x34, 0x33, 0x34, 0x34, 0xcb, 0xbb, 0xac, 0xac,
  0xbb, 0xbc, 0xbb, 0xbc, 0x43, 0x43, 0x33, 0x43, 0x43, 0x33, 0x43, 0x43, 0xbb, 0xcb, 0xac, 0xbb,
  0xac, 0xac, 0xbb, 0xbc, 0x24, 0x33, 0x34, 0x33, 0x34, 0x34, 0x33, 0x34, 0xcb, 0xcb, 0xbb, 0xcb,
  0xcb, 0xbb, 0xcb, 0xcb, 0x33, 0x43, 0x43, 0x33, 0x24, 0x24, 0x33, 0x34, 0xac, 0xbb, 0xbc, 0xbb,
  0xbc, 0xbc, 0xbb, 0xbc, 0x43, 0x43, 0x33, 0x43, 0x43, 0x33, 0x43, 0x43, 0xbb, 0xac, 0xac, 0xbb,
  0xbc, 0xbb, 0xbc, 0xbc, 0x24, 0x33, 0x34, 0x33, 0x34, 0x34, 0x33, 0x34, 0xcb, 0xcb, 0xbb, 0xcb,
  0xcb, 0xbb, 0xcb, 0x0b, 0x40, 0xed, 0x2e, 0x00, 0x00, 0x01, 0x24, 0x24, 0x33, 0x34, 0x33, 0x34,
  0x34, 0x33, 0xbc, 0xcb, 0xcb, 0xbb, 0xcb, 0xcb, 0xbb, 0xcb, 0x33, 0x34, 0x34, 0x33, 0x34, 0x34,
  0x33, 0x34, 0xcb, 0xcb, 0xca, 0xba, 0xcb, 0xbb, 0xcb, 0xcb, 0x33, 0x24, 0x24, 0x33, 0x34, 0x33,
  0x34, 0x34, 0xcb, 0xbb, 0xac, 0xac, 0xbb, 0xbc, 0xbb, 0xbc, 0x43, 0x43, 0x33, 0x43, 0x43, 0x33,
  0x43, 0x43, 0xbb, 0xcb, 0xac, 0xbb, 0xac, 0xac, 0xbb, 0xbc, 0x24, 0x33, 0x34, 0x33, 0x34, 0x34,
  0x33, 0x34, 0xcb, 0xcb, 0xbb, 0xcb, 0xcb, 0xbb, 0xcb, 0xcb, 0x33, 0x43, 0x43, 0x33, 0x24, 0x24,
  0x33, 0x34, 0xac, 0xbb, 0xbc, 0xbb, 0xbc, 0xbc, 0xbb, 0xbc, 0x43, 0x43, 0x33, 0x43, 0x43, 0x33,
  0x43, 0x43, 0xbb, 0xac, 0xac, 0xbb, 0xbc, 0xbb, 0xbc, 0xbc, 0x24, 0x33, 0x34, 0x33, 0x34, 0x34,
  0x33, 0x34, 0xcb, 0xcb, 0xbb, 0xcb, 0xcb, 0xbb, 0xcb, 0x0b, 0x40, 0xed, 0x2e, 0x00, 0x00, 0x01,
  0x24, 0x24, 0x33, 0x34, 0x33, 0x34, 0x34, 0x33, 0xbc, 0xcb, 0xcb, 0xbb, 0xcb, 0xcb, 0xbb, 0xcb,
  0x33, 0x34, 0x34, 0x33, 0x34, 0x34, 0x33, 0x34, 0xcb, 0xcb, 0xca, 0xba, 0xcb, 0xbb, 0xcb, 0xcb,
  0x33, 0x24, 0x24, 0x33, 0x34, 0x33, 0x34, 0x34, 0xcb, 0xbb, 0xac, 0xac, 0xbb, 0xbc, 0xbb, 0xbc,
  0x43, 0x43, 0x33, 0x43, 0x43, 0x33, 0x43, 0x43, 0xbb, 0xcb, 0xac, 0xbb, 0xac, 0xac, 0xbb, 0xbc,
  0x24, 0x33, 0x34, 0x33, 0x34, 0x34, 0x33, 0x34, 0xcb, 0xcb, 0xbb, 0xcb, 0xcb, 0xbb, 0xcb, 0xcb,
  0x33, 0x43, 0x43, 0x33, 0x24, 0x24, 0x33, 0x34, 0xac, 0xbb, 0xbc, 0xbb, 0xbc, 0xbc, 0xbb, 0xbc,
  0x43, 0x43, 0x33, 0x43, 0x43, 0x33, 0x43, 0x43, 0xbb, 0xac, 0xac, 0xbb, 0xbc, 0xbb, 0xbc, 0xbc,
  0x24, 0x33, 0x34, 0x33, 0x34, 0x34, 0x33, 0x34, 0xcb, 0xcb, 0xbb, 0xcb, 0xcb, 0xbb, 0xcb, 0x0b,
  0x40, 0xed, 0x2e, 0x00, 0x00, 0x01, 0x24, 0x24, 0x33, 0x34, 0x33, 0x34, 0x34, 0x33, 0xbc, 0xcb,
  0xcb, 0xbb, 0xcb, 0xcb, 0xbb, 0xcb, 0x33, 0x34, 0x34, 0x33, 0x34, 0x34, 0x33, 0x34, 0xcb, 0xcb,
  0xca, 0xba, 0xcb, 0xbb, 0xcb, 0xcb, 0x33, 0x24, 0x24, 0x33, 0x34, 0x33, 0x34, 0x34, 0xcb, 0xbb,
  0xac, 0xac, 0xbb, 0xbc, 0xbb, 0xbc, 0x43, 0x43, 0x33, 0x43, 0x43, 0x33, 0x43, 0x43, 0xbb, 0xcb,
  0xac, 0xbb, 0xac, 0xac, 0xbb, 0xbc, 0x24, 0x33, 0x34, 0x33, 0x34, 0x34, 0x33, 0x34, 0xcb, 0xcb,
  0xbb, 0xcb, 0xcb, 0xbb, 0xcb, 0xcb, 0x33, 0x43, 0x43, 0x33, 0x24, 0x24, 0x33, 0x34, 0xac, 0xbb,
  0xbc, 0xbb, 0xbc, 0xbc, 0xbb, 0xbc, 0x43, 0x43, 0x33, 0x43, 0x43, 0x33, 0x43, 0x43, 0xbb, 0xac,
  0xac, 0xbb, 0xbc, 0xbb, 0xbc, 0xbc, 0x24, 0x33, 0x34, 0x33, 0x34, 0x34, 0x33, 0x34, 0xcb, 0xcb,
  0xbb, 0xcb, 0xcb, 0xbb, 0xcb, 0x0b, 0x40, 0xed, 0x2e, 0x00, 0x00, 0x01, 0x24, 0x24, 0x33, 0x34,
  0x33, 0x34, 0x34, 0x33, 0xbc, 0xcb, 0xcb, 0xbb, 0xcb, 0xcb, 0xbb, 0xcb, 0x33, 0x34, 0x34, 0x33,
  0x34, 0x34, 0x33, 0x34, 0xcb, 0xcb, 0xca, 0xba, 0xcb, 0xbb, 0xcb, 0xcb, 0x33, 0x24, 0x24, 0x33,
  0x34, 0x33, 0x34, 0x34, 0xcb, 0xbb, 0xac, 0xac, 0xbb, 0xbc, 0xbb, 0xbc, 0x43, 0x43, 0x33, 0x43,
  0x43, 0x33, 0x43, 0x43, 0xbb, 0xcb, 0xac, 0xbb, 0xac, 0xac, 0xbb, 0xbc, 0x24, 0x33, 0x34, 0x33,
  0x34, 0x34, 0x33, 0x34, 0xcb, 0xcb, 0xbb, 0xcb, 0xcb, 0xbb, 0xcb, 0xcb, 0x33, 0x43, 0x43, 0x33,
  0x24, 0x24, 0x33, 0x34, 0xac, 0xbb, 0xbc, 0xbb, 0xbc, 0xbc, 0xbb, 0xbc, 0x43, 0x43, 0x33, 0x43,
  0x43, 0x33, 0x43, 0x43, 0xbb, 0xac, 0xac, 0xbb, 0xbc, 0xbb, 0xbc, 0xbc, 0x24, 0x33, 0x34, 0x33,
  0x34, 0x34, 0x33, 0x34, 0xcb, 0xcb, 0xbb, 0xcb, 0xcb, 0xbb, 0xcb, 0x0b, 0x40, 0xed, 0x2e, 0x00,
  0x00, 0x01, 0x24, 0x24, 0x33, 0x34, 0x33, 0x34, 0x34, 0x33, 0xbc, 0xcb, 0xcb, 0xbb, 0xcb, 0xcb,
  0xbb, 0xcb, 0x33, 0x34, 0x34, 0x33, 0x34, 0x34, 0x33, 0x34, 0xcb, 0xcb, 0xca, 0xba, 0xcb, 0xbb,
  0xcb, 0xcb, 0x33, 0x24, 0x24, 0x33, 0x34, 0x33, 0x34, 0x34, 0xcb, 0xbb, 0xac, 0xac, 0xbb, 0xbc,
  0xbb, 0xbc, 0x43, 0x43, 0x33, 0x43, 0x43, 0x33, 0x43, 0x43, 0xbb, 0xcb, 0xac, 0xbb, 0xac, 0xac,
  0xbb, 0xbc, 0x24, 0x33, 0x34, 0x33, 0x34, 0x34, 0x33, 0x34, 0xcb, 0xcb, 0xbb, 0xcb, 0xcb, 0xbb,
  0xcb, 0xcb, 0x33, 0x43, 0x43, 0x33, 0x24, 0x24, 0x33, 0x34, 0xac, 0xbb, 0xbc, 0xbb, 0xbc, 0xbc,
  0xbb, 0xbc, 0x43, 0x43, 0x33, 0x43, 0x43, 0x33, 0x43, 0x43, 0xbb, 0xac, 0xac, 0xbb, 0xbc, 0xbb,
  0xbc, 0xbc, 0x24, 0x33, 0x34, 0x33, 0x34, 0x34, 0x33, 0x34, 0xcb, 0xcb, 0xbb, 0xcb, 0xcb, 0xbb,
  0xcb, 0x0b, 0x40, 0xed, 0x2e, 0x00, 0x00, 0x01, 0x24, 0x24, 0x33, 0x34, 0x33, 0x34, 0x34, 0x33,
  0xbc, 0xcb, 0xcb, 0xbb, 0xcb, 0xcb, 0xbb, 0xcb, 0x33, 0x34, 0x34, 0x33, 0x34, 0x34, 0x33, 0x34,
  0xcb, 0xcb, 0xca, 0xba, 0xcb, 0xbb, 0xcb, 0xcb, 0x33, 0x24, 0x24, 0x33, 0x34, 0x33, 0x34, 0x34,
  0xcb, 0xbb, 0xac, 0xac, 0xbb, 0xbc, 0xbb, 0xbc, 0x43, 0x43, 0x33, 0x43, 0x43, 0x33, 0x43, 0x43,
  0xbb, 0xcb, 0xac, 0xbb, 0xac, 0xac, 0xbb, 0xbc, 0x24, 0x33, 0x34, 0x33, 0x34, 0x34, 0x33, 0x34,
  0xcb, 0xcb, 0xbb, 0xcb, 0xcb, 0xbb, 0xcb, 0xcb, 0x33, 0x43, 0x43, 0x33, 0x24, 0x24, 0x33, 0x34,
  0xac, 0xbb, 0xbc, 0xbb, 0xbc, 0xbc, 0xbb, 0xbc, 0x43, 0x43, 0x33, 0x43, 0x43, 0x33, 0x43, 0x43,
  0xbb, 0xac, 0xac, 0xbb, 0xbc, 0xbb, 0xbc, 0xbc, 0x24, 0x33, 0x34, 0x33, 0x34, 0x34, 0x33, 0x34,
  0xcb, 0xcb, 0xbb, 0xcb, 0xcb, 0xbb, 0xcb, 0x0b, 0x40, 0xed, 0x2e, 0x00, 0x00, 0x01, 0x24, 0x24,
  0x33, 0x34, 0x33, 0x34, 0x34, 0x33, 0xbc, 0xcb, 0xcb, 0xbb, 0xcb, 0xcb, 0xbb, 0xcb, 0x33, 0x34,
  0x34, 0x33, 0x34, 0x34, 0x33, 0x34, 0xcb, 0xcb, 0xca, 0xba, 0xcb, 0xbb, 0xcb, 0xcb, 0x33, 0x24,
  0x24, 0x33, 0x34, 0x33, 0x34, 0x34, 0xcb, 0xbb, 0xac, 0xac, 0xbb, 0xbc, 0xbb, 0xbc, 0x43, 0x43,
  0x33, 0x43, 0x43, 0x33, 0x43, 0x43, 0xbb, 0xcb, 0xac, 0xbb, 0xac, 0xac, 0xbb, 0xbc, 0x24, 0x33,
  0x34, 0x33, 0x34, 0x34, 0x33, 0x34, 0xcb, 0xcb, 0xbb, 0xcb, 0xcb, 0xbb, 0xcb, 0xcb, 0x33, 0x43,
  0x43, 0x33, 0x24, 0x24, 0x33, 0x34, 0xac, 0xbb, 0xbc, 0xbb, 0xbc, 0xbc, 0xbb, 0xbc, 0x43, 0x43,
  0x33, 0x43, 0x43, 0x33, 0x43, 0x43, 0xbb, 0xac, 0xac, 0xbb, 0xbc, 0xbb, 0xbc, 0xbc, 0x24, 0x33,
  0x34, 0x33, 0x34, 0x34, 0x33, 0x34, 0xcb, 0xcb, 0xbb, 0xcb, 0xcb, 0xbb, 0xcb, 0x0b, 0x40, 0xed,
  0x2e, 0x00, 0x00, 0x01, 0x24, 0x24, 0x33, 0x34, 0x33, 0x34, 0x34, 0x33, 0xbc, 0xcb, 0xcb, 0xbb,
  0xcb, 0xcb, 0xbb, 0xcb, 0x33, 0x34, 0x34, 0x33, 0x34, 0x34, 0x33, 0x34, 0xcb, 0xcb, 0xca, 0xba,
  0xcb, 0xbb, 0xcb, 0xcb, 0x33, 0x24, 0x24, 0x33, 0x34, 0x33, 0x34, 0x34, 0xcb, 0xbb, 0xac, 0xac,
  0xbb, 0xbc, 0xbb, 0xbc, 0x43, 0x43, 0x33, 0x43, 0x43, 0x33, 0x43, 0x43, 0xbb, 0xcb, 0xac, 0xbb,
  0xac, 0xac, 0xbb, 0xbc, 0x24, 0x33, 0x34, 0x33, 0x34, 0x34, 0x33, 0x34, 0xcb, 0xcb, 0xbb, 0xcb,
  0xcb, 0xbb, 0xcb, 0xcb, 0x33, 0x43, 0x43, 0x33, 0x24, 0x24, 0x33, 0x34, 0xac, 0xbb, 0xbc, 0xbb,
  0xbc, 0xbc, 0xbb, 0xbc, 0x43, 0x43, 0x33, 0x43, 0x43, 0x33, 0x43, 0x43, 0xbb, 0xac, 0xac, 0xbb,
  0xbc, 0xbb, 0xbc, 0xbc, 0x24, 0x33, 0x34, 0x33, 0x34, 0x34, 0x33, 0x34, 0xcb, 0xcb, 0xbb, 0xcb,
  0xcb, 0xbb, 0xcb, 0x0b, 0x40, 0xed, 0x2e, 0x00, 0x00, 0x01, 0x24, 0x24, 0x33, 0x34, 0x33, 0x34,
  0x34, 0x33, 0xbc, 0xcb, 0xcb, 0xbb, 0xcb, 0xcb, 0xbb, 0xcb, 0x33, 0x34, 0x34, 0x33, 0x34, 0x34,
  0x33, 0x34, 0xcb, 0xcb, 0xca, 0xba, 0xcb, 0xbb, 0xcb, 0xcb, 0x33, 0x24, 0x24, 0x33, 0x34, 0x33,
  0x34, 0x34, 0xcb, 0xbb, 0xac, 0xac, 0xbb, 0xbc, 0xbb, 0xbc, 0x43, 0x43, 0x33, 0x43, 0x43, 0x33,
  0x43, 0x43, 0xbb, 0xcb, 0xac, 0xbb, 0xac, 0xac, 0xbb, 0xbc, 0x24, 0x33, 0x34, 0x33, 0x34, 0x34,
  0x33, 0x34, 0xcb, 0xcb, 0xbb, 0xcb, 0xcb, 0xbb, 0xcb, 0xcb, 0x33, 0x43, 0x43, 0x33, 0x24, 0x24,
  0x33, 0x34, 0xac, 0xbb, 0xbc, 0xbb, 0xbc, 0xbc, 0xbb, 0xbc, 0x43, 0x43, 0x33, 0x43, 0x43, 0x33,
  0x43, 0x43, 0xbb, 0xac, 0xac, 0xbb, 0xbc, 0xbb, 0xbc, 0xbc, 0x24, 0x33, 0x34, 0x33, 0x34, 0x34,
  0x33, 0x34, 0xcb, 0xcb, 0xbb, 0xcb, 0xcb, 0xbb, 0xcb, 0x0b, 0x40, 0xed, 0x2e, 0x00, 0x00, 0x01,
  0x24, 0x24, 0x33, 0x34, 0x33, 0x34, 0x34, 0x33, 0xbc, 0xcb, 0xcb, 0xbb, 0xcb, 0xcb, 0xbb, 0xcb,
  0x33, 0x34, 0x34, 0x33, 0x34, 0x34, 0x33, 0x34, 0xcb, 0xcb, 0xca, 0xba, 0xcb, 0xbb, 0xcb, 0xcb,
  0x33, 0x24, 0x24, 0x33, 0x34, 0x33, 0x34, 0x34, 0xcb, 0xbb, 0xac, 0xac, 0xbb, 0xbc, 0xbb, 0xbc,
  0x43, 0x43, 0x33, 0x43, 0x43, 0x33, 0x43, 0x43, 0xbb, 0xcb, 0xac, 0xbb, 0xac, 0xac, 0xbb, 0xbc,
  0x24, 0x33, 0x34, 0x33, 0x34, 0x34, 0x33, 0x34, 0xcb, 0xcb, 0xbb, 0xcb, 0xcb, 0xbb, 0xcb, 0xcb,
  0x33, 0x43, 0x43, 0x33, 0x24, 0x24, 0x33, 0x34, 0xac, 0xbb, 0xbc, 0xbb, 0xbc, 0xbc, 0xbb, 0xbc,
  0x43, 0x43, 0x33, 0x43, 0x43, 0x33, 0x43, 0x43, 0xbb, 0xac, 0xac, 0xbb, 0xbc, 0xbb, 0xbc, 0xbc,
  0x24, 0x33, 0x34, 0x33, 0x34, 0x34, 0x33, 0x34, 0xcb, 0xcb, 0xbb, 0xcb, 0xcb, 0xbb, 0xcb, 0x0b,
  0x40, 0xed, 0x2e, 0x00, 0x00, 0x01, 0x24, 0x24, 0x33, 0x34, 0x33, 0x34, 0x34, 0x33, 0xbc, 0xcb,
  0xcb, 0xbb, 0xcb, 0xcb, 0xbb, 0xcb, 0x33, 0x34, 0x34, 0x33, 0x34, 0x34, 0x33, 0x34, 0xcb, 0xcb,
  0xca, 0xba, 0xcb, 0xbb, 0xcb, 0xcb, 0x33, 0x24, 0x24, 0x33, 0x34, 0x33, 0x34, 0x34, 0xcb, 0xbb,
  0xac, 0xac, 0xbb, 0xbc, 0xbb, 0xbc, 0x43, 0x43, 0x33, 0x43, 0x43, 0x33, 0x43, 0x43, 0xbb, 0xcb,
  0xac, 0xbb, 0xac, 0xac, 0xbb, 0xbc, 0x24, 0x33, 0x34, 0x33, 0x34, 0x34, 0x33, 0x34, 0xcb, 0xcb,
  0xbb, 0xcb, 0xcb, 0xbb, 0xcb, 0xcb, 0x33, 0x43, 0x43, 0x33, 0x24, 0x24, 0x33, 0x34, 0xac, 0xbb,
  0xbc, 0xbb, 0xbc, 0xbc, 0xbb, 0xbc, 0x43, 0x43, 0x33, 0x43, 0x43, 0x33, 0x43, 0x43, 0xbb, 0xac,
  0xac, 0xbb, 0xbc, 0xbb, 0xbc, 0xbc, 0x24, 0x33, 0x34, 0x33, 0x34, 0x34, 0x33, 0x34, 0xcb, 0xcb,
  0xbb, 0xcb, 0xcb, 0xbb, 0xcb, 0x0b, 0x40, 0xed, 0x2e, 0x00, 0x00, 0x01, 0x24, 0x24, 0x33, 0x34,
  0x33, 0x34, 0x34, 0x33, 0xbc, 0xcb, 0xcb, 0xbb, 0xcb, 0xcb, 0xbb, 0xcb, 0x33, 0x34, 0x34, 0x33,
  0x34, 0x34, 0x33, 0x34, 0xcb, 0xcb, 0xca, 0xba, 0xcb, 0xbb, 0xcb, 0xcb, 0x33, 0x24, 0x24, 0x33,
  0x34, 0x33, 0x34, 0x34, 0xcb, 0xbb, 0xac, 0xac, 0xbb, 0xbc, 0xbb, 0xbc, 0x43, 0x43, 0x33, 0x43,
  0x43, 0x33, 0x43, 0x43, 0xbb, 0xcb, 0xac, 0xbb, 0xac, 0xac, 0xbb, 0xbc, 0x24, 0x33, 0x34, 0x33,
  0x34, 0x34, 0x33, 0x34, 0xcb, 0xcb, 0xbb, 0xcb, 0xcb, 0xbb, 0xcb, 0xcb, 0x33, 0x43, 0x43, 0x33,
  0x24, 0x24, 0x33, 0x34, 0xac, 0xbb, 0xbc, 0xbb, 0xbc, 0xbc, 0xbb, 0xbc, 0x43, 0x43, 0x33, 0x43,
  0x43, 0x33, 0x43, 0x43, 0xbb, 0xac, 0xac, 0xbb, 0xbc, 0xbb, 0xbc, 0xbc, 0x24, 0x33, 0x34, 0x33,
  0x34, 0x34, 0x33, 0x34, 0xcb, 0xcb, 0xbb, 0xcb, 0xcb, 0xbb, 0xcb, 0x0b, 0x40, 0xed, 0x2e, 0x00,
  0x00, 0x01, 0x24, 0x24, 0x33, 0x34, 0x33, 0x34, 0x34, 0x33, 0xbc, 0xcb, 0xcb, 0xbb, 0xcb, 0xcb,
  0xbb, 0xcb, 0x33, 0x34, 0x34, 0x33, 0x34, 0x34, 0x33, 0x34, 0xcb, 0xcb, 0xca, 0xba, 0xcb, 0xbb,
  0xcb, 0xcb, 0x33, 0x24, 0x24, 0x33, 0x34, 0x33, 0x34, 0x34, 0xcb, 0xbb, 0xac, 0xac, 0xbb, 0xbc,
  0xbb, 0xbc, 0x43, 0x43, 0x33, 0x43, 0x43, 0x33, 0x43, 0x43, 0xbb, 0xcb, 0xac, 0xbb, 0xac, 0xac,
  0xbb, 0xbc, 0x24, 0x33, 0x34, 0x33, 0x34, 0x34, 0x33, 0x34, 0xcb, 0xcb, 0xbb, 0xcb, 0xcb, 0xbb,
  0xcb, 0xcb, 0x33, 0x43, 0x43, 0x33, 0x24, 0x24, 0x33, 0x34, 0xac, 0xbb, 0xbc, 0xbb, 0xbc, 0xbc,
  0xbb, 0xbc, 0x43, 0x43, 0x33, 0x43, 0x43, 0x33, 0x43, 0x43, 0xbb, 0xac, 0xac, 0xbb, 0xbc, 0xbb,
  0xbc, 0xbc, 0x24, 0x33, 0x34, 0x33, 0x34, 0x34, 0x33, 0x34, 0xcb, 0xcb, 0xbb, 0xcb, 0xcb, 0xbb,
  0xcb, 0x0b, 0x40, 0xed, 0x2e, 0x00, 0x00, 0x01, 0x24, 0x24, 0x33, 0x34, 0x33, 0x34, 0x34, 0x33,
  0xbc, 0xcb, 0xcb, 0xbb, 0xcb, 0xcb, 0xbb, 0xcb, 0x33, 0x34, 0x34, 0x33, 0x34, 0x34, 0x33, 0x34,
  0xcb, 0xcb, 0xca, 0xba, 0xcb, 0xbb, 0xcb, 0xcb, 0x33, 0x24, 0x24, 0x33, 0x34, 0x33, 0x34, 0x34,
  0xcb, 0xbb, 0xac, 0xac, 0xbb, 0xbc, 0xbb, 0xbc, 0x43, 0x43, 0x33, 0x43, 0x43, 0x33, 0x43, 0x43,
  0xbb, 0xcb, 0xac, 0xbb, 0xac, 0xac, 0xbb, 0xbc, 0x24, 0x33, 0x34, 0x33, 0x34, 0x34, 0x33, 0x34,
  0xcb, 0xcb, 0xbb, 0xcb, 0xcb, 0xbb, 0xcb, 0xcb, 0x33, 0x43, 0x43, 0x33, 0x24, 0x24, 0x33, 0x34,
  0xac, 0xbb, 0xbc, 0xbb, 0xbc, 0xbc, 0xbb, 0xbc, 0x43, 0x43, 0x33, 0x43, 0x43, 0x33, 0x43, 0x43,
  0xbb, 0xac, 0xac, 0xbb, 0xbc, 0xbb, 0xbc, 0xbc, 0x24, 0x33, 0x34, 0x33, 0x34, 0x34, 0x33, 0x34,
  0xcb, 0xcb, 0xbb, 0xcb, 0xcb, 0xbb, 0xcb, 0x0b, 0x40, 0xed, 0x2e, 0x00, 0x00, 0x01, 0x24, 0x24,
  0x33, 0x34, 0x33, 0x34, 0x34, 0x33, 0xbc, 0xcb, 0xcb, 0xbb, 0xcb, 0xcb, 0xbb, 0xcb, 0x33, 0x34,
  0x34, 0x33, 0x34, 0x34, 0x33, 0x34, 0xcb, 0xcb, 0xca, 0xba, 0xcb, 0xbb, 0xcb, 0xcb, 0x33, 0x24,
  0x24, 0x33, 0x34, 0x33, 0x34, 0x34, 0xcb, 0xbb, 0xac, 0xac, 0xbb, 0xbc, 0xbb, 0xbc, 0x43, 0x43,
  0x33, 0x43, 0x43, 0x33, 0x43, 0x43, 0xbb, 0xcb, 0xac, 0xbb, 0xac, 0xac, 0xbb, 0xbc, 0x24, 0x33,
  0x34, 0x33, 0x34, 0x34, 0x33, 0x34, 0xcb, 0xcb, 0xbb, 0xcb, 0xcb, 0xbb, 0xcb, 0xcb, 0x33, 0x43,
  0x43, 0x33, 0x24, 0x24, 0x33, 0x34, 0xac, 0xbb, 0xbc, 0xbb, 0xbc, 0xbc, 0xbb, 0xbc, 0x43, 0x43,
  0x33, 0x43, 0x43, 0x33, 0x43, 0x43, 0xbb, 0xac, 0xac, 0xbb, 0xbc, 0xbb, 0xbc, 0xbc, 0x24, 0x33,
  0x34, 0x33, 0x34, 0x34, 0x33, 0x34, 0xcb, 0xcb, 0xbb, 0xcb, 0xcb, 0xbb, 0xcb, 0x0b, 0x40, 0xed,
  0x2e, 0x00, 0x00, 0x01, 0x24, 0x24, 0x33, 0x34, 0x33, 0x34, 0x34, 0x33, 0xbc, 0xcb, 0xcb, 0xbb,
  0xcb, 0xcb, 0xbb, 0xcb, 0x33, 0x34, 0x34, 0x33, 0x34, 0x34, 0x33, 0x34, 0xcb, 0xcb, 0xca, 0xba,
  0xcb, 0xbb, 0xcb, 0xcb, 0x33, 0x24, 0x24, 0x33, 0x34, 0x33, 0x34, 0x34, 0xcb, 0xbb, 0xac, 0xac,
  0xbb, 0xbc, 0xbb, 0xbc, 0x43, 0x43, 0x33, 0x43, 0x43, 0x33, 0x43, 0x43, 0xbb, 0xcb, 0xac, 0xbb,
  0xac, 0xac, 0xbb, 0xbc, 0x24, 0x33, 0x34, 0x33, 0x34, 0x34, 0x33, 0x34, 0xcb, 0xcb, 0xbb, 0xcb,
  0xcb, 0xbb, 0xcb, 0xcb, 0x33, 0x43, 0x43, 0x33, 0x24, 0x24, 0x33, 0x34, 0xac, 0xbb, 0xbc, 0xbb,
  0xbc, 0xbc, 0xbb, 0xbc, 0x43, 0x43, 0x33, 0x43, 0x43, 0x33, 0x43, 0x43, 0xbb, 0xac, 0xac, 0xbb,
  0xbc, 0xbb, 0xbc, 0xbc, 0x24, 0x33, 0x34, 0x33, 0x34, 0x34, 0x33, 0x34, 0xcb, 0xcb, 0xbb, 0xcb,
  0xcb, 0xbb, 0xcb, 0x0b, 0x40, 0xed, 0x2e, 0x00, 0x00, 0x01, 0x24, 0x24, 0x33, 0x34, 0x33, 0x34,
  0x34, 0x33, 0xbc, 0xcb, 0xcb, 0xbb, 0xcb, 0xcb, 0xbb, 0xcb, 0x33, 0x34, 0x34, 0x33, 0x34, 0x34,
  0x33, 0x34, 0xcb, 0xcb, 0xca, 0xba, 0xcb, 0xbb, 0xcb, 0xcb, 0x33, 0x24, 0x24, 0x33, 0x34, 0x33,
  0x34, 0x34, 0xcb, 0xbb, 0xac, 0xac, 0xbb, 0xbc, 0xbb, 0xbc, 0x43, 0x43, 0x33, 0x43, 0x43, 0x33,
  0x43, 0x43, 0xbb, 0xcb, 0xac, 0xbb, 0xac, 0xac, 0xbb, 0xbc, 0x24, 0x33, 0x34, 0x33, 0x34, 0x34,
  0x33, 0x34, 0xcb, 0xcb, 0xbb, 0xcb, 0xcb, 0xbb, 0xcb, 0xcb, 0x33, 0x43, 0x43, 0x33, 0x24, 0x24,
  0x33, 0x34, 0xac, 0xbb, 0xbc, 0xbb, 0xbc, 0xbc, 0xbb, 0xbc, 0x43, 0x43, 0x33, 0x43, 0x43, 0x33,
  0x43, 0x43, 0xbb, 0xac, 0xac, 0xbb, 0xbc, 0xbb, 0xbc, 0xbc, 0x24, 0x33, 0x34, 0x33, 0x34, 0x34,
  0x33, 0x34, 0xcb, 0xcb, 0xbb, 0xcb, 0xcb, 0xbb, 0xcb, 0x0b, 0x40, 0xed, 0x2e, 0x00, 0x00, 0x01,
  0x24, 0x24, 0x33, 0x34, 0x33, 0x34, 0x34, 0x33, 0xbc, 0xcb, 0xcb, 0xbb, 0xcb, 0xcb, 0xbb, 0xcb,
  0x33, 0x34, 0x34, 0x33, 0x34, 0x34, 0x33, 0x34, 0xcb, 0xcb, 0xca, 0xba, 0xcb, 0xbb, 0xcb, 0xcb,
  0x33, 0x24, 0x24, 0x33, 0x34, 0x33, 0x34, 0x34, 0xcb, 0xbb, 0xac, 0xac, 0xbb, 0xbc, 0xbb, 0xbc,
  0x43, 0x43, 0x33, 0x43, 0x43, 0x33, 0x43, 0x43, 0xbb, 0xcb, 0xac, 0xbb, 0xac, 0xac, 0xbb, 0xbc,
  0x24, 0x33, 0x34, 0x33, 0x34, 0x34, 0x33, 0x34, 0xcb, 0xcb, 0xbb, 0xcb, 0xcb, 0xbb, 0xcb, 0xcb,
  0x33, 0x43, 0x43, 0x33, 0x24, 0x24, 0x33, 0x34, 0xac, 0xbb, 0xbc, 0xbb, 0xbc, 0xbc, 0xbb, 0xbc,
  0x43, 0x43, 0x33, 0x43, 0x43, 0x33, 0x43, 0x43, 0xbb, 0xac, 0xac, 0xbb, 0xbc, 0xbb, 0xbc, 0xbc,
  0x24, 0x33, 0x34, 0x33, 0x34, 0x34, 0x33, 0x34, 0xcb, 0xcb, 0xbb, 0xcb, 0xcb, 0xbb, 0xcb, 0x0b,
  0x40, 0xed, 0x2e, 0x00, 0x00, 0x01, 0x24, 0x24, 0x33, 0x34, 0x33, 0x34, 0x34, 0x33, 0xbc, 0xcb,
  0xcb, 0xbb, 0xcb, 0xcb, 0xbb, 0xcb, 0x33, 0x34, 0x34, 0x33, 0x34, 0x34, 0x33, 0x34, 0xcb, 0xcb,
  0xca, 0xba, 0xcb, 0xbb, 0xcb, 0xcb, 0x33, 0x24, 0x24, 0x33, 0x34, 0x33, 0x34, 0x34, 0xcb, 0xbb,
  0xac, 0xac, 0xbb, 0xbc, 0xbb, 0xbc, 0x43, 0x43, 0x33, 0x43, 0x43, 0x33, 0x43, 0x43, 0xbb, 0xcb,
  0xac, 0xbb, 0xac, 0xac, 0xbb, 0xbc, 0x24, 0x33, 0x34, 0x33, 0x34, 0x34, 0x33, 0x34, 0xcb, 0xcb,
  0xbb, 0xcb, 0xcb, 0xbb, 0xcb, 0xcb, 0x33, 0x43, 0x43, 0x33, 0x24, 0x24, 0x33, 0x34, 0xac, 0xbb,
  0xbc, 0xbb, 0xbc, 0xbc, 0xbb, 0xbc, 0x43, 0x43, 0x33, 0x43, 0x43, 0x33, 0x43, 0x43, 0xbb, 0xac,
  0xac, 0xbb, 0xbc, 0xbb, 0xbc, 0xbc, 0x24, 0x33, 0x34, 0x33, 0x34, 0x34, 0x33, 0x34, 0xcb, 0xcb,
  0xbb, 0xcb, 0xcb, 0xbb, 0xcb, 0x0b, 0x40, 0xed, 0x2e, 0x00, 0x00, 0x01, 0x24, 0x24, 0x33, 0x34,
  0x33, 0x34, 0x34, 0x33, 0xbc, 0xcb, 0xcb, 0xbb, 0xcb, 0xcb, 0xbb, 0xcb, 0x33, 0x34, 0x34, 0x33,
  0x34, 0x34, 0x33, 0x34, 0xcb, 0xcb, 0xca, 0xba, 0xcb, 0xbb, 0xcb, 0xcb, 0x33, 0x24, 0x24, 0x33,
  0x34, 0x33, 0x34, 0x34, 0xcb, 0xbb, 0xac, 0xac, 0xbb, 0xbc, 0xbb, 0xbc, 0x43, 0x43, 0x33, 0x43,
  0x43, 0x33, 0x43, 0x43, 0xbb, 0xcb, 0xac, 0xbb, 0xac, 0xac, 0xbb, 0xbc, 0x24, 0x33, 0x34, 0x33,
  0x34, 0x34, 0x33, 0x34, 0xcb, 0xcb, 0xbb, 0xcb, 0xcb, 0xbb, 0xcb, 0xcb, 0x33, 0x43, 0x43, 0x33,
  0x24, 0x24, 0x33, 0x34, 0xac, 0xbb, 0xbc, 0xbb, 0xbc, 0xbc, 0xbb, 0xbc, 0x43, 0x43, 0x33, 0x43,
  0x43, 0x33, 0x43, 0x43, 0xbb, 0xac, 0xac, 0xbb, 0xbc, 0xbb, 0xbc, 0xbc, 0x24, 0x33, 0x34, 0x33,
  0x34, 0x34, 0x33, 0x34, 0xcb, 0xcb, 0xbb, 0xcb, 0xcb, 0xbb, 0xcb, 0x0b, 0x40, 0xed, 0x2e, 0x00,
  0x00, 0x01, 0x24, 0x24, 0x33, 0x34, 0x33, 0x34, 0x34, 0x33, 0xbc, 0xcb, 0xcb, 0xbb, 0xcb, 0xcb,
  0xbb, 0xcb, 0x33, 0x34, 0x34, 0x33, 0x34, 0x34, 0x33, 0x34, 0xcb, 0xcb, 0xca, 0xba, 0xcb, 0xbb,
  0xcb, 0xcb, 0x33, 0x24, 0x24, 0x33, 0x34, 0x33, 0x34, 0x34, 0xcb, 0xbb, 0xac, 0xac, 0xbb, 0xbc,
  0xbb, 0xbc, 0x43, 0x43, 0x33, 0x43, 0x43, 0x33, 0x43, 0x43, 0xbb, 0xcb, 0xac, 0xbb, 0xac, 0xac,
  0xbb, 0xbc, 0x24, 0x33, 0x34, 0x33, 0x34, 0x34, 0x33, 0x34, 0xcb, 0xcb, 0xbb, 0xcb, 0xcb, 0xbb,
  0xcb, 0xcb, 0x33, 0x43, 0x43, 0x33, 0x24, 0x24, 0x33, 0x34, 0xac, 0xbb, 0xbc, 0xbb, 0xbc, 0xbc,
  0xbb, 0xbc, 0x43, 0x43, 0x33, 0x43, 0x43, 0x33, 0x43, 0x43, 0xbb, 0xac, 0xac, 0xbb, 0xbc, 0xbb,
  0xbc, 0xbc, 0x24, 0x33, 0x34, 0x33, 0x34, 0x34, 0x33, 0x34, 0xcb, 0xcb, 0xbb, 0xcb, 0xcb, 0xbb,
  0xcb, 0x0b, 0x40, 0xed, 0x2e, 0x00, 0x00, 0x01, 0x24, 0x24, 0x33, 0x34, 0x33, 0x34, 0x34, 0x33,
  0xbc, 0xcb, 0xcb, 0xbb, 0xcb, 0xcb, 0xbb, 0xcb, 0x33, 0x34, 0x34, 0x33, 0x34, 0x34, 0x33, 0x34,
  0xcb, 0xcb, 0xca, 0xba, 0xcb, 0xbb, 0xcb, 0xcb, 0x33, 0x24, 0x24, 0x33, 0x34, 0x33, 0x34, 0x34,
  0xcb, 0xbb, 0xac, 0xac, 0xbb, 0xbc, 0xbb, 0xbc, 0x43, 0x43, 0x33, 0x43, 0x43, 0x33, 0x43, 0x43,
  0xbb, 0xcb, 0xac, 0xbb, 0xac, 0xac, 0xbb, 0xbc, 0x24, 0x33, 0x34, 0x33, 0x34, 0x34, 0x33, 0x34,
  0xcb, 0xcb, 0xbb, 0xcb, 0xcb, 0xbb, 0xcb, 0xcb, 0x33, 0x43, 0x43, 0x33, 0x24, 0x24, 0x33, 0x34,
  0xac, 0xbb, 0xbc, 0xbb, 0xbc, 0xbc, 0xbb, 0xbc, 0x43, 0x43, 0x33, 0x43, 0x43, 0x33, 0x43, 0x43,
  0xbb, 0xac, 0xac, 0xbb, 0xbc, 0xbb, 0xbc, 0xbc, 0x24, 0x33, 0x34, 0x33, 0x34, 0x34, 0x33, 0x34,
  0xcb, 0xcb, 0xbb, 0xcb, 0xcb, 0xbb, 0xcb, 0x0b, 0x40, 0xed, 0x2e, 0x00, 0x00, 0x01, 0x24, 0x24,
  0x33, 0x34, 0x33, 0x34, 0x34, 0x33, 0xbc, 0xcb, 0xcb, 0xbb, 0xcb, 0xcb, 0xbb, 0xcb, 0x33, 0x34,
  0x34, 0x33, 0x34, 0x34, 0x33, 0x34, 0xcb, 0xcb, 0xca, 0xba, 0xcb, 0xbb, 0xcb, 0xcb, 0x33, 0x24,
  0x24, 0x33, 0x34, 0x33, 0x34, 0x34, 0xcb, 0xbb, 0xac, 0xac, 0xbb, 0xbc, 0xbb, 0xbc, 0x43, 0x43,
  0x33, 0x43, 0x43, 0x33, 0x43, 0x43, 0xbb, 0xcb, 0xac, 0xbb, 0xac, 0xac, 0xbb, 0xbc, 0x24, 0x33,
  0x34, 0x33, 0x34, 0x34, 0x33, 0x34, 0xcb, 0xcb, 0xbb, 0xcb, 0xcb, 0xbb, 0xcb, 0xcb, 0x33, 0x43,
  0x43, 0x33, 0x24, 0x24, 0x33, 0x34, 0xac, 0xbb, 0xbc, 0xbb, 0xbc, 0xbc, 0xbb, 0xbc, 0x43, 0x43,
  0x33, 0x43, 0x43, 0x33, 0x43, 0x43, 0xbb, 0xac, 0xac, 0xbb, 0xbc, 0xbb, 0xbc, 0xbc, 0x24, 0x33,
  0x34, 0x33, 0x34, 0x34, 0x33, 0x34, 0xcb, 0xcb, 0xbb, 0xcb, 0xcb, 0xbb, 0xcb, 0x0b, 0x40, 0xed,
  0x2e, 0x00, 0x00, 0x01, 0x24, 0x24, 0x33, 0x34, 0x33, 0x34, 0x34, 0x33, 0xbc, 0xcb, 0xcb, 0xbb,
  0xcb, 0xcb, 0xbb, 0xcb, 0x33, 0x34, 0x34, 0x33, 0x34, 0x34, 0x33, 0x34, 0xcb, 0xcb, 0xca, 0xba,
  0xcb, 0xbb, 0xcb, 0xcb, 0x33, 0x24, 0x24, 0x33, 0x34, 0x33, 0x34, 0x34, 0xcb, 0xbb, 0xac, 0xac,
  0xbb, 0xbc, 0xbb, 0xbc, 0x43, 0x43, 0x33, 0x43, 0x43, 0x33, 0x43, 0x43, 0xbb, 0xcb, 0xac, 0xbb,
  0xac, 0xac, 0xbb, 0xbc, 0x24, 0x33, 0x34, 0x33, 0x34, 0x34, 0x33, 0x34, 0xcb, 0xcb, 0xbb, 0xcb,
  0xcb, 0xbb, 0xcb, 0xcb, 0x33, 0x43, 0x43, 0x33, 0x24, 0x24, 0x33, 0x34, 0xac, 0xbb, 0xbc, 0xbb,
  0xbc, 0xbc, 0xbb, 0xbc, 0x43, 0x43, 0x33, 0x43, 0x43, 0x33, 0x43, 0x43, 0xbb, 0xac, 0xac, 0xbb,
  0xbc, 0xbb, 0xbc, 0xbc, 0x24, 0x33, 0x34, 0x33, 0x34, 0x34, 0x33, 0x34, 0xcb, 0xcb, 0xbb, 0xcb,
  0xcb, 0xbb, 0xcb, 0x0b, 0x40, 0xed, 0x2e, 0x00, 0x00, 0x01, 0x24, 0x24, 0x33, 0x34, 0x33, 0x34,
  0x34, 0x33, 0xbc, 0xcb, 0xcb, 0xbb, 0xcb, 0xcb, 0xbb, 0xcb, 0x33, 0x34, 0x34, 0x33, 0x34, 0x34,
  0x33, 0x34, 0xcb, 0xcb, 0xca, 0xba, 0xcb, 0xbb, 0xcb, 0xcb, 0x33, 0x24, 0x24, 0x33, 0x34, 0x33,
  0x34, 0x34, 0xcb, 0xbb, 0xac, 0xac, 0xbb, 0xbc, 0xbb, 0xbc, 0x43, 0x43, 0x33, 0x43, 0x43, 0x33,
  0x43, 0x43, 0xbb, 0xcb, 0xac, 0xbb, 0xac, 0xac, 0xbb, 0xbc, 0x24, 0x33, 0x34, 0x33, 0x34, 0x34,
  0x33, 0x34, 0xcb, 0xcb, 0xbb, 0xcb, 0xcb, 0xbb, 0xcb, 0xcb, 0x33, 0x43, 0x43, 0x33, 0x24, 0x24,
  0x33, 0x34, 0xac, 0xbb, 0xbc, 0xbb, 0xbc, 0xbc, 0xbb, 0xbc, 0x43, 0x43, 0x33, 0x43, 0x43, 0x33,
  0x43, 0x43, 0xbb, 0xac, 0xac, 0xbb, 0xbc, 0xbb, 0xbc, 0xbc, 0x24, 0x33, 0x34, 0x33, 0x34, 0x34,
  0x33, 0x34, 0xcb, 0xcb, 0xbb, 0xcb, 0xcb, 0xbb, 0xcb, 0x0b, 0x40, 0xed, 0x2e, 0x00, 0x00, 0x01,
  0x24, 0x24, 0x33, 0x34, 0x33, 0x34, 0x34, 0x33, 0xbc, 0xcb, 0xcb, 0xbb, 0xcb, 0xcb, 0xbb, 0xcb,
  0x33, 0x34, 0x34, 0x33, 0x34, 0x34, 0x33, 0x34, 0xcb, 0xcb, 0xca, 0xba, 0xcb, 0xbb, 0xcb, 0xcb,
  0x33, 0x24, 0x24, 0x33, 0x34, 0x33, 0x34, 0x34, 0xcb, 0xbb, 0xac, 0xac, 0xbb, 0xbc, 0xbb, 0xbc,
  0x43, 0x43, 0x33, 0x43, 0x43, 0x33, 0x43, 0x43, 0xbb, 0xcb, 0xac, 0xbb, 0xac, 0xac, 0xbb, 0xbc,
  0x24, 0x33, 0x34, 0x33, 0x34, 0x34, 0x33, 0x34, 0xcb, 0xcb, 0xbb, 0xcb, 0xcb, 0xbb, 0xcb, 0xcb,
  0x33, 0x43, 0x43, 0x33, 0x24, 0x24, 0x33, 0x34, 0xac, 0xbb, 0xbc, 0xbb, 0xbc, 0xbc, 0xbb, 0xbc,
  0x43, 0x43, 0x33, 0x43, 0x43, 0x33, 0x43, 0x43, 0xbb, 0xac, 0xac, 0xbb, 0xbc, 0xbb, 0xbc, 0xbc,
  0x24, 0x33, 0x34, 0x33, 0x34, 0x34, 0x33, 0x34, 0xcb, 0xcb, 0xbb, 0xcb, 0xcb, 0xbb, 0xcb, 0x0b,
  0x40, 0xed, 0x2e, 0x00, 0x00, 0x01, 0x24, 0x24, 0x33, 0x34, 0x33, 0x34, 0x34, 0x33, 0xbc, 0xcb,
  0xcb, 0xbb, 0xcb, 0xcb, 0xbb, 0xcb, 0x33, 0x34, 0x34, 0x33, 0x34, 0x34, 0x33, 0x34, 0xcb, 0xcb,
  0xca, 0xba, 0xcb, 0xbb, 0xcb, 0xcb, 0x33, 0x24, 0x24, 0x33, 0x34, 0x33, 0x34, 0x34, 0xcb, 0xbb,
  0xac, 0xac, 0xbb, 0xbc, 0xbb, 0xbc, 0x43, 0x43, 0x33, 0x43, 0x43, 0x33, 0x43, 0x43, 0xbb, 0xcb,
  0xac, 0xbb, 0xac, 0xac, 0xbb, 0xbc, 0x24, 0x33, 0x34, 0x33, 0x34, 0x34, 0x33, 0x34, 0xcb, 0xcb,
  0xbb, 0xcb, 0xcb, 0xbb, 0xcb, 0xcb, 0x33, 0x43, 0x43, 0x33, 0x24, 0x24, 0x33, 0x34, 0xac, 0xbb,
  0xbc, 0xbb, 0xbc, 0xbc, 0xbb, 0xbc, 0x43, 0x43, 0x33, 0x43, 0x43, 0x33, 0x43, 0x43, 0xbb, 0xac,
  0xac, 0xbb, 0xbc, 0xbb, 0xbc, 0xbc, 0x24, 0x33, 0x34, 0x33, 0x34, 0x34, 0x33, 0x34, 0xcb, 0xcb,
  0xbb, 0xcb, 0xcb, 0xbb, 0xcb, 0x0b, 0x40, 0xed, 0x2e, 0x00, 0x00, 0x01, 0x24, 0x24, 0x33, 0x34,
  0x33, 0x34, 0x34, 0x33, 0xbc, 0xcb, 0xcb, 0xbb, 0xcb, 0xcb, 0xbb, 0xcb, 0x33, 0x34, 0x34, 0x33,
  0x34, 0x34, 0x33, 0x34, 0xcb, 0xcb, 0xca, 0xba, 0xcb, 0xbb, 0xcb, 0xcb, 0x33, 0x24, 0x24, 0x33,
  0x34, 0x33, 0x34, 0x34, 0xcb, 0xbb, 0xac, 0xac, 0xbb, 0xbc, 0xbb, 0xbc, 0x43, 0x43, 0x33, 0x43,
  0x43, 0x33, 0x43, 0x43, 0xbb, 0xcb, 0xac, 0xbb, 0xac, 0xac, 0xbb, 0xbc, 0x24, 0x33, 0x34, 0x33,
  0x34, 0x34, 0x33, 0x34, 0xcb, 0xcb, 0xbb, 0xcb, 0xcb, 0xbb, 0xcb, 0xcb, 0x33, 0x43, 0x43, 0x33,
  0x24, 0x24, 0x33, 0x34, 0xac, 0xbb, 0xbc, 0xbb, 0xbc, 0xbc, 0xbb, 0xbc, 0x43, 0x43, 0x33, 0x43,
  0x43, 0x33, 0x43, 0x43, 0xbb, 0xac, 0xac, 0xbb, 0xbc, 0xbb, 0xbc, 0xbc, 0x24, 0x33, 0x34, 0x33,
  0x34, 0x34, 0x33, 0x34, 0xcb, 0xcb, 0xbb, 0xcb, 0xcb, 0xbb, 0xcb, 0x0b, 0x40, 0xed, 0x2e, 0x00,
  0x00, 0x01, 0x24, 0x24, 0x33, 0x34, 0x33, 0x34, 0x34, 0x33, 0xbc, 0xcb, 0xcb, 0xbb, 0xcb, 0xcb,
  0xbb, 0xcb, 0x33, 0x34, 0x34, 0x33, 0x34, 0x34, 0x33, 0x34, 0xcb, 0xcb, 0xca, 0xba, 0xcb, 0xbb,
  0xcb, 0xcb, 0x33, 0x24, 0x24, 0x33, 0x34, 0x33, 0x34, 0x34, 0xcb, 0xbb, 0xac, 0xac, 0xbb, 0xbc,
  0xbb, 0xbc, 0x43, 0x43, 0x33, 0x43, 0x43, 0x33, 0x43, 0x43, 0xbb, 0xcb, 0xac, 0xbb, 0xac, 0xac,
  0xbb, 0xbc, 0x24, 0x33, 0x34, 0x33, 0x34, 0x34, 0x33, 0x34, 0xcb, 0xcb, 0xbb, 0xcb, 0xcb, 0xbb,
  0xcb, 0xcb, 0x33, 0x43, 0x43, 0x33, 0x24, 0x24, 0x33, 0x34, 0xac, 0xbb, 0xbc, 0xbb, 0xbc, 0xbc,
  0xbb, 0xbc, 0x43, 0x43, 0x33, 0x43, 0x43, 0x33, 0x43, 0x43, 0xbb, 0xac, 0xac, 0xbb, 0xbc, 0xbb,
  0xbc, 0xbc, 0x24, 0x33, 0x34, 0x33, 0x34, 0x34, 0x33, 0x34, 0xcb, 0xcb, 0xbb, 0xcb, 0xcb, 0xbb,
  0xcb, 0x0b, 0x40, 0xed, 0x2e, 0x00, 0x00, 0x01, 0x24, 0x24, 0x33, 0x34, 0x33, 0x34, 0x34, 0x33,
  0xbc, 0xcb, 0xcb, 0xbb, 0xcb, 0xcb, 0xbb, 0xcb, 0x33, 0x34, 0x34, 0x33, 0x34, 0x34, 0x33, 0x34,
  0xcb, 0xcb, 0xca, 0xba, 0xcb, 0xbb, 0xcb, 0xcb, 0x33, 0x24, 0x24, 0x33, 0x34, 0x33, 0x34, 0x34,
  0xcb, 0xbb, 0xac, 0xac, 0xbb, 0xbc, 0xbb, 0xbc, 0x43, 0x43, 0x33, 0x43, 0x43, 0x33, 0x43, 0x43,
  0xbb, 0xcb, 0xac, 0xbb, 0xac, 0xac, 0xbb, 0xbc, 0x24, 0x33, 0x34, 0x33, 0x34, 0x34, 0x33, 0x34,
  0xcb, 0xcb, 0xbb, 0xcb, 0xcb, 0xbb, 0xcb, 0xcb, 0x33, 0x43, 0x43, 0x33, 0x24, 0x24, 0x33, 0x34,
  0xac, 0xbb, 0xbc, 0xbb, 0xbc, 0xbc, 0xbb, 0xbc, 0x43, 0x43, 0x33, 0x43, 0x43, 0x33, 0x43, 0x43,
  0xbb, 0xac, 0xac, 0xbb, 0xbc, 0xbb, 0xbc, 0xbc, 0x24, 0x33, 0x34, 0x33, 0x34, 0x34, 0x33, 0x34,
  0xcb, 0xcb, 0xbb, 0xcb, 0xcb, 0xbb, 0xcb, 0x0b, 0x40, 0xed, 0x2e, 0x00, 0x00, 0x01, 0x24, 0x24,
  0x33, 0x34, 0x33, 0x34, 0x34, 0x33, 0xbc, 0xcb, 0xcb, 0xbb, 0xcb, 0xcb, 0xbb, 0xcb, 0x33, 0x34,
  0x34, 0x33, 0x34, 0x34, 0x33, 0x34, 0xcb, 0xcb, 0xca, 0xba, 0xcb, 0xbb, 0xcb, 0xcb, 0x33, 0x24,
  0x24, 0x33, 0x34, 0x33, 0x34, 0x34, 0xcb, 0xbb, 0xac, 0xac, 0xbb, 0xbc, 0xbb, 0xbc, 0x43, 0x43,
  0x33, 0x43, 0x43, 0x33, 0x43, 0x43, 0xbb, 0xcb, 0xac, 0xbb, 0xac, 0xac, 0xbb, 0xbc, 0x24, 0x33,
  0x34, 0x33, 0x34, 0x34, 0x33, 0x34, 0xcb, 0xcb, 0xbb, 0xcb, 0xcb, 0xbb, 0xcb, 0xcb, 0x33, 0x43,
  0x43, 0x33, 0x24, 0x24, 0x33, 0x34, 0xac, 0xbb, 0xbc, 0xbb, 0xbc, 0xbc, 0xbb, 0xbc, 0x43, 0x43,
  0x33, 0x43, 0x43, 0x33, 0x43, 0x43, 0xbb, 0xac, 0xac, 0xbb, 0xbc, 0xbb, 0xbc, 0xbc, 0x24, 0x33,
  0x34, 0x33, 0x34, 0x34, 0x33, 0x34, 0xcb, 0xcb, 0xbb, 0xcb, 0xcb, 0xbb, 0xcb, 0x0b, 0x40, 0xed,
  0x2e, 0x00, 0x00, 0x01, 0x24, 0x24, 0x33, 0x34, 0x33, 0x34, 0x34, 0x33, 0xbc, 0xcb, 0xcb, 0xbb,
  0xcb, 0xcb, 0xbb, 0xcb, 0x33, 0x34, 0x34, 0x33, 0x34, 0x34, 0x33, 0x34, 0xcb, 0xcb, 0xca, 0xba,
  0xcb, 0xbb, 0xcb, 0xcb, 0x33, 0x24, 0x24, 0x33, 0x34, 0x33, 0x34, 0x34, 0xcb, 0xbb, 0xac, 0xac,
  0xbb, 0xbc, 0xbb, 0xbc, 0x43, 0x43, 0x33, 0x43, 0x43, 0x33, 0x43, 0x43, 0xbb, 0xcb, 0xac, 0xbb,
  0xac, 0xac, 0xbb, 0xbc, 0x24, 0x33, 0x34, 0x33, 0x34, 0x34, 0x33, 0x34, 0xcb, 0xcb, 0xbb, 0xcb,
  0xcb, 0xbb, 0xcb, 0xcb, 0x33, 0x43, 0x43, 0x33, 0x24, 0x24, 0x33, 0x34, 0xac, 0xbb, 0xbc, 0xbb,
  0xbc, 0xbc, 0xbb, 0xbc, 0x43, 0x43, 0x33, 0x43, 0x43, 0x33, 0x43, 0x43, 0xbb, 0xac, 0xac, 0xbb,
  0xbc, 0xbb, 0xbc, 0xbc, 0x24, 0x33, 0x34, 0x33, 0x34, 0x34, 0x33, 0x34, 0xcb, 0xcb, 0xbb, 0xcb,
  0xcb, 0xbb, 0xcb, 0x0b, 0x40, 0xed, 0x2e, 0x00, 0x00, 0x01, 0x24, 0x24, 0x33, 0x34, 0x33, 0x34,
  0x34, 0x33, 0xbc, 0xcb, 0xcb, 0xbb, 0xcb, 0xcb, 0xbb, 0xcb, 0x33, 0x34, 0x34, 0x33, 0x34, 0x34,
  0x33, 0x34, 0xcb, 0xcb, 0xca, 0xba, 0xcb, 0xbb, 0xcb, 0xcb, 0x33, 0x24, 0x24, 0x33, 0x34, 0x33,
  0x34, 0x34, 0xcb, 0xbb, 0xac, 0xac, 0xbb, 0xbc, 0xbb, 0xbc, 0x43, 0x43, 0x33, 0x43, 0x43, 0x33,
  0x43, 0x43, 0xbb, 0xcb, 0xac, 0xbb, 0xac, 0xac, 0xbb, 0xbc, 0x24, 0x33, 0x34, 0x33, 0x34, 0x34,
  0x33, 0x34, 0xcb, 0xcb, 0xbb, 0xcb, 0xcb, 0xbb, 0xcb, 0xcb, 0x33, 0x43, 0x43, 0x33, 0x24, 0x24,
  0x33, 0x34, 0xac, 0xbb, 0xbc, 0xbb, 0xbc, 0xbc, 0xbb, 0xbc, 0x43, 0x43, 0x33, 0x43, 0x43, 0x33,
  0x43, 0x43, 0xbb, 0xac, 0xac, 0xbb, 0xbc, 0xbb, 0xbc, 0xbc, 0x24, 0x33, 0x34, 0x33, 0x34, 0x34,
  0x33, 0x34, 0xcb, 0xcb, 0xbb, 0xcb, 0xcb, 0xbb, 0xcb, 0x0b, 0x40, 0xed, 0x2e, 0x00, 0x00, 0x01,
  0x24, 0x24, 0x33, 0x34, 0x33, 0x34, 0x34, 0x33, 0xbc, 0xcb, 0xcb, 0xbb, 0xcb, 0xcb, 0xbb, 0xcb,
  0x33, 0x34, 0x34, 0x33, 0x34, 0x34, 0x33, 0x34, 0xcb, 0xcb, 0xca, 0xba, 0xcb, 0xbb, 0xcb, 0xcb,
  0x33, 0x24, 0x24, 0x33, 0x34, 0x33, 0x34, 0x34, 0xcb, 0xbb, 0xac, 0xac, 0xbb, 0xbc, 0xbb, 0xbc,
  0x43, 0x43, 0x33, 0x43, 0x43, 0x33, 0x43, 0x43, 0xbb, 0xcb, 0xac, 0xbb, 0xac, 0xac, 0xbb, 0xbc,
  0x24, 0x33, 0x34, 0x33, 0x34, 0x34, 0x33, 0x34, 0xcb, 0xcb, 0xbb, 0xcb, 0xcb, 0xbb, 0xcb, 0xcb,
  0x33, 0x43, 0x43, 0x33, 0x24, 0x24, 0x33, 0x34, 0xac, 0xbb, 0xbc, 0xbb, 0xbc, 0xbc, 0xbb, 0xbc,
  0x43, 0x43, 0x33, 0x43, 0x43, 0x33, 0x43, 0x43, 0xbb, 0xac, 0xac, 0xbb, 0xbc, 0xbb, 0xbc, 0xbc,
  0x24, 0x33, 0x34, 0x33, 0x34, 0x34, 0x33, 0x34, 0xcb, 0xcb, 0xbb, 0xcb, 0xcb, 0xbb, 0xcb, 0x0b,
  0x40, 0xed, 0x2e, 0x00, 0x00, 0x01, 0x24, 0x24, 0x33, 0x34, 0x33, 0x34, 0x34, 0x33, 0xbc, 0xcb,
  0xcb, 0xbb, 0xcb, 0xcb, 0xbb, 0xcb, 0x33, 0x34, 0x34, 0x33, 0x34, 0x34, 0x33, 0x34, 0xcb, 0xcb,
  0xca, 0xba, 0xcb, 0xbb, 0xcb, 0xcb, 0x33, 0x24, 0x24, 0x33, 0x34, 0x33, 0x34, 0x34, 0xcb, 0xbb,
  0xac, 0xac, 0xbb, 0xbc, 0xbb, 0xbc, 0x43, 0x43, 0x33, 0x43, 0x43, 0x33, 0x43, 0x43, 0xbb, 0xcb,
  0xac, 0xbb, 0xac, 0xac, 0xbb, 0xbc, 0x24, 0x33, 0x34, 0x33, 0x34, 0x34, 0x33, 0x34, 0xcb, 0xcb,
  0xbb, 0xcb, 0xcb, 0xbb, 0xcb, 0xcb, 0x33, 0x43, 0x43, 0x33, 0x24, 0x24, 0x33, 0x34, 0xac, 0xbb,
  0xbc, 0xbb, 0xbc, 0xbc, 0xbb, 0xbc, 0x43, 0x43, 0x33, 0x43, 0x43, 0x33, 0x43, 0x43, 0xbb, 0xac,
  0xac, 0xbb, 0xbc, 0xbb, 0xbc, 0xbc, 0x24, 0x33, 0x34, 0x33, 0x34, 0x34, 0x33, 0x34, 0xcb, 0xcb,
  0xbb, 0xcb, 0xcb, 0xbb, 0xcb, 0x0b, 0x40, 0xed, 0x2e, 0x00, 0x00, 0x01, 0x24, 0x24, 0x33, 0x34,
  0x33, 0x34, 0x34, 0x33, 0xbc, 0xcb, 0xcb, 0xbb, 0xcb, 0xcb, 0xbb, 0xcb, 0x33, 0x34, 0x34, 0x33,
  0x34, 0x34, 0x33, 0x34, 0xcb, 0xcb, 0xca, 0xba, 0xcb, 0xbb, 0xcb, 0xcb, 0x33, 0x24, 0x24, 0x33,
  0x34, 0x33, 0x34, 0x34, 0xcb, 0xbb, 0xac, 0xac, 0xbb, 0xbc, 0xbb, 0xbc, 0x43, 0x43, 0x33, 0x43,
  0x43, 0x33, 0x43, 0x43, 0xbb, 0xcb, 0xac, 0xbb, 0xac, 0xac, 0xbb, 0xbc, 0x24, 0x33, 0x34, 0x33,
  0x34, 0x34, 0x33, 0x34, 0xcb, 0xcb, 0xbb, 0xcb, 0xcb, 0xbb, 0xcb, 0xcb, 0x33, 0x43, 0x43, 0x33,
  0x24, 0x24, 0x33, 0x34, 0xac, 0xbb, 0xbc, 0xbb, 0xbc, 0xbc, 0xbb, 0xbc, 0x43, 0x43, 0x33, 0x43,
  0x43, 0x33, 0x43, 0x43, 0xbb, 0xac, 0xac, 0xbb, 0xbc, 0xbb, 0xbc, 0xbc, 0x24, 0x33, 0x34, 0x33,
  0x34, 0x34, 0x33, 0x34, 0xcb, 0xcb, 0xbb, 0xcb, 0xcb, 0xbb, 0xcb, 0x0b, 0x40, 0xed, 0x2e, 0x00,
  0x00, 0x01, 0x24, 0x24, 0x33, 0x34, 0x33, 0x34, 0x34, 0x33, 0xbc, 0xcb, 0xcb, 0xbb, 0xcb, 0xcb,
  0xbb, 0xcb, 0x33, 0x34, 0x34, 0x33, 0x34, 0x34, 0x33, 0x34, 0xcb, 0xcb, 0xca, 0xba, 0xcb, 0xbb,
  0xcb, 0xcb, 0x33, 0x24, 0x24, 0x33, 0x34, 0x33, 0x34, 0x34, 0xcb, 0xbb, 0xac, 0xac, 0xbb, 0xbc,
  0xbb, 0xbc, 0x43, 0x43, 0x33, 0x43, 0x43, 0x33, 0x43, 0x43, 0xbb, 0xcb, 0xac, 0xbb, 0xac, 0xac,
  0xbb, 0xbc, 0x24, 0x33, 0x34, 0x33, 0x34, 0x34, 0x33, 0x34, 0xcb, 0xcb, 0xbb, 0xcb, 0xcb, 0xbb,
  0xcb, 0xcb, 0x33, 0x43, 0x43, 0x33, 0x24, 0x24, 0x33, 0x34, 0xac, 0xbb, 0xbc, 0xbb, 0xbc, 0xbc,
  0xbb, 0xbc, 0x43, 0x43, 0x33, 0x43, 0x43, 0x33, 0x43, 0x43, 0xbb, 0xac, 0xac, 0xbb, 0xbc, 0xbb,
  0xbc, 0xbc, 0x24, 0x33, 0x34, 0x33, 0x34, 0x34, 0x33, 0x34, 0xcb, 0xcb, 0xbb, 0xcb, 0xcb, 0xbb,
  0xcb, 0x0b, 0x40, 0xed, 0x2e, 0x00, 0x00, 0x01, 0x24, 0x24, 0x33, 0x34, 0x33, 0x34, 0x34, 0x33,
  0xbc, 0xcb, 0xcb, 0xbb, 0xcb, 0xcb, 0xbb, 0xcb, 0x33, 0x34, 0x34, 0x33, 0x34, 0x34, 0x33, 0x34,
  0xcb, 0xcb, 0xca, 0xba, 0xcb, 0xbb, 0xcb, 0xcb, 0x33, 0x24, 0x24, 0x33, 0x34, 0x33, 0x34, 0x34,
  0xcb, 0xbb, 0xac, 0xac, 0xbb, 0xbc, 0xbb, 0xbc, 0x43, 0x43, 0x33, 0x43, 0x43, 0x33, 0x43, 0x43,
  0xbb, 0xcb, 0xac, 0xbb, 0xac, 0xac, 0xbb, 0xbc, 0x24, 0x33, 0x34, 0x33, 0x34, 0x34, 0x33, 0x34,
  0xcb, 0xcb, 0xbb, 0xcb, 0xcb, 0xbb, 0xcb, 0xcb, 0x33, 0x43, 0x43, 0x33, 0x24, 0x24, 0x33, 0x34,
  0xac, 0xbb, 0xbc, 0xbb, 0xbc, 0xbc, 0xbb, 0xbc, 0x43, 0x43, 0x33, 0x43, 0x43, 0x33, 0x43, 0x43,
  0xbb, 0xac, 0xac, 0xbb, 0xbc, 0xbb, 0xbc, 0xbc, 0x24, 0x33, 0x34, 0x33, 0x34, 0x34, 0x33, 0x34,
  0xcb, 0xcb, 0xbb, 0xcb, 0xcb, 0xbb, 0xcb, 0x0b, 0x40, 0xed, 0x2e, 0x00, 0x00, 0x01, 0x24, 0x24,
  0x33, 0x34, 0x33, 0x34, 0x34, 0x33, 0xbc, 0xcb, 0xcb, 0xbb, 0xcb, 0xcb, 0xbb, 0xcb, 0x33, 0x34,
  0x34, 0x33, 0x34, 0x34, 0x33, 0x34, 0xcb, 0xcb, 0xca, 0xba, 0xcb, 0xbb, 0xcb, 0xcb, 0x33, 0x24,
  0x24, 0x33, 0x34, 0x33, 0x34, 0x34, 0xcb, 0xbb, 0xac, 0xac, 0xbb, 0xbc, 0xbb, 0xbc, 0x43, 0x43,
  0x33, 0x43, 0x43, 0x33, 0x43, 0x43, 0xbb, 0xcb, 0xac, 0xbb, 0xac, 0xac, 0xbb, 0xbc, 0x24, 0x33,
  0x34, 0x33, 0x34, 0x34, 0x33, 0x34, 0xcb, 0xcb, 0xbb, 0xcb, 0xcb, 0xbb, 0xcb, 0xcb, 0x33, 0x43,
  0x43, 0x33, 0x24, 0x24, 0x33, 0x34, 0xac, 0xbb, 0xbc, 0xbb, 0xbc, 0xbc, 0xbb, 0xbc, 0x43, 0x43,
  0x33, 0x43, 0x43, 0x33, 0x43, 0x43, 0xbb, 0xac, 0xac, 0xbb, 0xbc, 0xbb, 0xbc, 0xbc, 0x24, 0x33,
  0x34, 0x33, 0x34, 0x34, 0x33, 0x34, 0xcb, 0xcb, 0xbb, 0xcb, 0xcb, 0xbb, 0xcb, 0x0b, 0x40, 0xed,
  0x2e, 0x00, 0x00, 0x01, 0x24, 0x24, 0x33, 0x34, 0x33, 0x34, 0x34, 0x33, 0xbc, 0xcb, 0xcb, 0xbb,
  0xcb, 0xcb, 0xbb, 0xcb, 0x33, 0x34, 0x34, 0x33, 0x34, 0x34, 0x33, 0x34, 0xcb, 0xcb, 0xca, 0xba,
  0xcb, 0xbb, 0xcb, 0xcb, 0x33, 0x24, 0x24, 0x33, 0x34, 0x33, 0x34, 0x34, 0xcb, 0xbb, 0xac, 0xac,
  0xbb, 0xbc, 0xbb, 0xbc, 0x43, 0x43, 0x33, 0x43, 0x43, 0x33, 0x43, 0x43, 0xbb, 0xcb, 0xac, 0xbb,
  0xac, 0xac, 0xbb, 0xbc, 0x24, 0x33, 0x34, 0x33, 0x34, 0x34, 0x33, 0x34, 0xcb, 0xcb, 0xbb, 0xcb,
  0xcb, 0xbb, 0xcb, 0xcb, 0x33, 0x43, 0x43, 0x33, 0x24, 0x24, 0x33, 0x34, 0xac, 0xbb, 0xbc, 0xbb,
  0xbc, 0xbc, 0xbb, 0xbc, 0x43, 0x43, 0x33, 0x43, 0x43, 0x33, 0x43, 0x43, 0xbb, 0xac, 0xac, 0xbb,
  0xbc, 0xbb, 0xbc, 0xbc, 0x24, 0x33, 0x34, 0x33, 0x34, 0x34, 0x33, 0x34, 0xcb, 0xcb, 0xbb, 0xcb,
  0xcb, 0xbb, 0xcb, 0x0b, 0x40, 0xed, 0x2e, 0x00, 0x00, 0x01, 0x24, 0x24, 0x33, 0x34, 0x33, 0x34,
  0x34, 0x33, 0xbc, 0xcb, 0xcb, 0xbb, 0xcb, 0xcb, 0xbb, 0xcb, 0x33, 0x34, 0x34, 0x33, 0x34, 0x34,
  0x33, 0x34, 0xcb, 0xcb, 0xca, 0xba, 0xcb, 0xbb, 0xcb, 0xcb, 0x33, 0x24, 0x24, 0x33, 0x34, 0x33,
  0x34, 0x34, 0xcb, 0xbb, 0xac, 0xac, 0xbb, 0xbc, 0xbb, 0xbc, 0x43, 0x43, 0x33, 0x43, 0x43, 0x33,
  0x43, 0x43, 0xbb, 0xcb, 0xac, 0xbb, 0xac, 0xac, 0xbb, 0xbc, 0x24, 0x33, 0x34, 0x33, 0x34, 0x34,
  0x33, 0x34, 0xcb, 0xcb, 0xbb, 0xcb, 0xcb, 0xbb, 0xcb, 0xcb, 0x33, 0x43, 0x43, 0x33, 0x24, 0x24,
  0x33, 0x34, 0xac, 0xbb, 0xbc, 0xbb, 0xbc, 0xbc, 0xbb, 0xbc, 0x43, 0x43, 0x33, 0x43, 0x43, 0x33,
  0x43, 0x43, 0xbb, 0xac, 0xac, 0xbb, 0xbc, 0xbb, 0xbc, 0xbc, 0x24, 0x33, 0x34, 0x33, 0x34, 0x34,
  0x33, 0x34, 0xcb, 0xcb, 0xbb, 0xcb, 0xcb, 0xbb, 0xcb, 0x0b, 0x40, 0xed, 0x2e, 0x00, 0x00, 0x01,
  0x24, 0x24, 0x33, 0x34, 0x33, 0x34, 0x34, 0x33, 0xbc, 0xcb, 0xcb, 0xbb, 0xcb, 0xcb, 0xbb, 0xcb,
  0x33, 0x34, 0x34, 0x33, 0x34, 0x34, 0x33, 0x34, 0xcb, 0xcb, 0xca, 0xba, 0xcb, 0xbb, 0xcb, 0xcb,
  0x33, 0x24, 0x24, 0x33, 0x34, 0x33, 0x34, 0x34, 0xcb, 0xbb, 0xac, 0xac, 0xbb, 0xbc, 0xbb, 0xbc,
  0x43, 0x43, 0x33, 0x43, 0x43, 0x33, 0x43, 0x43, 0xbb, 0xcb, 0xac, 0xbb, 0xac, 0xac, 0xbb, 0xbc,
  0x24, 0x33, 0x34, 0x33, 0x34, 0x34, 0x33, 0x34, 0xcb, 0xcb, 0xbb, 0xcb, 0xcb, 0xbb, 0xcb, 0xcb,
  0x33, 0x43, 0x43, 0x33, 0x24, 0x24, 0x33, 0x34, 0xac, 0xbb, 0xbc, 0xbb, 0xbc, 0xbc, 0xbb, 0xbc,
  0x43, 0x43, 0x33, 0x43, 0x43, 0x33, 0x43, 0x43, 0xbb, 0xac, 0xac, 0xbb, 0xbc, 0xbb, 0xbc, 0xbc,
  0x24, 0x33, 0x34, 0x33, 0x34, 0x34, 0x33, 0x34, 0xcb, 0xcb, 0xbb, 0xcb, 0xcb, 0xbb, 0xcb, 0x0b,
  0x40, 0xed, 0x2e, 0x00, 0x00, 0x01, 0x24, 0x24, 0x33, 0x34, 0x33, 0x34, 0x34, 0x33, 0xbc, 0xcb,
  0xcb, 0xbb, 0xcb, 0xcb, 0xbb, 0xcb, 0x33, 0x34, 0x34, 0x33, 0x34, 0x34, 0x33, 0x34, 0xcb, 0xcb,
  0xca, 0xba, 0xcb, 0xbb, 0xcb, 0xcb, 0x33, 0x24, 0x24, 0x33, 0x34, 0x33, 0x34, 0x34, 0xcb, 0xbb,
  0xac, 0xac, 0xbb, 0xbc, 0xbb, 0xbc, 0x43, 0x43, 0x33, 0x43, 0x43, 0x33, 0x43, 0x43, 0xbb, 0xcb,
  0xac, 0xbb, 0xac, 0xac, 0xbb, 0xbc, 0x24, 0x33, 0x34, 0x33, 0x34, 0x34, 0x33, 0x34, 0xcb, 0xcb,
  0xbb, 0xcb, 0xcb, 0xbb, 0xcb, 0xcb, 0x33, 0x43, 0x43, 0x33, 0x24, 0x24, 0x33, 0x34, 0xac, 0xbb,
  0xbc, 0xbb, 0xbc, 0xbc, 0xbb, 0xbc, 0x43, 0x43, 0x33, 0x43, 0x43, 0x33, 0x43, 0x43, 0xbb, 0xac,
  0xac, 0xbb, 0xbc, 0xbb, 0xbc, 0xbc, 0x24, 0x33, 0x34, 0x33, 0x34, 0x34, 0x33, 0x34, 0xcb, 0xcb,
  0xbb, 0xcb, 0xcb, 0xbb, 0xcb, 0x0b, 0x40, 0xed, 0x2e, 0x00, 0x00, 0x01, 0x24, 0x24, 0x33, 0x34,
  0x33, 0x34, 0x34, 0x33, 0xbc, 0xcb, 0xcb, 0xbb, 0xcb, 0xcb, 0xbb, 0xcb, 0x33, 0x34, 0x34, 0x33,
  0x34, 0x34, 0x33, 0x34, 0xcb, 0xcb, 0xca, 0xba, 0xcb, 0xbb, 0xcb, 0xcb, 0x33, 0x24, 0x24, 0x33,
  0x34, 0x33, 0x34, 0x34, 0xcb, 0xbb, 0xac, 0xac, 0xbb, 0xbc, 0xbb, 0xbc, 0x43, 0x43, 0x33, 0x43,
  0x43, 0x33, 0x43, 0x43, 0xbb, 0xcb, 0xac, 0xbb, 0xac, 0xac, 0xbb, 0xbc, 0x24, 0x33, 0x34, 0x33,
  0x34, 0x34, 0x33, 0x34, 0xcb, 0xcb, 0xbb, 0xcb, 0xcb, 0xbb, 0xcb, 0xcb, 0x33, 0x43, 0x43, 0x33,
  0x24, 0x24, 0x33, 0x34, 0xac, 0xbb, 0xbc, 0xbb, 0xbc, 0xbc, 0xbb, 0xbc, 0x43, 0x43, 0x33, 0x43,
  0x43, 0x33, 0x43, 0x43, 0xbb, 0xac, 0xac, 0xbb, 0xbc, 0xbb, 0xbc, 0xbc, 0x24, 0x33, 0x34, 0x33,
  0x34, 0x34, 0x33, 0x34, 0xcb, 0xcb, 0xbb, 0xcb, 0xcb, 0xbb, 0xcb, 0x0b, 0x40, 0xed, 0x2e, 0x00,
  0x00, 0x01, 0x24, 0x24, 0x33, 0x34, 0x33, 0x34, 0x34, 0x33, 0xbc, 0xcb, 0xcb, 0xbb, 0xcb, 0xcb,
  0xbb, 0xcb, 0x33, 0x34, 0x34, 0x33, 0x34, 0x34, 0x33, 0x34, 0xcb, 0xcb, 0xca, 0xba, 0xcb, 0xbb,
  0xcb, 0xcb, 0x33, 0x24, 0x24, 0x33, 0x34, 0x33, 0x34, 0x34, 0xcb, 0xbb, 0xac, 0xac, 0xbb, 0xbc,
  0xbb, 0xbc, 0x43, 0x43, 0x33, 0x43, 0x43, 0x33, 0x43, 0x43, 0xbb, 0xcb, 0xac, 0xbb, 0xac, 0xac,
  0xbb, 0xbc, 0x24, 0x33, 0x34, 0x33, 0x34, 0x34, 0x33, 0x34, 0xcb, 0xcb, 0xbb, 0xcb, 0xcb, 0xbb,
  0xcb, 0xcb, 0x33, 0x43, 0x43, 0x33, 0x24, 0x24, 0x33, 0x34, 0xac, 0xbb, 0xbc, 0xbb, 0xbc, 0xbc,
  0xbb, 0xbc, 0x43, 0x43, 0x33, 0x43, 0x43, 0x33, 0x43, 0x43, 0xbb, 0xac, 0xac, 0xbb, 0xbc, 0xbb,
  0xbc, 0xbc, 0x24, 0x33, 0x34, 0x33, 0x34, 0x34, 0x33, 0x34, 0xcb, 0xcb, 0xbb, 0xcb, 0xcb, 0xbb,
  0xcb, 0x0b, 0x40, 0xed, 0x2e, 0x00, 0x00, 0x01, 0x24, 0x24, 0x33, 0x34, 0x33, 0x34, 0x34, 0x33,
  0xbc, 0xcb, 0xcb, 0xbb, 0xcb, 0xcb, 0xbb, 0xcb, 0x33, 0x34, 0x34, 0x33, 0x34, 0x34, 0x33, 0x34,
  0xcb, 0xcb, 0xca, 0xba, 0xcb, 0xbb, 0xcb, 0xcb, 0x33, 0x24, 0x24, 0x33, 0x34, 0x33, 0x34, 0x34,
  0xcb, 0xbb, 0xac, 0xac, 0xbb, 0xbc, 0xbb, 0xbc, 0x43, 0x43, 0x33, 0x43, 0x43, 0x33, 0x43, 0x43,
  0xbb, 0xcb, 0xac, 0xbb, 0xac, 0xac, 0xbb, 0xbc, 0x24, 0x33, 0x34, 0x33, 0x34, 0x34, 0x33, 0x34,
  0xcb, 0xcb, 0xbb, 0xcb, 0xcb, 0xbb, 0xcb, 0xcb, 0x33, 0x43, 0x43, 0x33, 0x24, 0x24, 0x33, 0x34,
  0xac, 0xbb, 0xbc, 0xbb, 0xbc, 0xbc, 0xbb, 0xbc, 0x43, 0x43, 0x33, 0x43, 0x43, 0x33, 0x43, 0x43,
  0xbb, 0xac, 0xac, 0xbb, 0xbc, 0xbb, 0xbc, 0xbc, 0x24, 0x33, 0x34, 0x33, 0x34, 0x34, 0x33, 0x34,
  0xcb, 0xcb, 0xbb, 0xcb, 0xcb, 0xbb, 0xcb, 0x0b, 0x40, 0xed, 0x2e, 0x00, 0x00, 0x01, 0x24, 0x24,
  0x33, 0x34, 0x33, 0x34, 0x34, 0x33, 0xbc, 0xcb, 0xcb, 0xbb, 0xcb, 0xcb, 0xbb, 0xcb, 0x33, 0x34,
  0x34, 0x33, 0x34, 0x34, 0x33, 0x34, 0xcb, 0xcb, 0xca, 0xba, 0xcb, 0xbb, 0xcb, 0xcb, 0x33, 0x24,
  0x24, 0x33, 0x34, 0x33, 0x34, 0x34, 0xcb, 0xbb, 0xac, 0xac, 0xbb, 0xbc, 0xbb, 0xbc, 0x43, 0x43,
  0x33, 0x43, 0x43, 0x33, 0x43, 0x43, 0xbb, 0xcb, 0xac, 0xbb, 0xac, 0xac, 0xbb, 0xbc, 0x24, 0x33,
  0x34, 0x33, 0x34, 0x34, 0x33, 0x34, 0xcb, 0xcb, 0xbb, 0xcb, 0xcb, 0xbb, 0xcb, 0xcb, 0x33, 0x43,
  0x43, 0x33, 0x24, 0x24, 0x33, 0x34, 0xac, 0xbb, 0xbc, 0xbb, 0xbc, 0xbc, 0xbb, 0xbc, 0x43, 0x43,
  0x33, 0x43, 0x43, 0x33, 0x43, 0x43, 0xbb, 0xac, 0xac, 0xbb, 0xbc, 0xbb, 0xbc, 0xbc, 0x24, 0x33,
  0x34, 0x33, 0x34, 0x34, 0x33, 0x34, 0xcb, 0xcb, 0xbb, 0xcb, 0xcb, 0xbb, 0xcb, 0x0b, 0x40, 0xed,
  0x2e, 0x00, 0x00, 0x01, 0x24, 0x24, 0x33, 0x34, 0x33, 0x34, 0x34, 0x33, 0xbc, 0xcb, 0xcb, 0xbb,
  0xcb, 0xcb, 0xbb, 0xcb, 0x33, 0x34, 0x34, 0x33, 0x34, 0x34, 0x33, 0x34, 0xcb, 0xcb, 0xca, 0xba,
  0xcb, 0xbb, 0xcb, 0xcb, 0x33, 0x24, 0x24, 0x33, 0x34, 0x33, 0x34, 0x34, 0xcb, 0xbb, 0xac, 0xac,
  0xbb, 0xbc, 0xbb, 0xbc, 0x43, 0x43, 0x33, 0x43, 0x43, 0x33, 0x43, 0x43, 0xbb, 0xcb, 0xac, 0xbb,
  0xac, 0xac, 0xbb, 0xbc, 0x24, 0x33, 0x34, 0x33, 0x34, 0x34, 0x33, 0x34, 0xcb, 0xcb, 0xbb, 0xcb,
  0xcb, 0xbb, 0xcb, 0xcb, 0x33, 0x43, 0x43, 0x33, 0x24, 0x24, 0x33, 0x34, 0xac, 0xbb, 0xbc, 0xbb,
  0xbc, 0xbc, 0xbb, 0xbc, 0x43, 0x43, 0x33, 0x43, 0x43, 0x33, 0x43, 0x43, 0xbb, 0xac, 0xac, 0xbb,
  0xbc, 0xbb, 0xbc, 0xbc, 0x24, 0x33, 0x34, 0x33, 0x34, 0x34, 0x33, 0x34, 0xcb, 0xcb, 0xbb, 0xcb,
  0xcb, 0xbb, 0xcb, 0x0b, 0x40, 0xed, 0x2e, 0x00, 0x00, 0x01, 0x24, 0x24, 0x33, 0x34, 0x33, 0x34,
  0x34, 0x33, 0xbc, 0xcb, 0xcb, 0xbb, 0xcb, 0xcb, 0xbb, 0xcb, 0x33, 0x34, 0x34, 0x33, 0x34, 0x34,
  0x33, 0x34, 0xcb, 0xcb, 0xca, 0xba, 0xcb, 0xbb, 0xcb, 0xcb, 0x33, 0x24, 0x24, 0x33, 0x34, 0x33,
  0x34, 0x34, 0xcb, 0xbb, 0xac, 0xac, 0xbb, 0xbc, 0xbb, 0xbc, 0x43, 0x43, 0x33, 0x43, 0x43, 0x33,
  0x43, 0x43, 0xbb, 0xcb, 0xac, 0xbb, 0xac, 0xac, 0xbb, 0xbc, 0x24, 0x33, 0x34, 0x33, 0x34, 0x34,
  0x33, 0x34, 0xcb, 0xcb, 0xbb, 0xcb, 0xcb, 0xbb, 0xcb, 0xcb, 0x33, 0x43, 0x43, 0x33, 0x24, 0x24,
  0x33, 0x34, 0xac, 0xbb, 0xbc, 0xbb, 0xbc, 0xbc, 0xbb, 0xbc, 0x43, 0x43, 0x33, 0x43, 0x43, 0x33,
  0x43, 0x43, 0xbb, 0xac, 0xac, 0xbb, 0xbc, 0xbb, 0xbc, 0xbc, 0x24, 0x33, 0x34, 0x33, 0x34, 0x34,
  0x33, 0x34, 0xcb, 0xcb, 0xbb, 0xcb, 0xcb, 0xbb, 0xcb, 0x0b, 0x40, 0xed, 0x2e, 0x00, 0x00, 0x01,
  0x24, 0x24, 0x33, 0x34, 0x33, 0x34, 0x34, 0x33, 0xbc, 0xcb, 0xcb, 0xbb, 0xcb, 0xcb, 0xbb, 0xcb,
  0x33, 0x34, 0x34, 0x33, 0x34, 0x34, 0x33, 0x34, 0xcb, 0xcb, 0xca, 0xba, 0xcb, 0xbb, 0xcb, 0xcb,
  0x33, 0x24, 0x24, 0x33, 0x34, 0x33, 0x34, 0x34, 0xcb, 0xbb, 0xac, 0xac, 0xbb, 0xbc, 0xbb, 0xbc,
  0x43, 0x43, 0x33, 0x43, 0x43, 0x33, 0x43, 0x43, 0xbb, 0xcb, 0xac, 0xbb, 0xac, 0xac, 0xbb, 0xbc,
  0x24, 0x33, 0x34, 0x33, 0x34, 0x34, 0x33, 0x34, 0xcb, 0xcb, 0xbb, 0xcb, 0xcb, 0xbb, 0xcb, 0xcb,
  0x33, 0x43, 0x43, 0x33, 0x24, 0x24, 0x33, 0x34, 0xac, 0xbb, 0xbc, 0xbb, 0xbc, 0xbc, 0xbb, 0xbc,
  0x43, 0x43, 0x33, 0x43, 0x43, 0x33, 0x43, 0x43, 0xbb, 0xac, 0xac, 0xbb, 0xbc, 0xbb, 0xbc, 0xbc,
  0x24, 0x33, 0x34, 0x33, 0x34, 0x34, 0x33, 0x34, 0xcb, 0xcb, 0xbb, 0xcb, 0xcb, 0xbb, 0xcb, 0x0b,
  0x40, 0xed, 0x2e, 0x00, 0x00, 0x01, 0x24, 0x24, 0x33, 0x34, 0x33, 0x34, 0x34, 0x33, 0xbc, 0xcb,
  0xcb, 0xbb, 0xcb, 0xcb, 0xbb, 0xcb, 0x33, 0x34, 0x34, 0x33, 0x34, 0x34, 0x33, 0x34, 0xcb, 0xcb,
  0xca, 0xba, 0xcb, 0xbb, 0xcb, 0xcb, 0x33, 0x24, 0x24, 0x33, 0x34, 0x33, 0x34, 0x34, 0xcb, 0xbb,
  0xac, 0xac, 0xbb, 0xbc, 0xbb, 0xbc, 0x43, 0x43, 0x33, 0x43, 0x43, 0x33, 0x43, 0x43, 0xbb, 0xcb,
  0xac, 0xbb, 0xac, 0xac, 0xbb, 0xbc, 0x24, 0x33, 0x34, 0x33, 0x34, 0x34, 0x33, 0x34, 0xcb, 0xcb,
  0xbb, 0xcb, 0xcb, 0xbb, 0xcb, 0xcb, 0x33, 0x43, 0x43, 0x33, 0x24, 0x24, 0x33, 0x34, 0xac, 0xbb,
  0xbc, 0xbb, 0xbc, 0xbc, 0xbb, 0xbc, 0x43, 0x43, 0x33, 0x43, 0x43, 0x33, 0x43, 0x43, 0xbb, 0xac,
  0xac, 0xbb, 0xbc, 0xbb, 0xbc, 0xbc, 0x24, 0x33, 0x34, 0x33, 0x34, 0x34, 0x33, 0x34, 0xcb, 0xcb,
  0xbb, 0xcb, 0xcb, 0xbb, 0xcb, 0x0b, 0x40, 0xed, 0x2e, 0x00, 0x00, 0x01, 0x24, 0x24, 0x33, 0x34,
  0x33, 0x34, 0x34, 0x33, 0xbc, 0xcb, 0xcb, 0xbb, 0xcb, 0xcb, 0xbb, 0xcb, 0x33, 0x34, 0x34, 0x33,
  0x34, 0x34, 0x33, 0x34, 0xcb, 0xcb, 0xca, 0xba, 0xcb, 0xbb, 0xcb, 0xcb, 0x33, 0x24, 0x24, 0x33,
  0x34, 0x33, 0x34, 0x34, 0xcb, 0xbb, 0xac, 0xac, 0xbb, 0xbc, 0xbb, 0xbc, 0x43, 0x43, 0x33, 0x43,
  0x43, 0x33, 0x43, 0x43, 0xbb, 0xcb, 0xac, 0xbb, 0xac, 0xac, 0xbb, 0xbc, 0x24, 0x33, 0x34, 0x33,
  0x34, 0x34, 0x33, 0x34, 0xcb, 0xcb, 0xbb, 0xcb, 0xcb, 0xbb, 0xcb, 0xcb, 0x33, 0x43, 0x43, 0x33,
  0x24, 0x24, 0x33, 0x34, 0xac, 0xbb, 0xbc, 0xbb, 0xbc, 0xbc, 0xbb, 0xbc, 0x43, 0x43, 0x33, 0x43,
  0x43, 0x33, 0x43, 0x43, 0xbb, 0xac, 0xac, 0xbb, 0xbc, 0xbb, 0xbc, 0xbc, 0x24, 0x33, 0x34, 0x33,
  0x34, 0x34, 0x33, 0x34, 0xcb, 0xcb, 0xbb, 0xcb, 0xcb, 0xbb, 0xcb, 0x0b, 0x40, 0xed, 0x2e, 0x00,
  0x00, 0x01, 0x24, 0x24, 0x33, 0x34, 0x33, 0x34, 0x34, 0x33, 0xbc, 0xcb, 0xcb, 0xbb, 0xcb, 0xcb,
  0xbb, 0xcb, 0x33, 0x34, 0x34, 0x33, 0x34, 0x34, 0x33, 0x34, 0xcb, 0xcb, 0xca, 0xba, 0xcb, 0xbb,
  0xcb, 0xcb, 0x33, 0x24, 0x24, 0x33, 0x34, 0x33, 0x34, 0x34, 0xcb, 0xbb, 0xac, 0xac, 0xbb, 0xbc,
  0xbb, 0xbc, 0x34, 0x33, 0x34, 0x24, 0x33, 0x34, 0x33, 0x34, 0xbc, 0xbb, 0xbc, 0xcb, 0xbb, 0xac,
  0xcb, 0xba, 0x43, 0x43, 0x32, 0x24, 0x33, 0x43, 0x33, 0x43, 0xcb, 0xbb, 0xbc, 0xbb, 0xbc, 0xbb,
  0xbc, 0xbb, 0x44, 0x33, 0x43, 0x42, 0x32, 0x32, 0x24, 0x33, 0xbc, 0xac, 0xcb, 0xba, 0xbb, 0xcb,
  0xbb, 0xcb, 0x34, 0x33, 0x43, 0x33, 0x24, 0x33, 0x43, 0x32, 0xbc, 0xbc, 0xba, 0xac, 0xab, 0xbb,
  0xbb, 0xbb, 0x36, 0x33, 0x43, 0x32, 0x23, 0x23, 0x23, 0x22, 0xbe, 0xbb, 0xba, 0xaa, 0x9a, 0x88,
  0x21, 0x03, 0x00, 0x00, 0x00, 0x00, 0x11, 0x00, 0x00, 0x01, 0x9b, 0x99, 0x11, 0x63, 0x63, 0x43,
  0x34, 0x35, 0xa9, 0xba, 0xbc, 0xbd, 0xbc, 0xbc, 0xbd, 0xcb, 0x22, 0x43, 0x33, 0x44, 0x43, 0x33,
  0x35, 0x43, 0xba, 0xcb, 0xbb, 0xcc, 0xbb, 0xbc, 0xbc, 0xbc, 0x33, 0x43, 0x34, 0x33, 0x35, 0x43,
  0x33, 0x25, 0xba, 0xcb, 0xcb, 0xbb, 0xbc, 0xbc, 0xcb, 0xcb, 0x32, 0x24, 0x24, 0x33, 0x34, 0x34,
  0x43, 0x33, 0xcb, 0xcb, 0xbb, 0xbc, 0xbc, 0xcb, 0xbb, 0xbc, 0x33, 0x25, 0x24, 0x33, 0x34, 0x43,
  0x43, 0x33, 0xcb, 0xcb, 0xca, 0xba, 0xac, 0xac, 0xbb, 0xbc, 0x43, 0x33, 0x43, 0x43, 0x33, 0x43,
  0x43, 0x33, 0xac, 0xac, 0xbb, 0xbc, 0xbb, 0xbc, 0xbc, 0xbb, 0x34, 0x43, 0x43, 0x33, 0x43, 0x43,
  0x33, 0x43, 0xbb, 0xbc, 0xbc, 0xbb, 0xbc, 0xbc, 0xbb, 0xbc, 0x43, 0x43, 0x42, 0x32, 0x43, 0x33,
  0x43, 0x43, 0xbb, 0xac, 0xac, 0xbb, 0xbc, 0xbb, 0xbc, 0x0c, 0x40, 0xed, 0x2e, 0x00, 0x00, 0x01,
  0x24, 0x24, 0x33, 0x34, 0x33, 0x34, 0x34, 0x33, 0xbc, 0xcb, 0xcb, 0xbb, 0xcb, 0xcb, 0xbb, 0xcb,
  0x33, 0x34, 0x34, 0x33, 0x34, 0x34, 0x33, 0x34, 0xcb, 0xcb, 0xca, 0xba, 0xcb, 0xbb, 0xcb, 0xcb,
  0x33, 0x24, 0x24, 0x33, 0x34, 0x33, 0x34, 0x34, 0xcb, 0xbb, 0xac, 0xac, 0xbb, 0xbc, 0xbb, 0xbc,
  0x43, 0x43, 0x33, 0x43, 0x43, 0x33, 0x43, 0x43, 0xbb, 0xcb, 0xac, 0xbb, 0xac, 0xac, 0xbb, 0xbc,
  0x24, 0x33, 0x34, 0x33, 0x34, 0x34, 0x33, 0x34, 0xcb, 0xcb, 0xbb, 0xcb, 0xcb, 0xbb, 0xcb, 0xcb,
  0x33, 0x43, 0x43, 0x33, 0x24, 0x24, 0x33, 0x34, 0xac, 0xbb, 0xbc, 0xbb, 0xbc, 0xbc, 0xbb, 0xbc,
  0x43, 0x43, 0x33, 0x43, 0x43, 0x33, 0x43, 0x43, 0xbb, 0xac, 0xac, 0xbb, 0xbc, 0xbb, 0xbc, 0xbc,
  0x24, 0x33, 0x34, 0x33, 0x34, 0x34, 0x33, 0x34, 0xcb, 0xcb, 0xbb, 0xcb, 0xcb, 0xbb, 0xcb, 0x0b,
  0x40, 0xed, 0x2e, 0x00, 0x00, 0x01, 0x24, 0x24, 0x33, 0x34, 0x33, 0x34, 0x34, 0x33, 0xbc, 0xcb,
  0xcb, 0xbb, 0xcb, 0xcb, 0xbb, 0xcb, 0x33, 0x34, 0x34, 0x33, 0x34, 0x34, 0x33, 0x34, 0xcb, 0xcb,
  0xca, 0xba, 0xcb, 0xbb, 0xcb, 0xcb, 0x33, 0x24, 0x24, 0x33, 0x34, 0x33, 0x34, 0x34, 0xcb, 0xbb,
  0xac, 0xac, 0xbb, 0xbc, 0xbb, 0xbc, 0x43, 0x43, 0x33, 0x43, 0x43, 0x33, 0x43, 0x43, 0xbb, 0xcb,
  0xac, 0xbb, 0xac, 0xac, 0xbb, 0xbc, 0x24, 0x33, 0x34, 0x33, 0x34, 0x34, 0x33, 0x34, 0xcb, 0xcb,
  0xbb, 0xcb, 0xcb, 0xbb, 0xcb, 0xcb, 0x33, 0x43, 0x43, 0x33, 0x24, 0x24, 0x33, 0x34, 0xac, 0xbb,
  0xbc, 0xbb, 0xbc, 0xbc, 0xbb, 0xbc, 0x43, 0x43, 0x33, 0x43, 0x43, 0x33, 0x43, 0x43, 0xbb, 0xac,
  0xac, 0xbb, 0xbc, 0xbb, 0xbc, 0xbc, 0x24, 0x33, 0x34, 0x33, 0x34, 0x34, 0x33, 0x34, 0xcb, 0xcb,
  0xbb, 0xcb, 0xcb, 0xbb, 0xcb, 0x0b, 0x40, 0xed, 0x2e, 0x00, 0x00, 0x01, 0x24, 0x24, 0x33, 0x34,
  0x33, 0x34, 0x34, 0x33, 0xbc, 0xcb, 0xcb, 0xbb, 0xcb, 0xcb, 0xbb, 0xcb, 0x33, 0x34, 0x34, 0x33,
  0x34, 0x34, 0x33, 0x34, 0xcb, 0xcb, 0xca, 0xba, 0xcb, 0xbb, 0xcb, 0xcb, 0x33, 0x24, 0x24, 0x33,
  0x34, 0x33, 0x34, 0x34, 0xcb, 0xbb, 0xac, 0xac, 0xbb, 0xbc, 0xbb, 0xbc, 0x43, 0x43, 0x33, 0x43,
  0x43, 0x33, 0x43, 0x43, 0xbb, 0xcb, 0xac, 0xbb, 0xac, 0xac, 0xbb, 0xbc, 0x24, 0x33, 0x34, 0x33,
  0x34, 0x34, 0x33, 0x34, 0xcb, 0xcb, 0xbb, 0xcb, 0xcb, 0xbb, 0xcb, 0xcb, 0x33, 0x43, 0x43, 0x33,
  0x24, 0x24, 0x33, 0x34, 0xac, 0xbb, 0xbc, 0xbb, 0xbc, 0xbc, 0xbb, 0xbc, 0x43, 0x43, 0x33, 0x43,
  0x43, 0x33, 0x43, 0x43, 0xbb, 0xac, 0xac, 0xbb, 0xbc, 0xbb, 0xbc, 0xbc, 0x24, 0x33, 0x34, 0x33,
  0x34, 0x34, 0x33, 0x34, 0xcb, 0xcb, 0xbb, 0xcb, 0xcb, 0xbb, 0xcb, 0x0b, 0x40, 0xed, 0x2e, 0x00,
  0x00, 0x01, 0x24, 0x24, 0x33, 0x34, 0x33, 0x34, 0x34, 0x33, 0xbc, 0xcb, 0xcb, 0xbb, 0xcb, 0xcb,
  0xbb, 0xcb, 0x33, 0x34, 0x34, 0x33, 0x34, 0x34, 0x33, 0x34, 0xcb, 0xcb, 0xca, 0xba, 0xcb, 0xbb,
  0xcb, 0xcb, 0x33, 0x24, 0x24, 0x33, 0x34, 0x33, 0x34, 0x34, 0xcb, 0xbb, 0xac, 0xac, 0xbb, 0xbc,
  0xbb, 0xbc, 0x34, 0x33, 0x34, 0x24, 0x33, 0x34, 0x33, 0x34, 0xbc, 0xbb, 0xbc, 0xcb, 0xbb, 0xac,
  0xcb, 0xba, 0x43, 0x43, 0x32, 0x24, 0x33, 0x43, 0x33, 0x43, 0xcb, 0xbb, 0xbc, 0xbb, 0xbc, 0xbb,
  0xbc, 0xbb, 0x44, 0x33, 0x43, 0x42, 0x32, 0x32, 0x24, 0x33, 0xbc, 0xac, 0xcb, 0xba, 0xbb, 0xcb,
  0xbb, 0xcb, 0x34, 0x33, 0x43, 0x33, 0x24, 0x33, 0x43, 0x32, 0xbc, 0xbc, 0xba, 0xac, 0xab, 0xbb,
  0xbb, 0xbb, 0x36, 0x33, 0x43, 0x32, 0x23, 0x23, 0x23, 0x22, 0xbe, 0xbb, 0xba, 0xaa, 0x9a, 0x88,
  0x21, 0x03, 0x00, 0x00, 0x45, 0x4e, 0x44, 0x31, 0x01, 0x00, 0x28, 0x00, 0xc6, 0x83, 0x86, 0x56,
  0xeb, 0x01, 0xad, 0x8c, 0xe8, 0x45, 0x34, 0x01, 0xee, 0xe3, 0x13, 0xcf, 0xfc, 0x2e, 0x75, 0x0d,
  0x9d, 0x10, 0x6b, 0x4b, 0x81, 0xb8, 0xb1, 0xbd, 0x44, 0xb9, 0xb2, 0x2e,
};
const uint32_t g_ps_object_development_egg_size = sizeof(g_ps_object_development_egg);
